{"contents":{"f9d29d37-15fa-4a33-a925-ba7ee341e221":{"classDefinition":"sap.modeling.bpmn.Model","name":"f9d29d37-15fa-4a33-a925-ba7ee341e221","displayName":"f9d29d37-15fa-4a33-a925-ba7ee341e221","graph":"37989b24-8397-4fc9-807c-1221ae446426","pools":{"79891f66-dd2c-4f16-bb20-f2d43e6de901":{"name":"79891f66-dd2c-4f16-bb20-f2d43e6de901"}},"lanes":{"ef8274bd-091d-4503-a25c-609d8ff72622":{"name":"ef8274bd-091d-4503-a25c-609d8ff72622"},"35ff7fb7-0f1c-4030-b36f-f1ce726ba197":{"name":"35ff7fb7-0f1c-4030-b36f-f1ce726ba197"},"bb8610d3-afbf-4daf-95d6-c5552518d835":{"name":"bb8610d3-afbf-4daf-95d6-c5552518d835"},"d7a078a7-10ec-4b77-bb7b-cfa053a89f0f":{"name":"d7a078a7-10ec-4b77-bb7b-cfa053a89f0f"}},"activities":{"bcaeca5c-3313-448a-b394-8d0f8af6d60c":{"name":"bcaeca5c-3313-448a-b394-8d0f8af6d60c"},"edca99ce-5c44-4cb8-84d9-b68bfffc732a":{"name":"edca99ce-5c44-4cb8-84d9-b68bfffc732a"},"8a4cf9ab-9edb-486d-a2db-4b800d48e271":{"name":"8a4cf9ab-9edb-486d-a2db-4b800d48e271"},"848da453-2176-4ea2-94c2-8ebd4a9cedba":{"name":"848da453-2176-4ea2-94c2-8ebd4a9cedba"},"f36a4adf-5ac4-404a-a6b2-c34b315a1fa1":{"name":"f36a4adf-5ac4-404a-a6b2-c34b315a1fa1"},"f2dc553e-3edd-43f0-9380-227838362e27":{"name":"f2dc553e-3edd-43f0-9380-227838362e27"},"ab7e0af0-3dae-4814-84df-95e5b910672e":{"name":"ab7e0af0-3dae-4814-84df-95e5b910672e"}},"subProcesses":{"9187ff70-a389-4b5e-856e-1918e0475088":{"name":"SubProcess1"}},"events":{"4ba4ecda-00ee-4cff-a46d-6885d17b8b00":{"name":"4ba4ecda-00ee-4cff-a46d-6885d17b8b00"},"36e735b3-3da1-44c0-ae51-732358ba3d65":{"name":"EndEvent1"}},"artifacts":{"104ed99f-dc12-482d-a7d2-9efc795beba8":{"name":"Annotation1"},"e9aa0f56-49b6-41f2-b6c6-593f8261aa9e":{"name":"Annotation2"},"10e8e554-7433-4a79-939c-8bd96b238e12":{"name":"Annotation3"},"4184b30e-3d0f-406e-9375-336a84083517":{"name":"Annotation4"},"f3a78529-a483-4318-b7bc-34fa1829621d":{"name":"Artifact1"},"a44ee246-19bc-40b9-84ca-dcdf58ea5713":{"name":"Artifact2"},"cd5c4c19-c127-4fc5-bf1b-cbfc33c480dd":{"name":"Artifact3"},"90a3f47e-803d-4c51-a61c-61f15139e71f":{"name":"Artifact4"},"59bd9e8b-1e52-4126-9634-050cb3d1a945":{"name":"Artifact5"},"3fed7f42-e4e2-407b-974d-28526a2f4185":{"name":"Artifact6"},"f10f7823-56b0-4be6-b571-937626aa5806":{"name":"Artifact7"},"fb2a5a1b-4fda-49d1-8dfe-aca0c9cac4e1":{"name":"Artifact8"},"ed596532-e869-4bd8-b6c8-6ecd7fc76141":{"name":"Artifact9"},"477989d1-c4a5-44c7-a0be-0c290201205a":{"name":"Artifact10"},"8e67a67a-3aeb-4806-93e9-48afd8830172":{"name":"Artifact11"},"9268a86f-4aa0-48fa-bc0d-3984680c2318":{"name":"Artifact12"},"5fd98236-0c33-42a4-8f1b-551b208a9bae":{"name":"Artifact13"},"c2b74666-fc82-4e06-a9e9-7d0033ee5ccf":{}},"gateways":{"348f0ecb-6fd7-4c92-918a-01996d3f7000":{"name":"Gateway1"}},"sequenceFlows":{"3a0a730f-3ab6-49a0-b986-4b0863d27738":{"name":"SequenceFlow1"},"8d9b9ed3-f7df-433b-a9dd-3056b4a4ece9":{"name":"8d9b9ed3-f7df-433b-a9dd-3056b4a4ece9"},"50894a41-d5ea-458f-8bf7-95247588170a":{"name":"50894a41-d5ea-458f-8bf7-95247588170a"},"ef016847-0d96-4319-9ada-3d310507fd37":{"name":"SequenceFlow2"},"70d5c2bc-ae0e-493a-86aa-042496e3dd08":{"name":"70d5c2bc-ae0e-493a-86aa-042496e3dd08"},"0e9fc530-5346-40bd-9c8f-aac9fe619231":{"name":"0e9fc530-5346-40bd-9c8f-aac9fe619231"},"81b79da7-431a-4ac8-89b2-a6ab36b233dc":{"name":"81b79da7-431a-4ac8-89b2-a6ab36b233dc"},"bdc2afc0-40c2-4e40-94d1-d8bd967f0ac8":{"name":"bdc2afc0-40c2-4e40-94d1-d8bd967f0ac8"},"24ef0aa1-3140-4610-85db-12cec54f202c":{"name":"SequenceFlow3"},"1035dba9-04bb-45da-a0d7-a4281a510a6e":{"name":"SequenceFlow4"}},"associations":{"68d5d4b8-8139-4704-bbf4-757f3b1e4ad0":{"name":"Association1"},"20301125-787b-494d-8384-4192c86dbe8b":{"name":"Association3"},"8fe39c8c-4cf3-4de6-a6e2-adcbb591b7fd":{"name":"Association4"}},"diagrams":{"2e5bb5ff-b2ce-4a5e-a91f-c0e138859dbe":{"name":"2e5bb5ff-b2ce-4a5e-a91f-c0e138859dbe"},"6b18ad99-86d2-49ad-94ef-3c6bf28a838a":{}}},"79891f66-dd2c-4f16-bb20-f2d43e6de901":{"classDefinition":"sap.modeling.bpmn.Pool","PoolID":"0A491FA9DB571ED6A3F5B03833CDA209","CategoryValue":"","Name":".E2E_OTC_Sale-from-Stock Sales Agent","ModelUID":"4W0WwZb37jUsifXMuRf7fG","GraphInfo":{"GraphConcept":"Pool","GraphDecorator":{"Decorator1":"","Decorator2":"","Decorator3":"","IsAdHoc":false,"IsCollapsed":false,"IsNonInterrupting":false,"IsComplex":false}},"ParentID":"120020EA39431ED7B6B2A61736BFE7AD","NodeContext":{"Para1":"4W0WwZb37jUtXOFZzTk7WG","Para2":"OHUgVZWE7{2XbBdHOopsb0","Para3":"X","Para4":"","Para5":"00000000000000000000000000000000"},"ProviderFilter":"SMUD","OdataFilter":"BPMN","RefUID":"","GraphType":{"SubType":"ROLE","Type":"PROC","ExtType":""},"Language":"EN","Description":"","ParentModelUID":"120020EA39431ED7B6B2A61736BFE7AD","IsDisplayed":false,"SenderID":"","ReceiverID":"","Authorisations":{"Entity":{"Read":true,"Change":false,"Delete":false,"Create":false},"Reference":{"Read":false,"Change":false,"Delete":false,"Create":false}},"name":"79891f66-dd2c-4f16-bb20-f2d43e6de901","displayName":"E2E_OTC_Sale-from-Stock Internet Sales","MarkSet":{"d4769422-c949-47bf-a183-7268a8829ee4":{},"8c8b42a0-a4c8-4af3-9e0c-d3b5575c773c":{},"1f422df3-c33d-4fd0-bce3-815838efc1df":{},"26721fa3-cb00-4e9e-81d0-a01e6e3180f4":{},"20e74d1f-b258-4b88-a1d6-a07cf3f365d4":{}}},"ef8274bd-091d-4503-a25c-609d8ff72622":{"classDefinition":"sap.modeling.bpmn.Lane","propertyName":"RoleID","LaneID":"0A491FA9DB571ED6A3F5B03833F94209","CategoryValue":"","Name":"Internal Sales Representative","ModelUID":"OHUgVZWE7{2XbHBYxoIUdm","GraphInfo":{"GraphConcept":"Lane","GraphDecorator":{"Decorator1":"","Decorator2":"","Decorator3":"","IsAdHoc":false,"IsCollapsed":false,"IsNonInterrupting":false,"IsComplex":false}},"ParentID":"0A491FA9DB571ED6A3F5B03833CDA209","NodeContext":{"Para1":"4W0WwZb37jUtXOFZzTk7WG","Para2":"OHUgVZWE7{2XbBdHOopsb0","Para3":"X","Para4":"","Para5":"00000000000000000000000000000000"},"ProviderFilter":"SMUD","OdataFilter":"BPMN","RefUID":"OHUgVZWE7{2XbHBYxoIUdm","GraphType":{"SubType":"ROLE","Type":"PROC","ExtType":""},"Language":"EN","Description":"","ParentModelUID":"4W0WwZb37jUsifXMuRf7fG","IsDisplayed":false,"SystemID":"","RoleID":"","OrganizationID":"","Authorisations":{"Entity":{"Read":true,"Change":true,"Delete":true,"Create":true},"Reference":{"Read":true,"Change":true,"Delete":true,"Create":true}},"name":"ef8274bd-091d-4503-a25c-609d8ff72622","displayName":"Internal Sales Representative"},"35ff7fb7-0f1c-4030-b36f-f1ce726ba197":{"classDefinition":"sap.modeling.bpmn.Lane","propertyName":"RoleID","LaneID":"9I9scKNdKNRjDlMLCDvvT3yoKzW6p4mX","CategoryValue":"","Name":"Billing Clerk","ModelUID":"OHUgVZWE7{2XbHBYxoC{dm","GraphInfo":{"GraphConcept":"Lane","GraphDecorator":{"Decorator1":"","Decorator2":"","Decorator3":"","IsAdHoc":false,"IsCollapsed":false,"IsNonInterrupting":false,"IsComplex":false}},"ParentID":"0A491FA9DB571ED6A3F5B03833CDA209","NodeContext":{"Para1":"4W0WwZb37jUtXOFZzTk7WG","Para2":"OHUgVZWE7{2XbBdHOopsb0","Para3":"X","Para4":"","Para5":"00000000000000000000000000000000"},"ProviderFilter":"SMUD","OdataFilter":"BPMN","RefUID":"OHUgVZWE7{2XbHBYxoC{dm","GraphType":{"Type":"PROC","SubType":"ROLE","ExtType":""},"Language":"EN","Description":"","ParentModelUID":"4W0WwZb37jUsifXMuRf7fG","IsDisplayed":false,"SystemID":"","RoleID":"","OrganizationID":"","Authorisations":{"Entity":{"Read":true,"Change":true,"Delete":true,"Create":true},"Reference":{"Read":true,"Change":true,"Delete":true,"Create":true}},"name":"35ff7fb7-0f1c-4030-b36f-f1ce726ba197","displayName":"Billing Clerk"},"bb8610d3-afbf-4daf-95d6-c5552518d835":{"classDefinition":"sap.modeling.bpmn.Lane","propertyName":"RoleID","LaneID":"RqDjEfaEEBc5aKs6TsE3Kc4LV8NFpLSl","CategoryValue":"","Name":"Accounts Receivable Clerk","ModelUID":"OHUgVZWE7{2XbHBYxocUdm","GraphInfo":{"GraphConcept":"Lane","GraphDecorator":{"Decorator1":"","Decorator2":"","Decorator3":"","IsAdHoc":false,"IsCollapsed":false,"IsNonInterrupting":false,"IsComplex":false}},"ParentID":"0A491FA9DB571ED6A3F5B03833CDA209","NodeContext":{"Para1":"4W0WwZb37jUtXOFZzTk7WG","Para2":"OHUgVZWE7{2XbBdHOopsb0","Para3":"X","Para4":"","Para5":"00000000000000000000000000000000"},"ProviderFilter":"SMUD","OdataFilter":"BPMN","RefUID":"OHUgVZWE7{2XbHBYxocUdm","GraphType":{"Type":"PROC","SubType":"ROLE","ExtType":""},"Language":"EN","Description":"","ParentModelUID":"4W0WwZb37jUsifXMuRf7fG","IsDisplayed":false,"SystemID":"","RoleID":"","OrganizationID":"","Authorisations":{"Entity":{"Read":true,"Change":true,"Delete":true,"Create":true},"Reference":{"Read":true,"Change":true,"Delete":true,"Create":true}},"name":"bb8610d3-afbf-4daf-95d6-c5552518d835","displayName":"Accounts Receivable Clerk"},"d7a078a7-10ec-4b77-bb7b-cfa053a89f0f":{"classDefinition":"sap.modeling.bpmn.Lane","propertyName":"RoleID","LaneID":"ELUTKvctYuESVBkMiaR1WiiMym7zjr3F","CategoryValue":"","Name":"Advanced Shipping Specialist","ModelUID":"6117AA7E380E1FE0A19512E2EF229E9F","GraphInfo":{"GraphConcept":"Lane","GraphDecorator":{"Decorator1":"","Decorator2":"","Decorator3":"","IsAdHoc":false,"IsCollapsed":false,"IsNonInterrupting":false,"IsComplex":false}},"ParentID":"0A491FA9DB571ED6A3F5B03833CDA209","NodeContext":{"Para1":"4W0WwZb37jUtXOFZzTk7WG","Para2":"OHUgVZWE7{2XbBdHOopsb0","Para3":"X","Para4":"","Para5":"00000000000000000000000000000000"},"ProviderFilter":"SMUD","OdataFilter":"BPMN","RefUID":"6117AA7E380E1FE0A19512E2EF229E9F","GraphType":{"Type":"PROC","SubType":"ROLE","ExtType":""},"Language":"EN","Description":"","ParentModelUID":"4W0WwZb37jUsifXMuRf7fG","IsDisplayed":false,"SystemID":"","RoleID":"","OrganizationID":"","Authorisations":{"Entity":{"Read":true,"Change":true,"Delete":true,"Create":true},"Reference":{"Read":true,"Change":true,"Delete":true,"Create":true}},"name":"d7a078a7-10ec-4b77-bb7b-cfa053a89f0f","displayName":"Advanced Shipping Specialist"},"bcaeca5c-3313-448a-b394-8d0f8af6d60c":{"classDefinition":"sap.modeling.bpmn.Task","type":"user","loopType":null,"startQuantity":null,"completionQuantity":null,"isForCompensation":false,"implementation":null,"script":null,"scriptFormat":null,"instantiate":false,"ProcessModelUID":"4W0WwZb37jUsifXMuRf7fG","ActivityID":"IALWF2af3OURrm9VxFkOO2lz8bvu5aZf","CategoryValue":"","Name":"Sales Order Entry","ModelUID":"4W0WwZb37jUsifXMuRe7fG","GraphInfo":{"GraphConcept":"Task","GraphDecorator":{"Decorator1":"User","Decorator2":"","Decorator3":"","IsAdHoc":false,"IsCollapsed":false,"IsNonInterrupting":false,"IsComplex":false}},"ParentID":"0A491FA9DB571ED6A3F5B03833CDA209","RoleID":"","SystemID":"MEL2U7RYBYP6BIMUX3O74TOW3I","OrganizationID":"","NodeContext":{"Para1":"4W0WwZb37jUtXOFZzTk7WG","Para2":"OHUgVZWE7{2XbBdHOopsb0","Para3":"X","Para4":"","Para5":"00000000000000000000000000000000"},"ProviderFilter":"SMUD","OdataFilter":"BPMN","RefUID":"4W0WwZb37jUsifXMuQH7fG","GraphType":{"Type":"PROC","SubType":"ROLE","ExtType":""},"Language":"EN","Description":"","ParentModelUID":"4W0WwZb37jUsifXMuRf7fG","IsDisplayed":false,"Authorisations":{"Entity":{"Read":true,"Change":true,"Delete":true,"Create":true},"Reference":{"Read":true,"Change":true,"Delete":true,"Create":true}},"name":"bcaeca5c-3313-448a-b394-8d0f8af6d60c","displayName":"Sales Order Entry","MarkSet":{"b91b0bd8-081c-490e-9283-78ed16c61311":{},"831d1ecd-89bb-4e64-8d23-cc5ec20fae54":{},"359262d0-6465-4ba3-97ce-903c918ffa04":{},"05a5d9ec-a70f-4f36-9aa4-b557c06ac923":{},"8de23fab-b789-46c5-ad18-a33ed2fbfa6d":{},"6e380d5a-3440-43b8-beab-d1810870ad4d":{},"c7e23302-de67-43dd-a47d-891c33a7e73d":{}}},"edca99ce-5c44-4cb8-84d9-b68bfffc732a":{"classDefinition":"sap.modeling.bpmn.Task","type":"user","loopType":null,"startQuantity":null,"completionQuantity":null,"isForCompensation":false,"implementation":null,"script":null,"scriptFormat":null,"instantiate":false,"ProcessModelUID":"4W0WwZb37jUsifXMuRf7fG","ActivityID":"X1p2QIkaob6GmPqU0J6YQGiw2CjTMerY","CategoryValue":"","Name":"Sales Quotation (optional)","ModelUID":"4W0WwZb37jUsifXMuRedfG","GraphInfo":{"GraphConcept":"Task","GraphDecorator":{"Decorator1":"User","Decorator2":"","Decorator3":"","IsAdHoc":false,"IsCollapsed":false,"IsNonInterrupting":false,"IsComplex":false}},"ParentID":"0A491FA9DB571ED6A3F5B03833CDA209","RoleID":"","SystemID":"MEL2U7RYBYP6BIMUX3O74TOW3I","OrganizationID":"","NodeContext":{"Para1":"4W0WwZb37jUtXOFZzTk7WG","Para2":"OHUgVZWE7{2XbBdHOopsb0","Para3":"X","Para4":"","Para5":"00000000000000000000000000000000"},"ProviderFilter":"SMUD","OdataFilter":"BPMN","RefUID":"4W0WwZb37jUsifXMuQOdfG","GraphType":{"Type":"PROC","SubType":"ROLE","ExtType":""},"Language":"EN","Description":"","ParentModelUID":"4W0WwZb37jUsifXMuRf7fG","IsDisplayed":false,"Authorisations":{"Entity":{"Read":true,"Change":true,"Delete":true,"Create":true},"Reference":{"Read":true,"Change":true,"Delete":true,"Create":true}},"name":"edca99ce-5c44-4cb8-84d9-b68bfffc732a","displayName":"Sales Quotation (optional)","MarkSet":{"dfefb5d3-43dd-4a56-a546-06d1140e147b":{},"7f6b4873-dc0c-4ac6-a7e6-e13d42ba2614":{},"c5291fc2-9a80-4a32-983b-d9804ff973a2":{},"6f89bb27-be01-4891-a7cb-98b26384a5b0":{}}},"8a4cf9ab-9edb-486d-a2db-4b800d48e271":{"classDefinition":"sap.modeling.bpmn.Task","type":"user","loopType":null,"startQuantity":null,"completionQuantity":null,"isForCompensation":false,"implementation":null,"script":null,"scriptFormat":null,"instantiate":false,"ProcessModelUID":"4W0WwZb37jUsifXMuRf7fG","ActivityID":"ttn0QqsutDCUcSAaT8DJBn2TumcvGB9u","CategoryValue":"","Name":"Review Sales Orders","ModelUID":"4W0WwZb37jUsifXMuRhdfG","GraphInfo":{"GraphConcept":"Task","GraphDecorator":{"Decorator1":"User","Decorator2":"","Decorator3":"","IsAdHoc":false,"IsCollapsed":false,"IsNonInterrupting":false,"IsComplex":false}},"ParentID":"0A491FA9DB571ED6A3F5B03833CDA209","RoleID":"","SystemID":"MEL2U7RYBYP6BIMUX3O74TOW3I","OrganizationID":"","NodeContext":{"Para1":"4W0WwZb37jUtXOFZzTk7WG","Para2":"OHUgVZWE7{2XbBdHOopsb0","Para3":"X","Para4":"","Para5":"00000000000000000000000000000000"},"ProviderFilter":"SMUD","OdataFilter":"BPMN","RefUID":"4W0WwZb37jUsifXMuUVdfG","GraphType":{"Type":"PROC","SubType":"ROLE","ExtType":""},"Language":"EN","Description":"","ParentModelUID":"4W0WwZb37jUsifXMuRf7fG","IsDisplayed":false,"Authorisations":{"Entity":{"Read":true,"Change":true,"Delete":true,"Create":true},"Reference":{"Read":true,"Change":true,"Delete":true,"Create":true}},"name":"8a4cf9ab-9edb-486d-a2db-4b800d48e271","displayName":"Review Sales Orders","MarkSet":{"ede075c2-88b3-4b0a-97b9-85ce912dbdc7":{},"089edabb-a0fb-4d5d-a63b-f882d7a153a7":{},"3e88a50c-c16b-4466-bd79-735b24cf7791":{},"2a38972e-d6a4-4c26-a73c-59107a8352dc":{},"fc07044a-43ed-4b96-b1fc-efcd9fd1f316":{},"2ed0169b-a2ae-4d05-a0d0-eb6e93de8b7c":{},"21550bcb-650a-4b12-af09-c3863c34289f":{}}},"848da453-2176-4ea2-94c2-8ebd4a9cedba":{"classDefinition":"sap.modeling.bpmn.Task","type":"user","loopType":null,"startQuantity":null,"completionQuantity":null,"isForCompensation":false,"implementation":null,"script":null,"scriptFormat":null,"instantiate":false,"ProcessModelUID":"4W0WwZb37jUsifXMuRf7fG","ActivityID":"LtcGx9D3NZZDEnp8GVS9QCmTdT8FPeRC","CategoryValue":"","Name":"Delivery Creation","ModelUID":"4W0WwZb37jUsifXMuRcdfG","GraphInfo":{"GraphConcept":"Task","GraphDecorator":{"Decorator1":"User","Decorator2":"","Decorator3":"","IsAdHoc":false,"IsCollapsed":false,"IsNonInterrupting":false,"IsComplex":false}},"ParentID":"0A491FA9DB571ED6A3F5B03833CDA209","RoleID":"","SystemID":"MEL2U7RYBYP6BIMUX3O74TOW3I","OrganizationID":"","NodeContext":{"Para1":"4W0WwZb37jUtXOFZzTk7WG","Para2":"OHUgVZWE7{2XbBdHOopsb0","Para3":"X","Para4":"","Para5":"00000000000000000000000000000000"},"ProviderFilter":"SMUD","OdataFilter":"BPMN","RefUID":"4W0WwZb37jUsifXMuQLdfG","GraphType":{"Type":"PROC","SubType":"ROLE","ExtType":""},"Language":"EN","Description":"","ParentModelUID":"4W0WwZb37jUsifXMuRf7fG","IsDisplayed":false,"Authorisations":{"Entity":{"Read":true,"Change":true,"Delete":true,"Create":true},"Reference":{"Read":true,"Change":true,"Delete":true,"Create":true}},"name":"848da453-2176-4ea2-94c2-8ebd4a9cedba","displayName":"Delivery Creation","MarkSet":{"45109d3f-2a43-4f40-bbb2-d79f32f3eb43":{},"aa65a63c-c0b9-4ffe-9781-82d5b4a8a768":{},"bcb150a9-bd69-466f-b06b-63b1477ada31":{},"a80ebdfd-e81d-4081-98e9-b27eba0a942a":{}}},"f36a4adf-5ac4-404a-a6b2-c34b315a1fa1":{"classDefinition":"sap.modeling.bpmn.Task","type":"user","loopType":null,"startQuantity":null,"completionQuantity":null,"isForCompensation":false,"implementation":null,"script":null,"scriptFormat":null,"instantiate":false,"ProcessModelUID":"4W0WwZb37jUsifXMuRf7fG","ActivityID":"0A491FA9DB571ED6A3F5B03833D50209","CategoryValue":"","Name":"Adding Freight Costs in the Outbound Delivery (Optional)","ModelUID":"4W0WwZb37jUsifXMuRadfG","GraphInfo":{"GraphConcept":"Task","GraphDecorator":{"Decorator1":"User","Decorator2":"","Decorator3":"","IsAdHoc":false,"IsCollapsed":false,"IsNonInterrupting":false,"IsComplex":false}},"ParentID":"0A491FA9DB571ED6A3F5B03833CDA209","RoleID":"","SystemID":"MEL2U7RYBYP6BIMUX3O74TOW3I","OrganizationID":"","NodeContext":{"Para1":"4W0WwZb37jUtXOFZzTk7WG","Para2":"OHUgVZWE7{2XbBdHOopsb0","Para3":"X","Para4":"","Para5":"00000000000000000000000000000000"},"ProviderFilter":"SMUD","OdataFilter":"BPMN","RefUID":"4W0WwZb37jUsifXMuQK7fG","GraphType":{"Type":"PROC","SubType":"ROLE","ExtType":""},"Language":"EN","Description":"","ParentModelUID":"4W0WwZb37jUsifXMuRf7fG","IsDisplayed":false,"Authorisations":{"Entity":{"Read":true,"Change":true,"Delete":true,"Create":true},"Reference":{"Read":true,"Change":true,"Delete":true,"Create":true}},"name":"f36a4adf-5ac4-404a-a6b2-c34b315a1fa1","displayName":"Adding Freight Costs in the Outbound Delivery (Optional)","MarkSet":{"7a80753a-f8ae-4ebd-8ed3-07f59d41b898":{}}},"f2dc553e-3edd-43f0-9380-227838362e27":{"classDefinition":"sap.modeling.bpmn.Task","type":"user","loopType":null,"startQuantity":null,"completionQuantity":null,"isForCompensation":false,"implementation":null,"script":null,"scriptFormat":null,"instantiate":false,"ProcessModelUID":"4W0WwZb37jUsifXMuRf7fG","ActivityID":"MmefvQxa2xYvqTjs9UslaVUw9Hf1LG71","CategoryValue":"","Name":"Post Goods Issue","ModelUID":"4W0WwZb37jUsifXMuRddfG","GraphInfo":{"GraphConcept":"Task","GraphDecorator":{"Decorator1":"User","Decorator2":"","Decorator3":"","IsAdHoc":false,"IsCollapsed":false,"IsNonInterrupting":false,"IsComplex":false}},"ParentID":"0A491FA9DB571ED6A3F5B03833CDA209","RoleID":"","SystemID":"MEL2U7RYBYP6BIMUX3O74TOW3I","OrganizationID":"","NodeContext":{"Para1":"4W0WwZb37jUtXOFZzTk7WG","Para2":"OHUgVZWE7{2XbBdHOopsb0","Para3":"X","Para4":"","Para5":"00000000000000000000000000000000"},"ProviderFilter":"SMUD","OdataFilter":"BPMN","RefUID":"4W0WwZb37jUsifXMuQN7fG","GraphType":{"Type":"PROC","SubType":"ROLE","ExtType":""},"Language":"EN","Description":"","ParentModelUID":"4W0WwZb37jUsifXMuRf7fG","IsDisplayed":false,"Authorisations":{"Entity":{"Read":true,"Change":true,"Delete":true,"Create":true},"Reference":{"Read":true,"Change":true,"Delete":true,"Create":true}},"name":"f2dc553e-3edd-43f0-9380-227838362e27","displayName":"Post Goods Issue","MarkSet":{"1424cf8a-d8d5-48da-8787-b12f4419e19a":{},"cf559423-d05a-4220-8031-3b15b7db6d81":{},"8b4deeed-7364-4204-a1fa-90654f305396":{},"1041a095-6d00-4a28-8f4b-0a9196ebfc26":{},"326264c6-d78b-4831-b264-796738844d39":{}}},"ab7e0af0-3dae-4814-84df-95e5b910672e":{"classDefinition":"sap.modeling.bpmn.Task","type":"user","loopType":null,"startQuantity":null,"completionQuantity":null,"isForCompensation":false,"implementation":null,"script":null,"scriptFormat":null,"instantiate":false,"ProcessModelUID":"4W0WwZb37jUsifXMuRf7fG","ActivityID":"XB40ofR0lPFwCmRkRzuhvLvwkgLtlZO7","CategoryValue":"","Name":"Billing","ModelUID":"4W0WwZb37jUsifXMuRbdfG","GraphInfo":{"GraphConcept":"Task","GraphDecorator":{"Decorator1":"User","Decorator2":"","Decorator3":"","IsAdHoc":false,"IsCollapsed":false,"IsNonInterrupting":false,"IsComplex":false}},"ParentID":"0A491FA9DB571ED6A3F5B03833CDA209","RoleID":"","SystemID":"MEL2U7RYBYP6BIMUX3O74TOW3I","OrganizationID":"","NodeContext":{"Para1":"4W0WwZb37jUtXOFZzTk7WG","Para2":"OHUgVZWE7{2XbBdHOopsb0","Para3":"X","Para4":"","Para5":"00000000000000000000000000000000"},"ProviderFilter":"SMUD","OdataFilter":"BPMN","RefUID":"4W0WwZb37jUsifXMuQIdfG","GraphType":{"Type":"PROC","SubType":"ROLE","ExtType":""},"Language":"EN","Description":"","ParentModelUID":"4W0WwZb37jUsifXMuRf7fG","IsDisplayed":false,"Authorisations":{"Entity":{"Read":true,"Change":true,"Delete":true,"Create":true},"Reference":{"Read":true,"Change":true,"Delete":true,"Create":true}},"name":"ab7e0af0-3dae-4814-84df-95e5b910672e","displayName":"Billing","MarkSet":{"5b405534-d422-4b45-bd92-2438a0ebd683":{},"35c9eaa6-4f17-4abd-845a-4a2a66355c88":{},"6142f205-8d63-41b7-a92c-d1a480079b7c":{},"7ffd43f2-c9d4-4f46-b481-55348dd1675b":{}}},"9187ff70-a389-4b5e-856e-1918e0475088":{"classDefinition":"sap.modeling.bpmn.SubProcess","isEventBased":false,"isForCompensation":false,"SubProcessID":"RIyRLtLxLncXkngJ3ZEkW5iRbtCVx1BV","CategoryValue":"","Name":"01.01.01 Analysis of external environment","ModelUID":"Y3bFCDDNMGsY2zOimKuCAqGbR7JtlGdh","GraphInfo":{"GraphConcept":"Task","GraphDecorator":{"Decorator1":"","Decorator2":"","Decorator3":"","IsAdHoc":false,"IsCollapsed":false,"IsNonInterrupting":false,"IsComplex":false}},"ParentID":"","RoleID":"","SystemID":"","OrganizationID":"","IsCollapsed":false,"NodeContext":{"Para1":"4W0WwZb37jUtXOFZzTk7WG","Para2":"OHUgVZWE7{2XbBdHOopsb0","Para3":"X","Para4":"","Para5":"00000000000000000000000000000000"},"ProviderFilter":"SMUD","OdataFilter":"BPMN","RefUID":"","GraphType":{"SubType":"ROLE","Type":"PROC","ExtType":""},"Language":"EN","Description":"","ParentModelUID":"","IsDisplayed":true,"name":"SubProcess1","displayName":"Sub Process 1","ReferenceSet":{"5d30540f-cd3f-4bd2-ba18-4e4146d2c88e":{}}},"4ba4ecda-00ee-4cff-a46d-6885d17b8b00":{"classDefinition":"sap.modeling.bpmn.StartEvent","EventID":"1q2p5zKgwTpkWtkH0MPwcPjsP2QwrJqv","CategoryValue":"","Name":"Start Event","ModelUID":"1q2p5zKgwTpkWtkH0MPwcPjsP2QwrJqv","GraphInfo":{"GraphConcept":"StartEvent","GraphDecorator":{"Decorator1":"","Decorator2":"","Decorator3":"","IsAdHoc":false,"IsCollapsed":false,"IsNonInterrupting":false,"IsComplex":false}},"ParentID":"0A491FA9DB571ED6A3F5B03833CDA209","RoleID":"","SystemID":"","OrganizationID":"","NodeContext":{"Para1":"4W0WwZb37jUtXOFZzTk7WG","Para2":"OHUgVZWE7{2XbBdHOopsb0","Para3":"X","Para4":"","Para5":"00000000000000000000000000000000"},"ProviderFilter":"SMUD","OdataFilter":"BPMN","RefUID":"","GraphType":{"SubType":"ROLE","Type":"PROC","ExtType":""},"Language":"EN","Description":"","ParentModelUID":"4W0WwZb37jUsifXMuRf7fG","IsDisplayed":true,"SenderID":"","ReceiverID":"","name":"4ba4ecda-00ee-4cff-a46d-6885d17b8b00","displayName":"Start Event"},"36e735b3-3da1-44c0-ae51-732358ba3d65":{"classDefinition":"sap.modeling.bpmn.EndEvent","EventID":"iRwQ4qwRcEF4T5DFtuh6w37Mi7njPeBZ","CategoryValue":"","Name":"End Event","ModelUID":"KBgBGApL3rNQ5aWsdFyRM5WJOOt3sjM2","GraphInfo":{"GraphConcept":"EndEvent","GraphDecorator":{"Decorator1":"","Decorator2":"","Decorator3":"","IsAdHoc":false,"IsCollapsed":false,"IsNonInterrupting":false,"IsComplex":false}},"ParentID":"","RoleID":"","SystemID":"","OrganizationID":"","NodeContext":{"Para1":"4W0WwZb37jUtXOFZzTk7WG","Para2":"OHUgVZWE7{2XbBdHOopsb0","Para3":"X","Para4":"","Para5":"00000000000000000000000000000000"},"ProviderFilter":"SMUD","OdataFilter":"BPMN","RefUID":"","GraphType":{"SubType":"ROLE","Type":"PROC","ExtType":""},"Language":"EN","Description":"","ParentModelUID":"","IsDisplayed":true,"SenderID":"","ReceiverID":"","name":"EndEvent1","displayName":"End Event 1"},"104ed99f-dc12-482d-a7d2-9efc795beba8":{"classDefinition":"sap.modeling.bpmn.Annotation","ArtifactID":"3oWgQ3teDCUchQBPvf4EPAUz41ixduWI","CategoryValue":"","Name":"MaterialOrdering Initiated","Text":"MaterialOrdering Initiated","ModelUID":"57Gk3sMUbBiJOdVmcfQYPTyMQKd6ZX4M","GraphInfo":{"GraphConcept":"TextAnnotation","GraphDecorator":{"Decorator1":"","Decorator2":"","Decorator3":"","IsAdHoc":false,"IsCollapsed":false,"IsNonInterrupting":false,"IsComplex":false}},"ParentID":"","NodeContext":{"Para1":"4W0WwZb37jUtXOFZzTk7WG","Para2":"OHUgVZWE7{2XbBdHOopsb0","Para3":"X","Para4":"","Para5":"00000000000000000000000000000000"},"ProviderFilter":"SMUD","OdataFilter":"BPMN","RefUID":"","GraphType":{"SubType":"ROLE","Type":"PROC","ExtType":""},"Language":"EN","Description":"","ParentModelUID":"","ProcessModelUID":"4W0WwZb37jUsifXMuRf7fG","IsDisplayed":true,"RoleID":"","SystemID":"","OrganizationID":"","SenderID":"","ReceiverID":"","name":"Annotation1","displayName":"Annotation 1"},"e9aa0f56-49b6-41f2-b6c6-593f8261aa9e":{"classDefinition":"sap.modeling.bpmn.Annotation","ArtifactID":"Jlz3LkrN1hu9Q7dupVhMOR8QwqaxhYxQ","CategoryValue":"","Name":"Sales Quotation?","Text":"Sales Quotation?","ModelUID":"RZIYu3kAfAyAJJKerjZEK3NG9ieqAeVm","GraphInfo":{"GraphConcept":"TextAnnotation","GraphDecorator":{"Decorator1":"","Decorator2":"","Decorator3":"","IsAdHoc":false,"IsCollapsed":false,"IsNonInterrupting":false,"IsComplex":false}},"ParentID":"","NodeContext":{"Para1":"4W0WwZb37jUtXOFZzTk7WG","Para2":"OHUgVZWE7{2XbBdHOopsb0","Para3":"X","Para4":"","Para5":"00000000000000000000000000000000"},"ProviderFilter":"SMUD","OdataFilter":"BPMN","RefUID":"","GraphType":{"SubType":"ROLE","Type":"PROC","ExtType":""},"Language":"EN","Description":"","ParentModelUID":"","ProcessModelUID":"4W0WwZb37jUsifXMuRf7fG","IsDisplayed":true,"RoleID":"","SystemID":"","OrganizationID":"","SenderID":"","ReceiverID":"","name":"Annotation2","displayName":"Annotation 2"},"10e8e554-7433-4a79-939c-8bd96b238e12":{"classDefinition":"sap.modeling.bpmn.Annotation","ArtifactID":"BUUjCrcmKYpqj5pSqZO9FZ5cxDnX8mVP","CategoryValue":"","Name":"Yes","Text":"Yes","ModelUID":"seIG8whWVRXjE1GWAZC3krhchV5DWaWj","GraphInfo":{"GraphConcept":"TextAnnotation","GraphDecorator":{"Decorator1":"","Decorator2":"","Decorator3":"","IsAdHoc":false,"IsCollapsed":false,"IsNonInterrupting":false,"IsComplex":false}},"ParentID":"","NodeContext":{"Para1":"4W0WwZb37jUtXOFZzTk7WG","Para2":"OHUgVZWE7{2XbBdHOopsb0","Para3":"X","Para4":"","Para5":"00000000000000000000000000000000"},"ProviderFilter":"SMUD","OdataFilter":"BPMN","RefUID":"","GraphType":{"SubType":"ROLE","Type":"PROC","ExtType":""},"Language":"EN","Description":"","ParentModelUID":"","ProcessModelUID":"4W0WwZb37jUsifXMuRf7fG","IsDisplayed":true,"RoleID":"","SystemID":"","OrganizationID":"","SenderID":"","ReceiverID":"","name":"Annotation3","displayName":"Annotation 3"},"4184b30e-3d0f-406e-9375-336a84083517":{"classDefinition":"sap.modeling.bpmn.Annotation","ArtifactID":"XaqIZ2tMlCPRQLui0w0jgMW2uRZ3Kjua","CategoryValue":"","Name":"Sales Quotation?","Text":"Sales Quotation?","ModelUID":"NL5RAxOQAA7kV69DDfLyXcOwRxrARHBY","GraphInfo":{"GraphConcept":"TextAnnotation","GraphDecorator":{"Decorator1":"","Decorator2":"","Decorator3":"","IsAdHoc":false,"IsCollapsed":false,"IsNonInterrupting":false,"IsComplex":false}},"ParentID":"","NodeContext":{"Para1":"4W0WwZb37jUtXOFZzTk7WG","Para2":"OHUgVZWE7{2XbBdHOopsb0","Para3":"X","Para4":"","Para5":"00000000000000000000000000000000"},"ProviderFilter":"SMUD","OdataFilter":"BPMN","RefUID":"","GraphType":{"SubType":"ROLE","Type":"PROC","ExtType":""},"Language":"EN","Description":"","ParentModelUID":"","ProcessModelUID":"4W0WwZb37jUsifXMuRf7fG","IsDisplayed":true,"RoleID":"","SystemID":"","OrganizationID":"","SenderID":"","ReceiverID":"","name":"Annotation4","displayName":"Annotation 4"},"348f0ecb-6fd7-4c92-918a-01996d3f7000":{"classDefinition":"sap.modeling.bpmn.Gateway","type":"exclusive","GatewayID":"4dXWmFUSrdAzSdMrIKt3Yk4WjzZG0Wq3","CategoryValue":"","Name":"Gateway","ModelUID":"UYnesndtEv1JipJAL6g0eC1tySnRgAnz","GraphInfo":{"GraphConcept":"Gateway","GraphDecorator":{"Decorator1":"Marker","Decorator2":"","Decorator3":"","IsAdHoc":false,"IsCollapsed":false,"IsNonInterrupting":false,"IsComplex":false}},"ParentID":"","RoleID":"","SystemID":"","OrganizationID":"","NodeContext":{"Para1":"4W0WwZb37jUtXOFZzTk7WG","Para2":"OHUgVZWE7{2XbBdHOopsb0","Para3":"X","Para4":"","Para5":"00000000000000000000000000000000"},"ProviderFilter":"SMUD","OdataFilter":"BPMN","RefUID":"","GraphType":{"SubType":"ROLE","Type":"PROC","ExtType":""},"Language":"EN","Description":"","ParentModelUID":"","IsDisplayed":true,"name":"Gateway1","displayName":"Gateway 1"},"3a0a730f-3ab6-49a0-b986-4b0863d27738":{"classDefinition":"sap.modeling.bpmn.SequenceFlow","condition":"","isImmediate":false,"SequenceFlowID":"tmozMUgMGX3p2fg03u3bNIm9DbT5Uosh","CategoryValue":"","SourceRef":"1q2p5zKgwTpkWtkH0MPwcPjsP2QwrJqv","TargetRef":"4dXWmFUSrdAzSdMrIKt3Yk4WjzZG0Wq3","ModelUID":"Ayy32xUgMltMjh2JzMuk3LiwCSl4TvQK","GraphInfo":{"GraphConcept":"SequenceFlow","GraphDecorator":{"Decorator1":"","Decorator2":"","Decorator3":"","IsAdHoc":false,"IsCollapsed":false,"IsNonInterrupting":false,"IsComplex":false}},"ParentID":"","OdataFilter":"BPMN","RefUID":"","Language":"EN","GraphType":{"SubType":"ROLE","Type":"PROC","ExtType":""},"ProviderFilter":"SMUD","Description":"","ParentModelUID":"","IsDisplayed":true,"name":"SequenceFlow1","displayName":"Sequence Flow 1","source":"4ba4ecda-00ee-4cff-a46d-6885d17b8b00","target":"348f0ecb-6fd7-4c92-918a-01996d3f7000"},"8d9b9ed3-f7df-433b-a9dd-3056b4a4ece9":{"classDefinition":"sap.modeling.bpmn.SequenceFlow","condition":"","isImmediate":false,"SequenceFlowID":"RMcsX5GB588eUAmxwjl1M9jwnWrBdYIy","CategoryValue":"","SourceRef":"4dXWmFUSrdAzSdMrIKt3Yk4WjzZG0Wq3","TargetRef":"IALWF2af3OURrm9VxFkOO2lz8bvu5aZf","ModelUID":"pEgzn99SiER0YpeGkLdScl7JeTl6vvOM","GraphInfo":{"GraphConcept":"SequenceFlow","GraphDecorator":{"Decorator1":"","Decorator2":"","Decorator3":"","IsAdHoc":false,"IsCollapsed":false,"IsNonInterrupting":false,"IsComplex":false}},"ParentID":"","OdataFilter":"BPMN","RefUID":"","Language":"EN","GraphType":{"SubType":"ROLE","Type":"PROC","ExtType":""},"ProviderFilter":"SMUD","Description":"","ParentModelUID":"","IsDisplayed":true,"name":"8d9b9ed3-f7df-433b-a9dd-3056b4a4ece9","displayName":"8d9b9ed3-f7df-433b-a9dd-3056b4a4ece9"},"50894a41-d5ea-458f-8bf7-95247588170a":{"classDefinition":"sap.modeling.bpmn.SequenceFlow","condition":"","isImmediate":false,"SequenceFlowID":"OeC9ukWBKU2DaMeNHmmHRbtwZt7w4g4h","CategoryValue":"","SourceRef":"4dXWmFUSrdAzSdMrIKt3Yk4WjzZG0Wq3","TargetRef":"X1p2QIkaob6GmPqU0J6YQGiw2CjTMerY","ModelUID":"03eQEXlV5zvYQ4HFEc3Tj0xymHw0VAze","GraphInfo":{"GraphConcept":"SequenceFlow","GraphDecorator":{"Decorator1":"","Decorator2":"","Decorator3":"","IsAdHoc":false,"IsCollapsed":false,"IsNonInterrupting":false,"IsComplex":false}},"ParentID":"","OdataFilter":"BPMN","RefUID":"","Language":"EN","GraphType":{"SubType":"ROLE","Type":"PROC","ExtType":""},"ProviderFilter":"SMUD","Description":"","ParentModelUID":"","IsDisplayed":true,"name":"50894a41-d5ea-458f-8bf7-95247588170a","displayName":"50894a41-d5ea-458f-8bf7-95247588170a"},"ef016847-0d96-4319-9ada-3d310507fd37":{"classDefinition":"sap.modeling.bpmn.SequenceFlow","condition":"","isImmediate":false,"SequenceFlowID":"vxGQl1APtC1T594QdxZwwAKcIWOEagQq","CategoryValue":"","SourceRef":"X1p2QIkaob6GmPqU0J6YQGiw2CjTMerY","TargetRef":"IALWF2af3OURrm9VxFkOO2lz8bvu5aZf","ModelUID":"azOjAkAqOKwAjJGz38yIh75PLM1N1Q7V","GraphInfo":{"GraphConcept":"SequenceFlow","GraphDecorator":{"Decorator1":"","Decorator2":"","Decorator3":"","IsAdHoc":false,"IsCollapsed":false,"IsNonInterrupting":false,"IsComplex":false}},"ParentID":"","OdataFilter":"BPMN","RefUID":"","Language":"EN","GraphType":{"SubType":"ROLE","Type":"PROC","ExtType":""},"ProviderFilter":"SMUD","Description":"","ParentModelUID":"","IsDisplayed":true,"name":"SequenceFlow2","displayName":"Sequence Flow 2","source":"edca99ce-5c44-4cb8-84d9-b68bfffc732a","target":"bcaeca5c-3313-448a-b394-8d0f8af6d60c"},"70d5c2bc-ae0e-493a-86aa-042496e3dd08":{"classDefinition":"sap.modeling.bpmn.SequenceFlow","condition":"","isImmediate":false,"SequenceFlowID":"Gi2I80CDDKJLeq0L6p3tj651dk3akoJM","CategoryValue":"","SourceRef":"IALWF2af3OURrm9VxFkOO2lz8bvu5aZf","TargetRef":"ttn0QqsutDCUcSAaT8DJBn2TumcvGB9u","ModelUID":"wqZUrGLn5AqaJRnmWOpbiLJFADJ5I446","GraphInfo":{"GraphConcept":"SequenceFlow","GraphDecorator":{"Decorator1":"","Decorator2":"","Decorator3":"","IsAdHoc":false,"IsCollapsed":false,"IsNonInterrupting":false,"IsComplex":false}},"ParentID":"","OdataFilter":"BPMN","RefUID":"","Language":"EN","GraphType":{"SubType":"ROLE","Type":"PROC","ExtType":""},"ProviderFilter":"SMUD","Description":"","ParentModelUID":"","IsDisplayed":true,"name":"70d5c2bc-ae0e-493a-86aa-042496e3dd08","displayName":"70d5c2bc-ae0e-493a-86aa-042496e3dd08"},"0e9fc530-5346-40bd-9c8f-aac9fe619231":{"classDefinition":"sap.modeling.bpmn.SequenceFlow","condition":"","isImmediate":false,"SequenceFlowID":"KULLDPJE9vIGkwQbBB8BZIyOUn3VL1IP","CategoryValue":"","SourceRef":"ttn0QqsutDCUcSAaT8DJBn2TumcvGB9u","TargetRef":"LtcGx9D3NZZDEnp8GVS9QCmTdT8FPeRC","ModelUID":"5MnmZXG43eHU5NfH20CNIgVaQRbB2uAL","GraphInfo":{"GraphConcept":"SequenceFlow","GraphDecorator":{"Decorator1":"","Decorator2":"","Decorator3":"","IsAdHoc":false,"IsCollapsed":false,"IsNonInterrupting":false,"IsComplex":false}},"ParentID":"","OdataFilter":"BPMN","RefUID":"","Language":"EN","GraphType":{"SubType":"ROLE","Type":"PROC","ExtType":""},"ProviderFilter":"SMUD","Description":"","ParentModelUID":"","IsDisplayed":true,"name":"0e9fc530-5346-40bd-9c8f-aac9fe619231","displayName":"0e9fc530-5346-40bd-9c8f-aac9fe619231"},"81b79da7-431a-4ac8-89b2-a6ab36b233dc":{"classDefinition":"sap.modeling.bpmn.SequenceFlow","condition":"","isImmediate":false,"SequenceFlowID":"hViuyQsbOHoN6vno8TCm5zFxGydCLC8s","CategoryValue":"","SourceRef":"LtcGx9D3NZZDEnp8GVS9QCmTdT8FPeRC","TargetRef":"MmefvQxa2xYvqTjs9UslaVUw9Hf1LG71","ModelUID":"ynUJcjd1AJpaSxIV48lopLez4800tKTa","GraphInfo":{"GraphConcept":"SequenceFlow","GraphDecorator":{"Decorator1":"","Decorator2":"","Decorator3":"","IsAdHoc":false,"IsCollapsed":false,"IsNonInterrupting":false,"IsComplex":false}},"ParentID":"","OdataFilter":"BPMN","RefUID":"","Language":"EN","GraphType":{"SubType":"ROLE","Type":"PROC","ExtType":""},"ProviderFilter":"SMUD","Description":"","ParentModelUID":"","IsDisplayed":true,"name":"81b79da7-431a-4ac8-89b2-a6ab36b233dc","displayName":"81b79da7-431a-4ac8-89b2-a6ab36b233dc"},"bdc2afc0-40c2-4e40-94d1-d8bd967f0ac8":{"classDefinition":"sap.modeling.bpmn.SequenceFlow","condition":"","isImmediate":false,"SequenceFlowID":"kx6PDZiTTWFIeWM8qaHiIG6phlXNmCeW","CategoryValue":"","SourceRef":"MmefvQxa2xYvqTjs9UslaVUw9Hf1LG71","TargetRef":"XB40ofR0lPFwCmRkRzuhvLvwkgLtlZO7","ModelUID":"S3ZYBf3XaIjIJh52OMwq9SfdlGbcwvJr","GraphInfo":{"GraphConcept":"SequenceFlow","GraphDecorator":{"Decorator1":"","Decorator2":"","Decorator3":"","IsAdHoc":false,"IsCollapsed":false,"IsNonInterrupting":false,"IsComplex":false}},"ParentID":"","OdataFilter":"BPMN","RefUID":"","Language":"EN","GraphType":{"SubType":"ROLE","Type":"PROC","ExtType":""},"ProviderFilter":"SMUD","Description":"","ParentModelUID":"","IsDisplayed":true,"name":"bdc2afc0-40c2-4e40-94d1-d8bd967f0ac8","displayName":"bdc2afc0-40c2-4e40-94d1-d8bd967f0ac8"},"24ef0aa1-3140-4610-85db-12cec54f202c":{"classDefinition":"sap.modeling.bpmn.SequenceFlow","condition":"","isImmediate":false,"SequenceFlowID":"FAiTvd1fYEzoC9PgjhkmcrCs8rbue4Qo","CategoryValue":"","SourceRef":"XB40ofR0lPFwCmRkRzuhvLvwkgLtlZO7","TargetRef":"RIyRLtLxLncXkngJ3ZEkW5iRbtCVx1BV","ModelUID":"RndglQNxnQ51JOhsWzLqgnqaQ4UiqOiE","GraphInfo":{"GraphConcept":"SequenceFlow","GraphDecorator":{"Decorator1":"","Decorator2":"","Decorator3":"","IsAdHoc":false,"IsCollapsed":false,"IsNonInterrupting":false,"IsComplex":false}},"ParentID":"","OdataFilter":"BPMN","RefUID":"","Language":"EN","GraphType":{"SubType":"ROLE","Type":"PROC","ExtType":""},"ProviderFilter":"SMUD","Description":"","ParentModelUID":"","IsDisplayed":true,"name":"SequenceFlow3","displayName":"Sequence Flow 3","source":"ab7e0af0-3dae-4814-84df-95e5b910672e","target":"9187ff70-a389-4b5e-856e-1918e0475088"},"1035dba9-04bb-45da-a0d7-a4281a510a6e":{"classDefinition":"sap.modeling.bpmn.SequenceFlow","condition":"","isImmediate":false,"SequenceFlowID":"PMRErtBkflJPi4oMELv8T6Ub2TTOPJl8","CategoryValue":"","SourceRef":"RIyRLtLxLncXkngJ3ZEkW5iRbtCVx1BV","TargetRef":"iRwQ4qwRcEF4T5DFtuh6w37Mi7njPeBZ","ModelUID":"Yq6iXBTiBkPVAjnclWlvUeir19b46SjQ","GraphInfo":{"GraphConcept":"SequenceFlow","GraphDecorator":{"Decorator1":"","Decorator2":"","Decorator3":"","IsAdHoc":false,"IsCollapsed":false,"IsNonInterrupting":false,"IsComplex":false}},"ParentID":"","OdataFilter":"BPMN","RefUID":"","Language":"EN","GraphType":{"SubType":"ROLE","Type":"PROC","ExtType":""},"ProviderFilter":"SMUD","Description":"","ParentModelUID":"","IsDisplayed":true,"name":"SequenceFlow4","displayName":"Sequence Flow 4","source":"9187ff70-a389-4b5e-856e-1918e0475088","target":"36e735b3-3da1-44c0-ae51-732358ba3d65"},"68d5d4b8-8139-4704-bbf4-757f3b1e4ad0":{"classDefinition":"sap.modeling.bpmn.Association","AssociationID":"WkmE6vSFFImz1qIo0RbFD44MUGpTfB0q","CategoryValue":"","SourceRef":"1q2p5zKgwTpkWtkH0MPwcPjsP2QwrJqv","TargetRef":"3oWgQ3teDCUchQBPvf4EPAUz41ixduWI","ModelUID":"NPhS9YIR5lZ0UAOFPKTIcuGRLu86TCUw","GraphInfo":{"GraphConcept":"Association","GraphDecorator":{"Decorator1":"","Decorator2":"","Decorator3":"","IsAdHoc":false,"IsCollapsed":false,"IsNonInterrupting":false,"IsComplex":false}},"ParentID":"","OdataFilter":"BPMN","RefUID":"","Language":"EN","GraphType":{"SubType":"ROLE","Type":"PROC","ExtType":""},"ProviderFilter":"SMUD","Description":"","ParentModelUID":"","IsDisplayed":true,"name":"Association1","displayName":"Association 1","source":"4ba4ecda-00ee-4cff-a46d-6885d17b8b00","target":"104ed99f-dc12-482d-a7d2-9efc795beba8"},"20301125-787b-494d-8384-4192c86dbe8b":{"classDefinition":"sap.modeling.bpmn.Association","AssociationID":"bIdABdooAkYVGmVCeuQaKGC4QoIhWMaM","CategoryValue":"","SourceRef":"4dXWmFUSrdAzSdMrIKt3Yk4WjzZG0Wq3","TargetRef":"BUUjCrcmKYpqj5pSqZO9FZ5cxDnX8mVP","ModelUID":"ZXLki9Ur45ywRwh1f87Heou0EoZyBIfe","GraphInfo":{"GraphConcept":"Association","GraphDecorator":{"Decorator1":"","Decorator2":"","Decorator3":"","IsAdHoc":false,"IsCollapsed":false,"IsNonInterrupting":false,"IsComplex":false}},"ParentID":"","OdataFilter":"BPMN","RefUID":"","Language":"EN","GraphType":{"SubType":"ROLE","Type":"PROC","ExtType":""},"ProviderFilter":"SMUD","Description":"","ParentModelUID":"","IsDisplayed":true,"name":"Association3","displayName":"Association 3","source":"348f0ecb-6fd7-4c92-918a-01996d3f7000","target":"10e8e554-7433-4a79-939c-8bd96b238e12"},"8fe39c8c-4cf3-4de6-a6e2-adcbb591b7fd":{"classDefinition":"sap.modeling.bpmn.Association","AssociationID":"bhreboXKTzZx2V8KwirYseUY45TDpuIL","CategoryValue":"","SourceRef":"4dXWmFUSrdAzSdMrIKt3Yk4WjzZG0Wq3","TargetRef":"XaqIZ2tMlCPRQLui0w0jgMW2uRZ3Kjua","ModelUID":"8eKRifUEFSuOz5OXZK37yYANjNKQzeW1","GraphInfo":{"GraphConcept":"Association","GraphDecorator":{"Decorator1":"","Decorator2":"","Decorator3":"","IsAdHoc":false,"IsCollapsed":false,"IsNonInterrupting":false,"IsComplex":false}},"ParentID":"","OdataFilter":"BPMN","RefUID":"","Language":"EN","GraphType":{"SubType":"ROLE","Type":"PROC","ExtType":""},"ProviderFilter":"SMUD","Description":"","ParentModelUID":"","IsDisplayed":true,"name":"Association4","displayName":"Association 4","source":"348f0ecb-6fd7-4c92-918a-01996d3f7000","target":"4184b30e-3d0f-406e-9375-336a84083517"},"2e5bb5ff-b2ce-4a5e-a91f-c0e138859dbe":{"classDefinition":"sap.galilei.ui.diagram.Diagram","name":"2e5bb5ff-b2ce-4a5e-a91f-c0e138859dbe","displayName":"2e5bb5ff-b2ce-4a5e-a91f-c0e138859dbe","symbols":{"63536a17-e94b-47a3-bbd5-664386baedff":{"name":"63536a17-e94b-47a3-bbd5-664386baedff"},"83726550-0a83-4ec3-993b-d35d2c5068bf":{"name":"83726550-0a83-4ec3-993b-d35d2c5068bf"},"f48f96b3-37a0-4a38-b439-3d24aaa3e388":{"name":"f48f96b3-37a0-4a38-b439-3d24aaa3e388"},"76f2c32f-545f-494d-89a3-e679d603acc6":{"name":"76f2c32f-545f-494d-89a3-e679d603acc6"},"4372d04e-1986-42b2-9426-99c50475063e":{"name":"4372d04e-1986-42b2-9426-99c50475063e"},"c7c4afd1-44a4-4fc3-af78-56ce3db0204d":{"name":"c7c4afd1-44a4-4fc3-af78-56ce3db0204d"},"a49e87f2-0994-4d9e-ac6a-5fbc56b3aeab":{"name":"a49e87f2-0994-4d9e-ac6a-5fbc56b3aeab"}}},"63536a17-e94b-47a3-bbd5-664386baedff":{"classDefinition":"sap.modeling.bpmn.ui.PoolSymbol","isMessageVisible":false,"SymbolID":"0A491FA9DB571ED6A3F5B03833CDA209","orientation":"horizontal","name":"63536a17-e94b-47a3-bbd5-664386baedff","x":-146,"y":-582.5,"width":1221,"height":604,"zindex":-30,"displayName":"63536a17-e94b-47a3-bbd5-664386baedff","symbols":{"ca393973-4166-4f93-9ab0-d2066638f62e":{"name":"ca393973-4166-4f93-9ab0-d2066638f62e"},"0bba5ba9-a307-42f2-a667-30449e59b224":{"name":"0bba5ba9-a307-42f2-a667-30449e59b224"},"0f526c33-e05f-44bd-bea9-5470035fc3f8":{"name":"0f526c33-e05f-44bd-bea9-5470035fc3f8"},"ba9bcd8c-cafe-4633-a353-8309b53a7028":{"name":"ba9bcd8c-cafe-4633-a353-8309b53a7028"}},"object":"79891f66-dd2c-4f16-bb20-f2d43e6de901"},"84815282-8bc4-4922-b22c-38e6cba20b6b":{"classDefinition":"sap.modeling.bpmn.ui.SequenceFlowSymbol","SymbolID":"RMcsX5GB588eUAmxwjl1M9jwnWrBdYIy","points":"109,-534.5 397,-534.5","name":"84815282-8bc4-4922-b22c-38e6cba20b6b","zindex":-10,"displayName":"84815282-8bc4-4922-b22c-38e6cba20b6b","sourceSymbol":"831b26c2-8de0-47d0-981a-51cbadc0c8aa","targetSymbol":"5030bbfe-3681-42f8-a303-082ceeaf4d7e","object":"8d9b9ed3-f7df-433b-a9dd-3056b4a4ece9","symbols":{"875bb8c1-353a-4ab5-ba43-601e3b95372c":{}}},"83726550-0a83-4ec3-993b-d35d2c5068bf":{"classDefinition":"sap.modeling.bpmn.ui.AnnotationSymbol","SymbolID":"Jlz3LkrN1hu9Q7dupVhMOR8QwqaxhYxQ","name":"83726550-0a83-4ec3-993b-d35d2c5068bf","x":163,"y":-496,"width":60,"height":40,"displayName":"83726550-0a83-4ec3-993b-d35d2c5068bf","object":"e9aa0f56-49b6-41f2-b6c6-593f8261aa9e"},"da7e8e87-e3a5-4b64-91f0-aad43b2a0819":{"classDefinition":"sap.modeling.bpmn.ui.SequenceFlowSymbol","SymbolID":"OeC9ukWBKU2DaMeNHmmHRbtwZt7w4g4h","points":"109,-533.5 109,-446.5 230,-446.5","name":"da7e8e87-e3a5-4b64-91f0-aad43b2a0819","zindex":-10,"displayName":"da7e8e87-e3a5-4b64-91f0-aad43b2a0819","sourceSymbol":"831b26c2-8de0-47d0-981a-51cbadc0c8aa","targetSymbol":"a4c085b0-4081-485b-917a-d9f7891e5a34","object":"50894a41-d5ea-458f-8bf7-95247588170a","symbols":{"4e23b573-5590-427e-a1b6-c230d781ac6f":{}}},"4ee7fa5a-7edd-44be-88b0-d6f4c14b90d2":{"classDefinition":"sap.modeling.bpmn.ui.SequenceFlowSymbol","SymbolID":"Gi2I80CDDKJLeq0L6p3tj651dk3akoJM","points":"397,-532.25 594,-532.25","name":"4ee7fa5a-7edd-44be-88b0-d6f4c14b90d2","zindex":-10,"displayName":"4ee7fa5a-7edd-44be-88b0-d6f4c14b90d2","sourceSymbol":"5030bbfe-3681-42f8-a303-082ceeaf4d7e","targetSymbol":"978cdfae-8010-4e25-8a8c-60d3ca85ea7e","object":"70d5c2bc-ae0e-493a-86aa-042496e3dd08","symbols":{"15b44426-2f81-4be9-8653-f23b7d0bbf44":{}}},"f48f96b3-37a0-4a38-b439-3d24aaa3e388":{"classDefinition":"sap.modeling.bpmn.ui.SequenceFlowSymbol","SymbolID":"KULLDPJE9vIGkwQbBB8BZIyOUn3VL1IP","points":"594,-532 594,-337.5","name":"f48f96b3-37a0-4a38-b439-3d24aaa3e388","zindex":-10,"displayName":"f48f96b3-37a0-4a38-b439-3d24aaa3e388","sourceSymbol":"978cdfae-8010-4e25-8a8c-60d3ca85ea7e","targetSymbol":"42d411dd-32c3-41ca-9fae-8d8a3b3f9e38","object":"0e9fc530-5346-40bd-9c8f-aac9fe619231","symbols":{"eb075eba-8f6b-41f6-bba7-35189d223f3e":{}}},"e7d98462-4faf-4ddf-acfd-eb8024ae589d":{"classDefinition":"sap.modeling.bpmn.ui.SequenceFlowSymbol","SymbolID":"hViuyQsbOHoN6vno8TCm5zFxGydCLC8s","points":"594,-337.5 778,-337.5","name":"e7d98462-4faf-4ddf-acfd-eb8024ae589d","zindex":-10,"displayName":"e7d98462-4faf-4ddf-acfd-eb8024ae589d","sourceSymbol":"42d411dd-32c3-41ca-9fae-8d8a3b3f9e38","targetSymbol":"c0df0ebc-fa27-45de-8396-09147a625c49","object":"81b79da7-431a-4ac8-89b2-a6ab36b233dc","symbols":{"f78468cc-0b66-4388-843b-5b3c5e3d56ab":{}}},"76f2c32f-545f-494d-89a3-e679d603acc6":{"classDefinition":"sap.modeling.bpmn.ui.SequenceFlowSymbol","SymbolID":"kx6PDZiTTWFIeWM8qaHiIG6phlXNmCeW","points":"778,-337.5 778,-207","name":"76f2c32f-545f-494d-89a3-e679d603acc6","zindex":-10,"displayName":"76f2c32f-545f-494d-89a3-e679d603acc6","sourceSymbol":"c0df0ebc-fa27-45de-8396-09147a625c49","targetSymbol":"feac40d8-6409-4cb8-9c9c-abf7f729a14b","object":"bdc2afc0-40c2-4e40-94d1-d8bd967f0ac8","symbols":{"153b45fa-c80f-4998-9986-67545c9bd8cc":{}}},"4372d04e-1986-42b2-9426-99c50475063e":{"classDefinition":"sap.modeling.bpmn.ui.SequenceFlowSymbol","SymbolID":"FAiTvd1fYEzoC9PgjhkmcrCs8rbue4Qo","points":"778,-207 778,-69","name":"4372d04e-1986-42b2-9426-99c50475063e","zindex":-10,"displayName":"4372d04e-1986-42b2-9426-99c50475063e","sourceSymbol":"feac40d8-6409-4cb8-9c9c-abf7f729a14b","targetSymbol":"615dad10-c1bf-46ca-a171-a1916a13f4b4","object":"24ef0aa1-3140-4610-85db-12cec54f202c","symbols":{"c880909b-ed14-45e6-8cc9-6a423310df6a":{}}},"c7c4afd1-44a4-4fc3-af78-56ce3db0204d":{"classDefinition":"sap.modeling.bpmn.ui.AnnotationSymbol","SymbolID":"XaqIZ2tMlCPRQLui0w0jgMW2uRZ3Kjua","name":"c7c4afd1-44a4-4fc3-af78-56ce3db0204d","x":180,"y":-553.5,"width":60,"height":40,"displayName":"c7c4afd1-44a4-4fc3-af78-56ce3db0204d","object":"4184b30e-3d0f-406e-9375-336a84083517"},"a49e87f2-0994-4d9e-ac6a-5fbc56b3aeab":{"classDefinition":"sap.modeling.bpmn.ui.AssociationSymbol","SymbolID":"bhreboXKTzZx2V8KwirYseUY45TDpuIL","points":"109,-533.5 210,-533.5","name":"a49e87f2-0994-4d9e-ac6a-5fbc56b3aeab","displayName":"a49e87f2-0994-4d9e-ac6a-5fbc56b3aeab","sourceSymbol":"831b26c2-8de0-47d0-981a-51cbadc0c8aa","targetSymbol":"c7c4afd1-44a4-4fc3-af78-56ce3db0204d","object":"8fe39c8c-4cf3-4de6-a6e2-adcbb591b7fd"},"ca393973-4166-4f93-9ab0-d2066638f62e":{"classDefinition":"sap.modeling.bpmn.ui.LaneSymbol","SymbolID":"0A491FA9DB571ED6A3F5B03833F94209","orientation":"horizontal","name":"ca393973-4166-4f93-9ab0-d2066638f62e","x":-116,"y":-582.5,"width":1191,"height":186,"zindex":-20,"displayName":"ca393973-4166-4f93-9ab0-d2066638f62e","object":"ef8274bd-091d-4503-a25c-609d8ff72622","symbols":{"29bb73bd-0f80-4fd1-a148-9671dded3f94":{"name":"29bb73bd-0f80-4fd1-a148-9671dded3f94"},"831b26c2-8de0-47d0-981a-51cbadc0c8aa":{"name":"831b26c2-8de0-47d0-981a-51cbadc0c8aa"},"5ef1f979-dec9-4615-88c9-32332b5600d2":{"name":"5ef1f979-dec9-4615-88c9-32332b5600d2"},"d5e2c57a-6046-456d-8351-ac81dab975e4":{"name":"d5e2c57a-6046-456d-8351-ac81dab975e4"},"0509bc8d-3741-48ab-b729-a72cdb487e08":{"name":"0509bc8d-3741-48ab-b729-a72cdb487e08"},"5030bbfe-3681-42f8-a303-082ceeaf4d7e":{"name":"5030bbfe-3681-42f8-a303-082ceeaf4d7e"},"a4c085b0-4081-485b-917a-d9f7891e5a34":{"name":"a4c085b0-4081-485b-917a-d9f7891e5a34"},"4d8b2384-bf87-481d-8bdc-e2acdaf9897c":{"name":"4d8b2384-bf87-481d-8bdc-e2acdaf9897c"},"084c6b83-406f-4ad6-ad0e-2fb16911303b":{"name":"084c6b83-406f-4ad6-ad0e-2fb16911303b"},"8fd2d918-dc34-40aa-be7c-86251829b186":{"name":"8fd2d918-dc34-40aa-be7c-86251829b186"},"978cdfae-8010-4e25-8a8c-60d3ca85ea7e":{"name":"978cdfae-8010-4e25-8a8c-60d3ca85ea7e"},"84815282-8bc4-4922-b22c-38e6cba20b6b":{"name":"84815282-8bc4-4922-b22c-38e6cba20b6b"},"da7e8e87-e3a5-4b64-91f0-aad43b2a0819":{"name":"da7e8e87-e3a5-4b64-91f0-aad43b2a0819"},"4ee7fa5a-7edd-44be-88b0-d6f4c14b90d2":{"name":"4ee7fa5a-7edd-44be-88b0-d6f4c14b90d2"}}},"0bba5ba9-a307-42f2-a667-30449e59b224":{"classDefinition":"sap.modeling.bpmn.ui.LaneSymbol","SymbolID":"ELUTKvctYuESVBkMiaR1WiiMym7zjr3F","orientation":"horizontal","name":"0bba5ba9-a307-42f2-a667-30449e59b224","x":-116,"y":-396.5,"width":1191,"height":130.5,"zindex":-10,"displayName":"0bba5ba9-a307-42f2-a667-30449e59b224","object":"d7a078a7-10ec-4b77-bb7b-cfa053a89f0f","symbols":{"42d411dd-32c3-41ca-9fae-8d8a3b3f9e38":{"name":"42d411dd-32c3-41ca-9fae-8d8a3b3f9e38"},"c0df0ebc-fa27-45de-8396-09147a625c49":{"name":"c0df0ebc-fa27-45de-8396-09147a625c49"},"e7d98462-4faf-4ddf-acfd-eb8024ae589d":{"name":"e7d98462-4faf-4ddf-acfd-eb8024ae589d"}}},"0f526c33-e05f-44bd-bea9-5470035fc3f8":{"classDefinition":"sap.modeling.bpmn.ui.LaneSymbol","SymbolID":"9I9scKNdKNRjDlMLCDvvT3yoKzW6p4mX","orientation":"horizontal","name":"0f526c33-e05f-44bd-bea9-5470035fc3f8","x":-116,"y":-266,"width":1191,"height":130,"zindex":-10,"displayName":"0f526c33-e05f-44bd-bea9-5470035fc3f8","object":"35ff7fb7-0f1c-4030-b36f-f1ce726ba197","symbols":{"feac40d8-6409-4cb8-9c9c-abf7f729a14b":{"name":"feac40d8-6409-4cb8-9c9c-abf7f729a14b"}}},"ba9bcd8c-cafe-4633-a353-8309b53a7028":{"classDefinition":"sap.modeling.bpmn.ui.LaneSymbol","SymbolID":"RqDjEfaEEBc5aKs6TsE3Kc4LV8NFpLSl","orientation":"horizontal","name":"ba9bcd8c-cafe-4633-a353-8309b53a7028","x":-116,"y":-136,"width":1191,"height":157.5,"zindex":-20,"displayName":"ba9bcd8c-cafe-4633-a353-8309b53a7028","object":"bb8610d3-afbf-4daf-95d6-c5552518d835","symbols":{"b7c400a6-e6b3-4579-9cc4-10156ec3b747":{"name":"b7c400a6-e6b3-4579-9cc4-10156ec3b747"},"615dad10-c1bf-46ca-a171-a1916a13f4b4":{"name":"615dad10-c1bf-46ca-a171-a1916a13f4b4"},"9e331aa2-264b-4fb5-a2df-fb82688aa25a":{"name":"9e331aa2-264b-4fb5-a2df-fb82688aa25a"}}},"29bb73bd-0f80-4fd1-a148-9671dded3f94":{"classDefinition":"sap.modeling.bpmn.ui.StartEventSymbol","SymbolID":"1q2p5zKgwTpkWtkH0MPwcPjsP2QwrJqv","name":"29bb73bd-0f80-4fd1-a148-9671dded3f94","x":-34,"y":-554.5,"zindex":-10,"displayName":"29bb73bd-0f80-4fd1-a148-9671dded3f94","object":"4ba4ecda-00ee-4cff-a46d-6885d17b8b00","symbols":{"201d10ef-167f-4d05-ad66-101b3f0672f9":{}}},"831b26c2-8de0-47d0-981a-51cbadc0c8aa":{"classDefinition":"sap.modeling.bpmn.ui.GatewaySymbol","SymbolID":"4dXWmFUSrdAzSdMrIKt3Yk4WjzZG0Wq3","name":"831b26c2-8de0-47d0-981a-51cbadc0c8aa","x":88,"y":-554.5,"zindex":-10,"displayName":"831b26c2-8de0-47d0-981a-51cbadc0c8aa","object":"348f0ecb-6fd7-4c92-918a-01996d3f7000","symbols":{"87e1fcec-dbf4-4b1a-8613-4f58ba56d22f":{}}},"5ef1f979-dec9-4615-88c9-32332b5600d2":{"classDefinition":"sap.modeling.bpmn.ui.SequenceFlowSymbol","SymbolID":"tmozMUgMGX3p2fg03u3bNIm9DbT5Uosh","points":"-18,-536 109,-536","name":"5ef1f979-dec9-4615-88c9-32332b5600d2","zindex":-10,"displayName":"5ef1f979-dec9-4615-88c9-32332b5600d2","sourceSymbol":"29bb73bd-0f80-4fd1-a148-9671dded3f94","targetSymbol":"831b26c2-8de0-47d0-981a-51cbadc0c8aa","object":"3a0a730f-3ab6-49a0-b986-4b0863d27738","symbols":{"cea2ff78-6c83-4a70-8487-7c2addb7eba2":{}}},"d5e2c57a-6046-456d-8351-ac81dab975e4":{"classDefinition":"sap.modeling.bpmn.ui.AnnotationSymbol","SymbolID":"3oWgQ3teDCUchQBPvf4EPAUz41ixduWI","name":"d5e2c57a-6046-456d-8351-ac81dab975e4","x":8,"y":-562.5,"width":60,"height":40,"displayName":"d5e2c57a-6046-456d-8351-ac81dab975e4","object":"104ed99f-dc12-482d-a7d2-9efc795beba8"},"0509bc8d-3741-48ab-b729-a72cdb487e08":{"classDefinition":"sap.modeling.bpmn.ui.AssociationSymbol","SymbolID":"WkmE6vSFFImz1qIo0RbFD44MUGpTfB0q","points":"-18,-540.5 38,-540.5","name":"0509bc8d-3741-48ab-b729-a72cdb487e08","displayName":"0509bc8d-3741-48ab-b729-a72cdb487e08","sourceSymbol":"29bb73bd-0f80-4fd1-a148-9671dded3f94","targetSymbol":"d5e2c57a-6046-456d-8351-ac81dab975e4","object":"68d5d4b8-8139-4704-bbf4-757f3b1e4ad0"},"5030bbfe-3681-42f8-a303-082ceeaf4d7e":{"classDefinition":"sap.modeling.bpmn.ui.TaskSymbol","SymbolID":"IALWF2af3OURrm9VxFkOO2lz8bvu5aZf","InconsistencyReasons":"[]","name":"5030bbfe-3681-42f8-a303-082ceeaf4d7e","x":347,"y":-562.5,"width":100,"height":60,"displayName":"5030bbfe-3681-42f8-a303-082ceeaf4d7e","object":"bcaeca5c-3313-448a-b394-8d0f8af6d60c"},"a4c085b0-4081-485b-917a-d9f7891e5a34":{"classDefinition":"sap.modeling.bpmn.ui.TaskSymbol","SymbolID":"X1p2QIkaob6GmPqU0J6YQGiw2CjTMerY","InconsistencyReasons":"[]","name":"a4c085b0-4081-485b-917a-d9f7891e5a34","x":180,"y":-476.5,"width":100,"height":60,"displayName":"a4c085b0-4081-485b-917a-d9f7891e5a34","object":"edca99ce-5c44-4cb8-84d9-b68bfffc732a"},"4d8b2384-bf87-481d-8bdc-e2acdaf9897c":{"classDefinition":"sap.modeling.bpmn.ui.SequenceFlowSymbol","SymbolID":"vxGQl1APtC1T594QdxZwwAKcIWOEagQq","points":"230,-446.5 397,-446.5 397,-502.5","name":"4d8b2384-bf87-481d-8bdc-e2acdaf9897c","zindex":-10,"displayName":"4d8b2384-bf87-481d-8bdc-e2acdaf9897c","sourceSymbol":"a4c085b0-4081-485b-917a-d9f7891e5a34","targetSymbol":"5030bbfe-3681-42f8-a303-082ceeaf4d7e","object":"ef016847-0d96-4319-9ada-3d310507fd37","symbols":{"91314cdb-fb29-42b3-85bd-197a928f600a":{}}},"084c6b83-406f-4ad6-ad0e-2fb16911303b":{"classDefinition":"sap.modeling.bpmn.ui.AnnotationSymbol","SymbolID":"BUUjCrcmKYpqj5pSqZO9FZ5cxDnX8mVP","name":"084c6b83-406f-4ad6-ad0e-2fb16911303b","x":88,"y":-489.5,"width":60,"height":40,"displayName":"084c6b83-406f-4ad6-ad0e-2fb16911303b","object":"10e8e554-7433-4a79-939c-8bd96b238e12"},"8fd2d918-dc34-40aa-be7c-86251829b186":{"classDefinition":"sap.modeling.bpmn.ui.AssociationSymbol","SymbolID":"bIdABdooAkYVGmVCeuQaKGC4QoIhWMaM","points":"109,-534 109,-501 118,-501 118,-469","name":"8fd2d918-dc34-40aa-be7c-86251829b186","displayName":"8fd2d918-dc34-40aa-be7c-86251829b186","sourceSymbol":"831b26c2-8de0-47d0-981a-51cbadc0c8aa","targetSymbol":"084c6b83-406f-4ad6-ad0e-2fb16911303b","object":"20301125-787b-494d-8384-4192c86dbe8b"},"978cdfae-8010-4e25-8a8c-60d3ca85ea7e":{"classDefinition":"sap.modeling.bpmn.ui.TaskSymbol","SymbolID":"ttn0QqsutDCUcSAaT8DJBn2TumcvGB9u","InconsistencyReasons":"[]","name":"978cdfae-8010-4e25-8a8c-60d3ca85ea7e","x":544,"y":-562,"width":100,"height":60,"displayName":"978cdfae-8010-4e25-8a8c-60d3ca85ea7e","object":"8a4cf9ab-9edb-486d-a2db-4b800d48e271"},"37989b24-8397-4fc9-807c-1221ae446426":{"classDefinition":"sap.modeling.bpmn.Graph","GraphID":"4W0WwZb37jUsifXMuRYdfG","GraphVersion":0,"GraphType":{"Type":"PROC","SubType":"ROLE"},"NodeContext":{"Para1":"4W0WwZb37jUtXOFZzTk7WG","Para2":"OHUgVZWE7{2XbBdHOopsb0","Para3":"X","Para4":"","Para5":"00000000000000000000000000000000"},"OdataFilter":"BPMN","Name":"E2E_OTC_Sale-from-Stock Internet Sales","Language":"EN","ProviderFilter":"SMUD","GraphOrientation":"HORZ","IsLaneDetached":false,"ModelUID":"120020EA39431ED7B6B2A61736BFE7AD","TestMode":false,"Description":"","IsReference":false,"IsTextHighlight":false,"name":"37989b24-8397-4fc9-807c-1221ae446426","displayName":"E2E_OTC_Sale-from-Stock Internet Sales"},"feac40d8-6409-4cb8-9c9c-abf7f729a14b":{"classDefinition":"sap.modeling.bpmn.ui.TaskSymbol","SymbolID":"XB40ofR0lPFwCmRkRzuhvLvwkgLtlZO7","InconsistencyReasons":"[]","name":"feac40d8-6409-4cb8-9c9c-abf7f729a14b","x":728,"y":-237,"width":100,"height":60,"displayName":"feac40d8-6409-4cb8-9c9c-abf7f729a14b","object":"ab7e0af0-3dae-4814-84df-95e5b910672e"},"b7c400a6-e6b3-4579-9cc4-10156ec3b747":{"classDefinition":"sap.modeling.bpmn.ui.EndEventSymbol","SymbolID":"iRwQ4qwRcEF4T5DFtuh6w37Mi7njPeBZ","name":"b7c400a6-e6b3-4579-9cc4-10156ec3b747","x":959,"y":-79,"zindex":-10,"displayName":"b7c400a6-e6b3-4579-9cc4-10156ec3b747","object":"36e735b3-3da1-44c0-ae51-732358ba3d65","symbols":{"5e2c60dd-959a-4a71-80e6-9ddc740eb17c":{}}},"615dad10-c1bf-46ca-a171-a1916a13f4b4":{"classDefinition":"sap.modeling.bpmn.ui.SubProcessSymbol","SymbolID":"RIyRLtLxLncXkngJ3ZEkW5iRbtCVx1BV","name":"615dad10-c1bf-46ca-a171-a1916a13f4b4","x":728,"y":-99,"width":100,"height":60,"displayName":"615dad10-c1bf-46ca-a171-a1916a13f4b4","object":"9187ff70-a389-4b5e-856e-1918e0475088"},"9e331aa2-264b-4fb5-a2df-fb82688aa25a":{"classDefinition":"sap.modeling.bpmn.ui.SequenceFlowSymbol","SymbolID":"PMRErtBkflJPi4oMELv8T6Ub2TTOPJl8","points":"778,-66 975,-66","name":"9e331aa2-264b-4fb5-a2df-fb82688aa25a","zindex":-10,"displayName":"9e331aa2-264b-4fb5-a2df-fb82688aa25a","sourceSymbol":"615dad10-c1bf-46ca-a171-a1916a13f4b4","targetSymbol":"b7c400a6-e6b3-4579-9cc4-10156ec3b747","object":"1035dba9-04bb-45da-a0d7-a4281a510a6e","symbols":{"45064cf1-0f60-4b49-8a2a-3b5a4c0b135b":{}}},"42d411dd-32c3-41ca-9fae-8d8a3b3f9e38":{"classDefinition":"sap.modeling.bpmn.ui.TaskSymbol","SymbolID":"LtcGx9D3NZZDEnp8GVS9QCmTdT8FPeRC","InconsistencyReasons":"[]","name":"42d411dd-32c3-41ca-9fae-8d8a3b3f9e38","x":544,"y":-367.5,"width":100,"height":60,"displayName":"42d411dd-32c3-41ca-9fae-8d8a3b3f9e38","object":"848da453-2176-4ea2-94c2-8ebd4a9cedba"},"c0df0ebc-fa27-45de-8396-09147a625c49":{"classDefinition":"sap.modeling.bpmn.ui.TaskSymbol","SymbolID":"MmefvQxa2xYvqTjs9UslaVUw9Hf1LG71","InconsistencyReasons":"[]","name":"c0df0ebc-fa27-45de-8396-09147a625c49","x":728,"y":-367.5,"width":100,"height":60,"displayName":"c0df0ebc-fa27-45de-8396-09147a625c49","object":"f2dc553e-3edd-43f0-9380-227838362e27"},"b351584b-e087-43e4-b58a-47f8d65da220":{"classDefinition":"sap.modeling.bpmn.Diagram","IsReference":false,"name":"b351584b-e087-43e4-b58a-47f8d65da220","displayName":"b351584b-e087-43e4-b58a-47f8d65da220"},"d4769422-c949-47bf-a183-7268a8829ee4":{"classDefinition":"sap.modeling.bpmn.Mark","MarkID":"120020EA39431ED888C2E93921D079DD","UID":"4W0WwZb37jUsifXMuRYdfG","Type":"PROCDIA","Name":"E2E_OTC_Sale-from-Stock Internet Sales (simplified)","Description":"E2E_OTC_Sale-from-Stock Internet Sales (simplified)","Classification":"ASGN","ParentUID":"120020EA39431ED888C2E939215639DD","ParentType":"DIAGRAMGRP","ParentName":"Diagrams","GraphConcept":"","Language":"EN","ParentGraphConcept":"","EntityModelUID":"120020EA39431ED888C2E9392156B9DD","TypeName":"Process Diagram","Version":"1","displayName":"E2E_OTC_Sale-from-Stock Internet Sales (simplified)"},"8c8b42a0-a4c8-4af3-9e0c-d3b5575c773c":{"classDefinition":"sap.modeling.bpmn.Mark","MarkID":"120020EA39431ED888C2E93921D099DD","UID":"4W0WwZb37jUsifXMuRZ7fG","Type":"PROCDIA","Name":"E2E_OTC<STANDARD>_Sale-from-Stock Internet Sales","Description":"E2E_OTC<STANDARD>_Sale-from-Stock Internet Sales","Classification":"ASGN","ParentUID":"120020EA39431ED888C2E939215639DD","ParentType":"DIAGRAMGRP","ParentName":"Diagrams","GraphConcept":"","Language":"EN","ParentGraphConcept":"","EntityModelUID":"120020EA39431ED888C2E9392156B9DD","TypeName":"Process Diagram","Version":"1","displayName":"E2E_OTC<STANDARD>_Sale-from-Stock Internet Sales"},"1f422df3-c33d-4fd0-bce3-815838efc1df":{"classDefinition":"sap.modeling.bpmn.Mark","MarkID":"120020EA39431ED888C2E93921D0B9DD","UID":"4W0WwZb37jUsifXMuRg7fG","Type":"BESTPRACTICEDOCU","Name":"BD9 - Sales Order Processing: Sale from Stock","Description":"BD9 - Sales Order Processing: Sale from Stock","Classification":"ASGN","ParentUID":"120020EA39431ED888C2E939215679DD","ParentType":"DOCUGRP","ParentName":"Documentation","GraphConcept":"","Language":"EN","ParentGraphConcept":"","EntityModelUID":"120020EA39431ED888C2E9392156B9DD","TypeName":"Document (Best Practice)","Version":"","displayName":"BD9 - Sales Order Processing: Sale from Stock"},"26721fa3-cb00-4e9e-81d0-a01e6e3180f4":{"classDefinition":"sap.modeling.bpmn.Mark","MarkID":"120020EA39431ED888C2E93921D0D9DD","UID":"4W0WwZb37jUsifXMuRq7fG","Type":"KWOBJ","Name":"(BPD) Internet Sales","Description":"(BPD) Internet Sales","Classification":"ASGN","ParentUID":"120020EA39431ED888C2E939215679DD","ParentType":"DOCUGRP","ParentName":"Documentation","GraphConcept":"","Language":"EN","ParentGraphConcept":"","EntityModelUID":"120020EA39431ED888C2E9392156B9DD","TypeName":"Document","Version":"","displayName":"(BPD) Internet Sales"},"20e74d1f-b258-4b88-a1d6-a07cf3f365d4":{"classDefinition":"sap.modeling.bpmn.Mark","MarkID":"120020EA39431ED888C2E93921D0F9DD","UID":"4W0WwZb37jUsifXMuSEdfG","Type":"TESTDOCUMENT","Name":"E2E_OTC_Sale-from-Stock Internet Sales","Description":"E2E_OTC_Sale-from-Stock Internet Sales","Classification":"ASGN","ParentUID":"120020EA39431ED888C2E939215699DD","ParentType":"TESTGRP","ParentName":"Test Cases","GraphConcept":"","Language":"EN","ParentGraphConcept":"","EntityModelUID":"120020EA39431ED888C2E9392156B9DD","TypeName":"Test Document","Version":"","displayName":"E2E_OTC_Sale-from-Stock Internet Sales"},"b91b0bd8-081c-490e-9283-78ed16c61311":{"classDefinition":"sap.modeling.bpmn.Mark","MarkID":"120020EA39431ED888C2E93921D1D9DD","UID":"4W0WwZb37jUsifXMuRtdfG","Type":"KWOBJ","Name":"(FSI) Internet Sales - Sales Order Entry","Description":"(FSI) Internet Sales - Sales Order Entry","Classification":"ASGN","ParentUID":"120020EA39431ED888C2E939215A99DD","ParentType":"DOCUGRP","ParentName":"Documentation","GraphConcept":"","Language":"EN","ParentGraphConcept":"","EntityModelUID":"120020EA39431ED888C2E939215B59DD","TypeName":"Document","Version":"","displayName":"(FSI) Internet Sales - Sales Order Entry"},"831d1ecd-89bb-4e64-8d23-cc5ec20fae54":{"classDefinition":"sap.modeling.bpmn.Mark","MarkID":"120020EA39431ED888C2E93921D1F9DD","UID":"4W0WwZb37jUsifXMuRu7fG","Type":"KWOBJ","Name":"(TD) Internet Sales - Sales Order Entry","Description":"(TD) Internet Sales - Sales Order Entry","Classification":"ASGN","ParentUID":"120020EA39431ED888C2E939215A99DD","ParentType":"DOCUGRP","ParentName":"Documentation","GraphConcept":"","Language":"EN","ParentGraphConcept":"","EntityModelUID":"120020EA39431ED888C2E939215B59DD","TypeName":"Document","Version":"","displayName":"(TD) Internet Sales - Sales Order Entry"},"359262d0-6465-4ba3-97ce-903c918ffa04":{"classDefinition":"sap.modeling.bpmn.Mark","MarkID":"120020EA39431ED888C2E93921D219DD","UID":"4W0WwZb37jUsifXMuSBdfG","Type":"TESTDOCUMENT","Name":"Sales Order Entry","Description":"Sales Order Entry","Classification":"ASGN","ParentUID":"120020EA39431ED888C2E939215AB9DD","ParentType":"TESTGRP","ParentName":"Test Cases","GraphConcept":"","Language":"EN","ParentGraphConcept":"","EntityModelUID":"120020EA39431ED888C2E939215B59DD","TypeName":"Test Document","Version":"","displayName":"Sales Order Entry"},"05a5d9ec-a70f-4f36-9aa4-b557c06ac923":{"classDefinition":"sap.modeling.bpmn.Mark","MarkID":"120020EA39431ED888C2E93921D239DD","UID":"4W0WwZb37jUsifXMuQI7fG","Type":"REF_EXECFIORILOGCOMP","Name":"Create Sales Orders (F0018)","Description":"Create Sales Orders (F0018)","Classification":"ASGN","ParentUID":"120020EA39431ED888C2E939215AD9DD","ParentType":"EXECGRP","ParentName":"Executables","GraphConcept":"","Language":"EN","ParentGraphConcept":"","EntityModelUID":"120020EA39431ED888C2E939215B59DD","TypeName":"Fiori Application <Exec.Ref.>","Version":"","displayName":"Create Sales Orders (F0018)"},"8de23fab-b789-46c5-ad18-a33ed2fbfa6d":{"classDefinition":"sap.modeling.bpmn.Mark","MarkID":"120020EA39431ED888C2E93921D259DD","UID":"4W0WwZb37jUsifXMuQe7fG","Type":"KWOBJ","Name":"(FS)FuncSpecSO_Entry.docx","Description":"(FS)FuncSpecSO_Entry.docx","Classification":"ASGN","ParentUID":"120020EA39431ED888C2E939215B19DD","ParentType":"DOCUGRP","ParentName":"Documentation","GraphConcept":"","Language":"EN","ParentGraphConcept":"","EntityModelUID":"120020EA39431ED888C2E939215B59DD","TypeName":"Document","Version":"","displayName":"(FS)FuncSpecSO_Entry.docx"},"6e380d5a-3440-43b8-beab-d1810870ad4d":{"classDefinition":"sap.modeling.bpmn.Mark","MarkID":"120020EA39431ED888C2E93921D279DD","UID":"4W0WwZb37jUsifXMuQedfG","Type":"KWOBJ","Name":"TechnicalDesignSO_Entry.docx","Description":"TechnicalDesignSO_Entry.docx","Classification":"ASGN","ParentUID":"120020EA39431ED888C2E939215B19DD","ParentType":"DOCUGRP","ParentName":"Documentation","GraphConcept":"","Language":"EN","ParentGraphConcept":"","EntityModelUID":"120020EA39431ED888C2E939215B59DD","TypeName":"Document","Version":"","displayName":"TechnicalDesignSO_Entry.docx"},"c7e23302-de67-43dd-a47d-891c33a7e73d":{"classDefinition":"sap.modeling.bpmn.Mark","MarkID":"120020EA39431ED888C2E93921D299DD","UID":"4W0WwZb37jUsifXMuUXdfG","Type":"REF_ENHOLOGCOMP","Name":"Sales order events for sell-from-stock","Description":"Sales order events for sell-from-stock","Classification":"ASGN","ParentUID":"120020EA39431ED888C2E939215B39DD","ParentType":"DEVGRP","ParentName":"Developments","GraphConcept":"","Language":"EN","ParentGraphConcept":"","EntityModelUID":"120020EA39431ED888C2E939215B59DD","TypeName":"Enhancement Implementation <Dev.Ref.>","Version":"","displayName":"Sales order events for sell-from-stock"},"dfefb5d3-43dd-4a56-a546-06d1140e147b":{"classDefinition":"sap.modeling.bpmn.Mark","MarkID":"120020EA39431ED888C2E93BB2B299DD","UID":"4W0WwZb37jUsifXMuRsdfG","Type":"KWOBJ","Name":"(FS) Internet Sales - Sales Quotation","Description":"(FS) Internet Sales - Sales Quotation","Classification":"ASGN","ParentUID":"120020EA39431ED888C2E939215B99DD","ParentType":"DOCUGRP","ParentName":"Documentation","GraphConcept":"","Language":"EN","ParentGraphConcept":"","EntityModelUID":"120020EA39431ED888C2E939215BF9DD","TypeName":"Document","Version":"","displayName":"(FS) Internet Sales - Sales Quotation"},"7f6b4873-dc0c-4ac6-a7e6-e13d42ba2614":{"classDefinition":"sap.modeling.bpmn.Mark","MarkID":"120020EA39431ED888C2E93BB2B2B9DD","UID":"4W0WwZb37jUsifXMuRt7fG","Type":"KWOBJ","Name":"(TD) Internet Sales - Sales Quotation","Description":"(TD) Internet Sales - Sales Quotation","Classification":"ASGN","ParentUID":"120020EA39431ED888C2E939215B99DD","ParentType":"DOCUGRP","ParentName":"Documentation","GraphConcept":"","Language":"EN","ParentGraphConcept":"","EntityModelUID":"120020EA39431ED888C2E939215BF9DD","TypeName":"Document","Version":"","displayName":"(TD) Internet Sales - Sales Quotation"},"c5291fc2-9a80-4a32-983b-d9804ff973a2":{"classDefinition":"sap.modeling.bpmn.Mark","MarkID":"120020EA39431ED888C2E93BB2B2D9DD","UID":"4W0WwZb37jUsifXMuSIdfG","Type":"TESTDOCUMENT","Name":"Sales Quotation (optional)","Description":"Sales Quotation (optional)","Classification":"ASGN","ParentUID":"120020EA39431ED888C2E939215BB9DD","ParentType":"TESTGRP","ParentName":"Test Cases","GraphConcept":"","Language":"EN","ParentGraphConcept":"","EntityModelUID":"120020EA39431ED888C2E939215BF9DD","TypeName":"Test Document","Version":"","displayName":"Sales Quotation (optional)"},"6f89bb27-be01-4891-a7cb-98b26384a5b0":{"classDefinition":"sap.modeling.bpmn.Mark","MarkID":"120020EA39431ED888C2E93BB2B2F9DD","UID":"4W0WwZb37jUsifXMuQPdfG","Type":"REF_EXECFIORILOGCOMP","Name":"Review Quoations - My Quotations (F0025)","Description":"Review Quoations - My Quotations (F0025)","Classification":"ASGN","ParentUID":"120020EA39431ED888C2E939215BD9DD","ParentType":"EXECGRP","ParentName":"Executables","GraphConcept":"","Language":"EN","ParentGraphConcept":"","EntityModelUID":"120020EA39431ED888C2E939215BF9DD","TypeName":"Fiori Application <Exec.Ref.>","Version":"","displayName":"Review Quoations - My Quotations (F0025)"},"ede075c2-88b3-4b0a-97b9-85ce912dbdc7":{"classDefinition":"sap.modeling.bpmn.Mark","MarkID":"120020EA39431ED888C2E93BB2B399DD","UID":"4W0WwZb37jUsifXMuRX7fG","Type":"KWOBJ","Name":"(FSG) Internet Sales - Review Sales Orders","Description":"(FSG) Internet Sales - Review Sales Orders","Classification":"ASGN","ParentUID":"120020EA39431ED888C2E939215C79DD","ParentType":"DOCUGRP","ParentName":"Documentation","GraphConcept":"","Language":"EN","ParentGraphConcept":"","EntityModelUID":"120020EA39431ED888C2E939215CF9DD","TypeName":"Document","Version":"","displayName":"(FSG) Internet Sales - Review Sales Orders"},"089edabb-a0fb-4d5d-a63b-f882d7a153a7":{"classDefinition":"sap.modeling.bpmn.Mark","MarkID":"120020EA39431ED888C2E93BB2B3B9DD","UID":"4W0WwZb37jUsifXMuRY7fG","Type":"KWOBJ","Name":"(TD) Internet Sales - Review Sales Orders","Description":"(TD) Internet Sales - Review Sales Orders","Classification":"ASGN","ParentUID":"120020EA39431ED888C2E939215C79DD","ParentType":"DOCUGRP","ParentName":"Documentation","GraphConcept":"","Language":"EN","ParentGraphConcept":"","EntityModelUID":"120020EA39431ED888C2E939215CF9DD","TypeName":"Document","Version":"","displayName":"(TD) Internet Sales - Review Sales Orders"},"3e88a50c-c16b-4466-bd79-735b24cf7791":{"classDefinition":"sap.modeling.bpmn.Mark","MarkID":"120020EA39431ED888C2E93BB2B3D9DD","UID":"4W0WwZb37jUsifXMuRr7fG","Type":"KWOBJ","Name":"(UC) Internet Sales - Review Sales Orders","Description":"(UC) Internet Sales - Review Sales Orders","Classification":"ASGN","ParentUID":"120020EA39431ED888C2E939215C79DD","ParentType":"DOCUGRP","ParentName":"Documentation","GraphConcept":"","Language":"EN","ParentGraphConcept":"","EntityModelUID":"120020EA39431ED888C2E939215CF9DD","TypeName":"Document","Version":"","displayName":"(UC) Internet Sales - Review Sales Orders"},"2a38972e-d6a4-4c26-a73c-59107a8352dc":{"classDefinition":"sap.modeling.bpmn.Mark","MarkID":"120020EA39431ED888C2E93BB2B3F9DD","UID":"4W0WwZb37jUsifXMuRrdfG","Type":"KWOBJ","Name":"(UG) Internet Sales - Review Sales Orders","Description":"(UG) Internet Sales - Review Sales Orders","Classification":"ASGN","ParentUID":"120020EA39431ED888C2E939215C79DD","ParentType":"DOCUGRP","ParentName":"Documentation","GraphConcept":"","Language":"EN","ParentGraphConcept":"","EntityModelUID":"120020EA39431ED888C2E939215CF9DD","TypeName":"Document","Version":"","displayName":"(UG) Internet Sales - Review Sales Orders"},"fc07044a-43ed-4b96-b1fc-efcd9fd1f316":{"classDefinition":"sap.modeling.bpmn.Mark","MarkID":"120020EA39431ED888C2E93BB2B419DD","UID":"4W0WwZb37jUsifXMuSAdfG","Type":"TESTDOCUMENT","Name":"Review Sales Orders","Description":"Review Sales Orders","Classification":"ASGN","ParentUID":"120020EA39431ED888C2E939215C99DD","ParentType":"TESTGRP","ParentName":"Test Cases","GraphConcept":"","Language":"EN","ParentGraphConcept":"","EntityModelUID":"120020EA39431ED888C2E939215CF9DD","TypeName":"Test Document","Version":"","displayName":"Review Sales Orders"},"2ed0169b-a2ae-4d05-a0d0-eb6e93de8b7c":{"classDefinition":"sap.modeling.bpmn.Mark","MarkID":"120020EA39431ED888C2E93BB2B439DD","UID":"4W0WwZb37jUsifXMuQd7fG","Type":"KWOBJ","Name":"FuncSpec_ReviewSO.docx","Description":"FuncSpec_ReviewSO.docx","Classification":"ASGN","ParentUID":"120020EA39431ED888C2E939215CB9DD","ParentType":"DOCUGRP","ParentName":"Documentation","GraphConcept":"","Language":"EN","ParentGraphConcept":"","EntityModelUID":"120020EA39431ED888C2E939215CF9DD","TypeName":"Document","Version":"","displayName":"FuncSpec_ReviewSO.docx"},"21550bcb-650a-4b12-af09-c3863c34289f":{"classDefinition":"sap.modeling.bpmn.Mark","MarkID":"120020EA39431ED888C2E93BB2B459DD","UID":"4W0WwZb37jUsifXMuUWdfG","Type":"REF_EXECFIORILOGCOMP","Name":"Sales Order Fulfillment (F0029)","Description":"Sales Order Fulfillment (F0029)","Classification":"ASGN","ParentUID":"120020EA39431ED888C2E939215CD9DD","ParentType":"EXECGRP","ParentName":"Executables","GraphConcept":"","Language":"EN","ParentGraphConcept":"","EntityModelUID":"120020EA39431ED888C2E939215CF9DD","TypeName":"Fiori Application <Exec.Ref.>","Version":"","displayName":"Sales Order Fulfillment (F0029)"},"45109d3f-2a43-4f40-bbb2-d79f32f3eb43":{"classDefinition":"sap.modeling.bpmn.Mark","MarkID":"120020EA39431ED888C2E93921D2B9DD","UID":"4W0WwZb37jUsifXMuRx7fG","Type":"KWOBJ","Name":"(FS) Internet Sales - Delivery Creation","Description":"(FS) Internet Sales - Delivery Creation","Classification":"ASGN","ParentUID":"120020EA39431ED888C2E939215859DD","ParentType":"DOCUGRP","ParentName":"Documentation","GraphConcept":"","Language":"EN","ParentGraphConcept":"","EntityModelUID":"120020EA39431ED888C2E9392158B9DD","TypeName":"Document","Version":"","displayName":"(FS) Internet Sales - Delivery Creation"},"aa65a63c-c0b9-4ffe-9781-82d5b4a8a768":{"classDefinition":"sap.modeling.bpmn.Mark","MarkID":"120020EA39431ED888C2E93921D2D9DD","UID":"4W0WwZb37jUsifXMuRxdfG","Type":"KWOBJ","Name":"(TD) Internet Sales - Delivery Creation","Description":"(TD) Internet Sales - Delivery Creation","Classification":"ASGN","ParentUID":"120020EA39431ED888C2E939215859DD","ParentType":"DOCUGRP","ParentName":"Documentation","GraphConcept":"","Language":"EN","ParentGraphConcept":"","EntityModelUID":"120020EA39431ED888C2E9392158B9DD","TypeName":"Document","Version":"","displayName":"(TD) Internet Sales - Delivery Creation"},"bcb150a9-bd69-466f-b06b-63b1477ada31":{"classDefinition":"sap.modeling.bpmn.Mark","MarkID":"120020EA39431ED888C2E93921D2F9DD","UID":"4W0WwZb37jUsifXMuSHdfG","Type":"TESTDOCUMENT","Name":"Delivery Creation","Description":"Delivery Creation","Classification":"ASGN","ParentUID":"120020EA39431ED888C2E939215879DD","ParentType":"TESTGRP","ParentName":"Test Cases","GraphConcept":"","Language":"EN","ParentGraphConcept":"","EntityModelUID":"120020EA39431ED888C2E9392158B9DD","TypeName":"Test Document","Version":"","displayName":"Delivery Creation"},"a80ebdfd-e81d-4081-98e9-b27eba0a942a":{"classDefinition":"sap.modeling.bpmn.Mark","MarkID":"120020EA39431ED888C2E93BB2B1D9DD","UID":"4W0WwZb37jUsifXMuQMdfG","Type":"REF_EXECTRANLOGCOMP","Name":"Order Items Due for Delivery","Description":"Order Items Due for Delivery","Classification":"ASGN","ParentUID":"120020EA39431ED888C2E939215899DD","ParentType":"EXECGRP","ParentName":"Executables","GraphConcept":"","Language":"EN","ParentGraphConcept":"","EntityModelUID":"120020EA39431ED888C2E9392158B9DD","TypeName":"Transaction <Exec.Ref.>","Version":"","displayName":"Order Items Due for Delivery"},"7a80753a-f8ae-4ebd-8ed3-07f59d41b898":{"classDefinition":"sap.modeling.bpmn.Mark","MarkID":"120020EA39431ED888C2E93921D119DD","UID":"4W0WwZb37jUsifXMuQL7fG","Type":"REF_EXECTRANLOGCOMP","Name":"Change Outbound Delivery","Description":"Change Outbound Delivery","Classification":"ASGN","ParentUID":"120020EA39431ED888C2E9392156D9DD","ParentType":"EXECGRP","ParentName":"Executables","GraphConcept":"","Language":"EN","ParentGraphConcept":"","EntityModelUID":"120020EA39431ED888C2E9392156F9DD","TypeName":"Transaction <Exec.Ref.>","Version":"","displayName":"Change Outbound Delivery"},"1424cf8a-d8d5-48da-8787-b12f4419e19a":{"classDefinition":"sap.modeling.bpmn.Mark","MarkID":"120020EA39431ED888C2E93BB2B1F9DD","UID":"4W0WwZb37jUsifXMuRudfG","Type":"KWOBJ","Name":"(FSG) Internet Sales - Post Goods Issue","Description":"(FSG) Internet Sales - Post Goods Issue","Classification":"ASGN","ParentUID":"120020EA39431ED888C2E9392159D9DD","ParentType":"DOCUGRP","ParentName":"Documentation","GraphConcept":"","Language":"EN","ParentGraphConcept":"","EntityModelUID":"120020EA39431ED888C2E939215A59DD","TypeName":"Document","Version":"","displayName":"(FSG) Internet Sales - Post Goods Issue"},"cf559423-d05a-4220-8031-3b15b7db6d81":{"classDefinition":"sap.modeling.bpmn.Mark","MarkID":"120020EA39431ED888C2E93BB2B219DD","UID":"4W0WwZb37jUsifXMuRv7fG","Type":"KWOBJ","Name":"(TD) Internet Sales - Post Goods Issue","Description":"(TD) Internet Sales - Post Goods Issue","Classification":"ASGN","ParentUID":"120020EA39431ED888C2E9392159D9DD","ParentType":"DOCUGRP","ParentName":"Documentation","GraphConcept":"","Language":"EN","ParentGraphConcept":"","EntityModelUID":"120020EA39431ED888C2E939215A59DD","TypeName":"Document","Version":"","displayName":"(TD) Internet Sales - Post Goods Issue"},"8b4deeed-7364-4204-a1fa-90654f305396":{"classDefinition":"sap.modeling.bpmn.Mark","MarkID":"120020EA39431ED888C2E93BB2B239DD","UID":"4W0WwZb37jUsifXMuSGdfG","Type":"TESTDOCUMENT","Name":"Post Goods Issue","Description":"Post Goods Issue","Classification":"ASGN","ParentUID":"120020EA39431ED888C2E9392159F9DD","ParentType":"TESTGRP","ParentName":"Test Cases","GraphConcept":"","Language":"EN","ParentGraphConcept":"","EntityModelUID":"120020EA39431ED888C2E939215A59DD","TypeName":"Test Document","Version":"","displayName":"Post Goods Issue"},"1041a095-6d00-4a28-8f4b-0a9196ebfc26":{"classDefinition":"sap.modeling.bpmn.Mark","MarkID":"120020EA39431ED888C2E93BB2B259DD","UID":"4W0WwZb37jUsifXMuQO7fG","Type":"REF_EXECTRANLOGCOMP","Name":"Outbound Delivery Monitor","Description":"Outbound Delivery Monitor","Classification":"ASGN","ParentUID":"120020EA39431ED888C2E939215A19DD","ParentType":"EXECGRP","ParentName":"Executables","GraphConcept":"","Language":"EN","ParentGraphConcept":"","EntityModelUID":"120020EA39431ED888C2E939215A59DD","TypeName":"Transaction <Exec.Ref.>","Version":"","displayName":"Outbound Delivery Monitor"},"326264c6-d78b-4831-b264-796738844d39":{"classDefinition":"sap.modeling.bpmn.Mark","MarkID":"120020EA39431ED888C2E93BB2B279DD","UID":"4W0WwZb37jUsifXMuQfdfG","Type":"KWOBJ","Name":"FuncSpecPGI.docx","Description":"FuncSpecPGI.docx","Classification":"ASGN","ParentUID":"120020EA39431ED888C2E939215A39DD","ParentType":"DOCUGRP","ParentName":"Documentation","GraphConcept":"","Language":"EN","ParentGraphConcept":"","EntityModelUID":"120020EA39431ED888C2E939215A59DD","TypeName":"Document","Version":"","displayName":"FuncSpecPGI.docx"},"5b405534-d422-4b45-bd92-2438a0ebd683":{"classDefinition":"sap.modeling.bpmn.Mark","MarkID":"120020EA39431ED888C2E93BB2B319DD","UID":"4W0WwZb37jUsifXMuRydfG","Type":"KWOBJ","Name":"(FS) Internet Sales - Billing","Description":"(FS) Internet Sales - Billing","Classification":"ASGN","ParentUID":"120020EA39431ED888C2E939215739DD","ParentType":"DOCUGRP","ParentName":"Documentation","GraphConcept":"","Language":"EN","ParentGraphConcept":"","EntityModelUID":"120020EA39431ED888C2E939215799DD","TypeName":"Document","Version":"","displayName":"(FS) Internet Sales - Billing"},"35c9eaa6-4f17-4abd-845a-4a2a66355c88":{"classDefinition":"sap.modeling.bpmn.Mark","MarkID":"120020EA39431ED888C2E93BB2B339DD","UID":"4W0WwZb37jUsifXMuRz7fG","Type":"KWOBJ","Name":"(TD) Internet Sales - Billing","Description":"(TD) Internet Sales - Billing","Classification":"ASGN","ParentUID":"120020EA39431ED888C2E939215739DD","ParentType":"DOCUGRP","ParentName":"Documentation","GraphConcept":"","Language":"EN","ParentGraphConcept":"","EntityModelUID":"120020EA39431ED888C2E939215799DD","TypeName":"Document","Version":"","displayName":"(TD) Internet Sales - Billing"},"6142f205-8d63-41b7-a92c-d1a480079b7c":{"classDefinition":"sap.modeling.bpmn.Mark","MarkID":"120020EA39431ED888C2E93BB2B359DD","UID":"4W0WwZb37jUsifXMuSDdfG","Type":"TESTDOCUMENT","Name":"Billing","Description":"Billing","Classification":"ASGN","ParentUID":"120020EA39431ED888C2E939215759DD","ParentType":"TESTGRP","ParentName":"Test Cases","GraphConcept":"","Language":"EN","ParentGraphConcept":"","EntityModelUID":"120020EA39431ED888C2E939215799DD","TypeName":"Test Document","Version":"","displayName":"Billing"},"7ffd43f2-c9d4-4f46-b481-55348dd1675b":{"classDefinition":"sap.modeling.bpmn.Mark","MarkID":"120020EA39431ED888C2E93BB2B379DD","UID":"4W0WwZb37jUsifXMuQJdfG","Type":"REF_EXECFIORILOGCOMP","Name":"Create Billing Document Worklist (F0798)","Description":"Create Billing Document Worklist (F0798)","Classification":"ASGN","ParentUID":"120020EA39431ED888C2E939215779DD","ParentType":"EXECGRP","ParentName":"Executables","GraphConcept":"","Language":"EN","ParentGraphConcept":"","EntityModelUID":"120020EA39431ED888C2E939215799DD","TypeName":"Fiori Application <Exec.Ref.>","Version":"","displayName":"Create Billing Document Worklist (F0798)"},"f3a78529-a483-4318-b7bc-34fa1829621d":{"classDefinition":"sap.modeling.bpmn.Artifact","ArtifactID":"L9fSpVkKQUnc50OMhCZhCDwNNw6HjxNB","ModelUID":"L9fSpVkKQUnc50OMhCZhCDwNNw6HjxNB","GraphInfo":{"GraphConcept":"Text","GraphDecorator":{"Decorator1":"","Decorator2":"","Decorator3":""}},"NodeContext":{"Para1":"4W0WwZb37jUtXOFZzTk7WG","Para2":"OHUgVZWE7{2XbBdHOopsb0","Para3":"X","Para4":"X","Para5":""},"ProviderFilter":"SMUD","OdataFilter":"BPMN","GraphType":{"SubType":"ROLE","Type":"PROC"},"Language":"EN","IsDisplayed":false,"name":"Artifact1","displayName":"Artifact 1"},"875bb8c1-353a-4ab5-ba43-601e3b95372c":{"classDefinition":"sap.modeling.bpmn.ui.TextSymbol","SymbolID":"nKm77mTVSZK1yiR7siuNX0tKPHs77u1c","x":235.75,"y":-539.5,"width":4,"object":"f3a78529-a483-4318-b7bc-34fa1829621d"},"a44ee246-19bc-40b9-84ca-dcdf58ea5713":{"classDefinition":"sap.modeling.bpmn.Artifact","ArtifactID":"Gvj9YWVmyj0raHb1vlNC0BtegGG6I5B3","ModelUID":"Gvj9YWVmyj0raHb1vlNC0BtegGG6I5B3","GraphInfo":{"GraphConcept":"Text","GraphDecorator":{"Decorator1":"","Decorator2":"","Decorator3":""}},"NodeContext":{"Para1":"4W0WwZb37jUtXOFZzTk7WG","Para2":"OHUgVZWE7{2XbBdHOopsb0","Para3":"X","Para4":"X","Para5":""},"ProviderFilter":"SMUD","OdataFilter":"BPMN","GraphType":{"SubType":"ROLE","Type":"PROC"},"Language":"EN","IsDisplayed":false,"name":"Artifact2","displayName":"Artifact 2"},"4e23b573-5590-427e-a1b6-c230d781ac6f":{"classDefinition":"sap.modeling.bpmn.ui.TextSymbol","SymbolID":"uFL209s1XMvk02VmhZL4WxGcB439fjkz","x":107,"y":-451.5,"width":4,"object":"a44ee246-19bc-40b9-84ca-dcdf58ea5713"},"cd5c4c19-c127-4fc5-bf1b-cbfc33c480dd":{"classDefinition":"sap.modeling.bpmn.Artifact","ArtifactID":"wVogMdvuMoUbyy60apOSOV0dhVwzZOVW","ModelUID":"wVogMdvuMoUbyy60apOSOV0dhVwzZOVW","GraphInfo":{"GraphConcept":"Text","GraphDecorator":{"Decorator1":"","Decorator2":"","Decorator3":""}},"NodeContext":{"Para1":"4W0WwZb37jUtXOFZzTk7WG","Para2":"OHUgVZWE7{2XbBdHOopsb0","Para3":"X","Para4":"X","Para5":""},"ProviderFilter":"SMUD","OdataFilter":"BPMN","GraphType":{"SubType":"ROLE","Type":"PROC"},"Language":"EN","IsDisplayed":false,"name":"Artifact3","displayName":"Artifact 3"},"15b44426-2f81-4be9-8653-f23b7d0bbf44":{"classDefinition":"sap.modeling.bpmn.ui.TextSymbol","SymbolID":"jcw6RVIAvWY8UPdefxLgbhCsuIZn8zwo","x":493.5,"y":-537.25,"width":4,"object":"cd5c4c19-c127-4fc5-bf1b-cbfc33c480dd"},"90a3f47e-803d-4c51-a61c-61f15139e71f":{"classDefinition":"sap.modeling.bpmn.Artifact","ArtifactID":"L3sjeHhwcows7NCK7PhaJQy1IUiC8iNy","ModelUID":"L3sjeHhwcows7NCK7PhaJQy1IUiC8iNy","GraphInfo":{"GraphConcept":"Text","GraphDecorator":{"Decorator1":"","Decorator2":"","Decorator3":""}},"NodeContext":{"Para1":"4W0WwZb37jUtXOFZzTk7WG","Para2":"OHUgVZWE7{2XbBdHOopsb0","Para3":"X","Para4":"X","Para5":""},"ProviderFilter":"SMUD","OdataFilter":"BPMN","GraphType":{"SubType":"ROLE","Type":"PROC"},"Language":"EN","IsDisplayed":false,"name":"Artifact4","displayName":"Artifact 4"},"eb075eba-8f6b-41f6-bba7-35189d223f3e":{"classDefinition":"sap.modeling.bpmn.ui.TextSymbol","SymbolID":"IcJeaAkIedJRokkotQPYGOAdzvgPWVJV","x":599,"y":-434.75,"width":4,"object":"90a3f47e-803d-4c51-a61c-61f15139e71f"},"59bd9e8b-1e52-4126-9634-050cb3d1a945":{"classDefinition":"sap.modeling.bpmn.Artifact","ArtifactID":"9vZyhfhJjH4EFOMqTchLLxBZNjw7owSU","ModelUID":"9vZyhfhJjH4EFOMqTchLLxBZNjw7owSU","GraphInfo":{"GraphConcept":"Text","GraphDecorator":{"Decorator1":"","Decorator2":"","Decorator3":""}},"NodeContext":{"Para1":"4W0WwZb37jUtXOFZzTk7WG","Para2":"OHUgVZWE7{2XbBdHOopsb0","Para3":"X","Para4":"X","Para5":""},"ProviderFilter":"SMUD","OdataFilter":"BPMN","GraphType":{"SubType":"ROLE","Type":"PROC"},"Language":"EN","IsDisplayed":false,"name":"Artifact5","displayName":"Artifact 5"},"f78468cc-0b66-4388-843b-5b3c5e3d56ab":{"classDefinition":"sap.modeling.bpmn.ui.TextSymbol","SymbolID":"o9hGPDoF9AcXsBOZaMyt06cqKpTPag4n","x":684,"y":-342.5,"width":4,"object":"59bd9e8b-1e52-4126-9634-050cb3d1a945"},"3fed7f42-e4e2-407b-974d-28526a2f4185":{"classDefinition":"sap.modeling.bpmn.Artifact","ArtifactID":"OIJDIUOQE8ptp9wcGMjpNaZbsPpzrDl4","ModelUID":"OIJDIUOQE8ptp9wcGMjpNaZbsPpzrDl4","GraphInfo":{"GraphConcept":"Text","GraphDecorator":{"Decorator1":"","Decorator2":"","Decorator3":""}},"NodeContext":{"Para1":"4W0WwZb37jUtXOFZzTk7WG","Para2":"OHUgVZWE7{2XbBdHOopsb0","Para3":"X","Para4":"X","Para5":""},"ProviderFilter":"SMUD","OdataFilter":"BPMN","GraphType":{"SubType":"ROLE","Type":"PROC"},"Language":"EN","IsDisplayed":false,"name":"Artifact6","displayName":"Artifact 6"},"153b45fa-c80f-4998-9986-67545c9bd8cc":{"classDefinition":"sap.modeling.bpmn.ui.TextSymbol","SymbolID":"LxWO0jB47dkCUQjnCQPrmP8vTYIPbe1e","x":783,"y":-272.25,"width":4,"object":"3fed7f42-e4e2-407b-974d-28526a2f4185"},"f10f7823-56b0-4be6-b571-937626aa5806":{"classDefinition":"sap.modeling.bpmn.Artifact","ArtifactID":"7YtoJlZQLgm1vZfWSwEeBgNG93NT1NBy","ModelUID":"7YtoJlZQLgm1vZfWSwEeBgNG93NT1NBy","GraphInfo":{"GraphConcept":"Text","GraphDecorator":{"Decorator1":"","Decorator2":"","Decorator3":""}},"NodeContext":{"Para1":"4W0WwZb37jUtXOFZzTk7WG","Para2":"OHUgVZWE7{2XbBdHOopsb0","Para3":"X","Para4":"X","Para5":""},"ProviderFilter":"SMUD","OdataFilter":"BPMN","GraphType":{"SubType":"ROLE","Type":"PROC"},"Language":"EN","IsDisplayed":false,"name":"Artifact7","displayName":"Artifact 7"},"c880909b-ed14-45e6-8cc9-6a423310df6a":{"classDefinition":"sap.modeling.bpmn.ui.TextSymbol","SymbolID":"Lio6FQOhLJfWvZbVVUwfLevCPP6fHYvc","x":783,"y":-138,"width":4,"object":"f10f7823-56b0-4be6-b571-937626aa5806"},"fb2a5a1b-4fda-49d1-8dfe-aca0c9cac4e1":{"classDefinition":"sap.modeling.bpmn.Artifact","ArtifactID":"uC7qDhEtbjG6nALyLPfzI3GuAsMLZWqQ","Name":"Start Event","ModelUID":"uC7qDhEtbjG6nALyLPfzI3GuAsMLZWqQ","GraphInfo":{"GraphConcept":"Text","GraphDecorator":{"Decorator1":"","Decorator2":"","Decorator3":""}},"NodeContext":{"Para1":"4W0WwZb37jUtXOFZzTk7WG","Para2":"OHUgVZWE7{2XbBdHOopsb0","Para3":"X","Para4":"X","Para5":""},"ProviderFilter":"SMUD","OdataFilter":"BPMN","GraphType":{"SubType":"ROLE","Type":"PROC"},"Language":"EN","IsDisplayed":false,"name":"Artifact8","displayName":"Artifact 8"},"201d10ef-167f-4d05-ad66-101b3f0672f9":{"classDefinition":"sap.modeling.bpmn.ui.TextSymbol","SymbolID":"0vEE5qmwUvH1j7j13UKhoijY0VfqpqIi","x":-63,"y":-517.5,"width":90,"height":40,"object":"fb2a5a1b-4fda-49d1-8dfe-aca0c9cac4e1"},"ed596532-e869-4bd8-b6c8-6ecd7fc76141":{"classDefinition":"sap.modeling.bpmn.Artifact","ArtifactID":"SZx0Xqol3xN4XgK5f1tHkXlTf6wxadQL","Name":"Gateway","ModelUID":"SZx0Xqol3xN4XgK5f1tHkXlTf6wxadQL","GraphInfo":{"GraphConcept":"Text","GraphDecorator":{"Decorator1":"","Decorator2":"","Decorator3":""}},"NodeContext":{"Para1":"4W0WwZb37jUtXOFZzTk7WG","Para2":"OHUgVZWE7{2XbBdHOopsb0","Para3":"X","Para4":"X","Para5":""},"ProviderFilter":"SMUD","OdataFilter":"BPMN","GraphType":{"SubType":"ROLE","Type":"PROC"},"Language":"EN","IsDisplayed":false,"name":"Artifact9","displayName":"Artifact 9"},"87e1fcec-dbf4-4b1a-8613-4f58ba56d22f":{"classDefinition":"sap.modeling.bpmn.ui.TextSymbol","SymbolID":"eh0OzToDeu2A6RqiQYeC6AlBE51i5oou","x":64,"y":-510.5,"width":90,"height":40,"object":"ed596532-e869-4bd8-b6c8-6ecd7fc76141"},"477989d1-c4a5-44c7-a0be-0c290201205a":{"classDefinition":"sap.modeling.bpmn.Artifact","ArtifactID":"0DdCm8RsvhvWy0k9ZWO7enUF6qdg94uC","ModelUID":"0DdCm8RsvhvWy0k9ZWO7enUF6qdg94uC","GraphInfo":{"GraphConcept":"Text","GraphDecorator":{"Decorator1":"","Decorator2":"","Decorator3":""}},"NodeContext":{"Para1":"4W0WwZb37jUtXOFZzTk7WG","Para2":"OHUgVZWE7{2XbBdHOopsb0","Para3":"X","Para4":"X","Para5":""},"ProviderFilter":"SMUD","OdataFilter":"BPMN","GraphType":{"SubType":"ROLE","Type":"PROC"},"Language":"EN","IsDisplayed":false,"name":"Artifact10","displayName":"Artifact 10"},"cea2ff78-6c83-4a70-8487-7c2addb7eba2":{"classDefinition":"sap.modeling.bpmn.ui.TextSymbol","SymbolID":"IdWQM54F551p9K0icD4RSLcpEVJVhciS","x":42.404753215150045,"y":-541,"width":4,"object":"477989d1-c4a5-44c7-a0be-0c290201205a"},"8e67a67a-3aeb-4806-93e9-48afd8830172":{"classDefinition":"sap.modeling.bpmn.Artifact","ArtifactID":"0bDYvTWHsp06uzeqV9LhwiIRDd7qcNmR","ModelUID":"0bDYvTWHsp06uzeqV9LhwiIRDd7qcNmR","GraphInfo":{"GraphConcept":"Text","GraphDecorator":{"Decorator1":"","Decorator2":"","Decorator3":""}},"NodeContext":{"Para1":"4W0WwZb37jUtXOFZzTk7WG","Para2":"OHUgVZWE7{2XbBdHOopsb0","Para3":"X","Para4":"X","Para5":""},"ProviderFilter":"SMUD","OdataFilter":"BPMN","GraphType":{"SubType":"ROLE","Type":"PROC"},"Language":"EN","IsDisplayed":false,"name":"Artifact11","displayName":"Artifact 11"},"91314cdb-fb29-42b3-85bd-197a928f600a":{"classDefinition":"sap.modeling.bpmn.ui.TextSymbol","SymbolID":"bqLPpHmI81qcHwRAevnZlA0DrKSqRjsF","x":402,"y":-446.5,"width":4,"object":"8e67a67a-3aeb-4806-93e9-48afd8830172"},"9268a86f-4aa0-48fa-bc0d-3984680c2318":{"classDefinition":"sap.modeling.bpmn.Artifact","ArtifactID":"FYNulEnQqsvQWesFNx6U5vxf8VysA7G2","Name":"End Event","ModelUID":"FYNulEnQqsvQWesFNx6U5vxf8VysA7G2","GraphInfo":{"GraphConcept":"Text","GraphDecorator":{"Decorator1":"","Decorator2":"","Decorator3":""}},"NodeContext":{"Para1":"4W0WwZb37jUtXOFZzTk7WG","Para2":"OHUgVZWE7{2XbBdHOopsb0","Para3":"X","Para4":"X","Para5":""},"ProviderFilter":"SMUD","OdataFilter":"BPMN","GraphType":{"SubType":"ROLE","Type":"PROC"},"Language":"EN","IsDisplayed":false,"name":"Artifact12","displayName":"Artifact 12"},"5e2c60dd-959a-4a71-80e6-9ddc740eb17c":{"classDefinition":"sap.modeling.bpmn.ui.TextSymbol","SymbolID":"feIhj73gP5TykeLuTrksEwBNyTLJSL1B","x":930,"y":-42,"width":90,"height":40,"object":"9268a86f-4aa0-48fa-bc0d-3984680c2318"},"5fd98236-0c33-42a4-8f1b-551b208a9bae":{"classDefinition":"sap.modeling.bpmn.Artifact","ArtifactID":"kQ2PxdNpHdhJqjRyYYzNemnAPASOtpAp","ModelUID":"kQ2PxdNpHdhJqjRyYYzNemnAPASOtpAp","GraphInfo":{"GraphConcept":"Text","GraphDecorator":{"Decorator1":"","Decorator2":"","Decorator3":""}},"NodeContext":{"Para1":"4W0WwZb37jUtXOFZzTk7WG","Para2":"OHUgVZWE7{2XbBdHOopsb0","Para3":"X","Para4":"X","Para5":""},"ProviderFilter":"SMUD","OdataFilter":"BPMN","GraphType":{"SubType":"ROLE","Type":"PROC"},"Language":"EN","IsDisplayed":false,"name":"Artifact13","displayName":"Artifact 13"},"45064cf1-0f60-4b49-8a2a-3b5a4c0b135b":{"classDefinition":"sap.modeling.bpmn.ui.TextSymbol","SymbolID":"pqIptODL5H3Bns9aaJ6TpY7jso3Ah7du","x":891.1295301752166,"y":-71,"width":4,"object":"5fd98236-0c33-42a4-8f1b-551b208a9bae"},"c2b74666-fc82-4e06-a9e9-7d0033ee5ccf":{"classDefinition":"sap.modeling.bpmn.Process","ArtifactID":"120020EA39431ED888C2E9E0EAFC99E2","CategoryValue":"","Name":"01.01.01 Analysis of external environment","ModelUID":"i7j9gsL5NxoeiUDTvXCrvE","GraphInfo":{"GraphConcept":"Process","GraphDecorator":{"Decorator1":"","Decorator2":"","Decorator3":"","IsAdHoc":false,"IsCollapsed":false,"IsNonInterrupting":false,"IsComplex":false}},"ParentID":"120020EA39431ED888C2E9E0EAB5F9E2","NodeContext":{"Para1":"4W0WwZb37jUtXOFZzTk7WG","Para2":"OHUgVZWE7{2XbBdHOopsb0","Para3":"","Para4":"","Para5":"00000000000000000000000000000000"},"ProviderFilter":"SMUD","OdataFilter":"BPMN","RefUID":"4W0WwZb37jUsifXN6chdfG","GraphType":{"ExtType":"","SubType":"ROLE","Type":"PROC"},"Language":"EN","Description":"","ParentModelUID":"","ProcessModelUID":"","IsDisplayed":false,"RoleID":"","SystemID":"","OrganizationID":"","SenderID":"","ReceiverID":"","Authorisations":{"Entity":{"Read":true,"Change":true,"Delete":true,"Create":true},"Reference":{"Read":true,"Change":true,"Delete":true,"Create":true}},"displayName":"01.01.01 Analysis of external environment","relatedReferences":{"5d30540f-cd3f-4bd2-ba18-4e4146d2c88e":{}}},"6b18ad99-86d2-49ad-94ef-3c6bf28a838a":{"classDefinition":"sap.modeling.bpmn.Diagram","DiagramID":"dz8XO0dKqVslG7fbgaNVm8SDBagN4KQb","GraphID":"4W0WwZb37jUsifXN6chdfG","GraphVersion":0,"ModelUID":"120020EA39431ED888C2E9E0EAFC99E2","Name":"01.01.01 Analysis of external environment (External)","Language":"EN","ParentModelUID":"4W0WwZb37jUsifXN6chdfG","IsReference":false,"GraphType":{"SubType":"GENE","Type":"PMAP"},"displayName":"01.01.01 Analysis of external environment (External)"},"5d30540f-cd3f-4bd2-ba18-4e4146d2c88e":{"classDefinition":"sap.modeling.bpmn.Reference","ReferenceID":"1pBdUUzPuaypXpdd6j46yy7dgJ0aflWQ","IsDefault":false,"artifact":"c2b74666-fc82-4e06-a9e9-7d0033ee5ccf","diagram":"6b18ad99-86d2-49ad-94ef-3c6bf28a838a"}}}