{"contents":{"b977197a-16aa-4248-ab64-4561fff79ebb":{"classDefinition":"sap.modeling.bpmn.Model","name":"b977197a-16aa-4248-ab64-4561fff79ebb","displayName":"b977197a-16aa-4248-ab64-4561fff79ebb","graph":"2c32a04e-146c-497a-ac2b-b9327029d1cc","pools":{"0ded3d80-f31f-4416-994d-fcd7dbe3b16f":{"name":"0ded3d80-f31f-4416-994d-fcd7dbe3b16f"},"6d0a2f1f-bad9-4aa5-8838-f263369e9837":{"name":"6d0a2f1f-bad9-4aa5-8838-f263369e9837"}},"lanes":{"8004dfe4-a295-41ab-9a03-fde5e641dfe8":{"name":"8004dfe4-a295-41ab-9a03-fde5e641dfe8"}},"activities":{"e6f1105c-ee4c-48a9-afa7-284665c7121f":{"name":"e6f1105c-ee4c-48a9-afa7-284665c7121f"},"708036f1-9c02-4ab0-875f-7f77e52132d3":{"name":"708036f1-9c02-4ab0-875f-7f77e52132d3"},"92aa1e4c-3d46-42d9-9708-05b607b560ba":{"name":"92aa1e4c-3d46-42d9-9708-05b607b560ba"}},"subProcesses":{"dc955f37-52cd-4dee-b228-edd29bd87390":{"name":"SubProcess1"}},"events":{"a5a2fb05-0585-4a76-8a8d-f8f4d20b8d93":{"name":"StartEvent1"},"b060964b-7b3f-4230-aca5-3dd4c58098d2":{"name":"BoundaryEvent1"},"bbe7b602-0379-4b78-b162-7a686545efff":{"name":"EndEvent1"}},"artifacts":{"b7fe0527-6aeb-4d8a-8f04-8abb7be48e0b":{"name":"Artifact1"},"0ff76242-e104-46b2-bedc-351378ca2cfa":{"name":"Artifact2"},"6241c666-396c-41fc-a1c2-efc986c98e04":{"name":"Artifact3"},"79eb4b8e-9bdf-4594-b424-906cf46e9361":{"name":"Artifact4"},"5ecaf703-6f9c-4eb2-9c9b-54e294277b64":{"name":"Artifact5"},"e60c1303-78f0-4b21-be3b-5b983dce23e9":{"name":"Artifact6"},"84f4240c-0eef-48f1-baa1-06b8a1a64786":{"name":"Artifact7"},"22e1f17c-99c2-4548-8c95-3b70233ba81f":{"name":"Artifact1"},"28c13418-ed4a-42c6-b998-ccc8d78e7e16":{"name":"28c13418-ed4a-42c6-b998-ccc8d78e7e16"},"88e84416-bbab-41f4-a094-eb4203c5222a":{"name":"Artifact2"},"994c6eaa-dbaa-4a6c-b928-df696c37228f":{"name":"994c6eaa-dbaa-4a6c-b928-df696c37228f"}},"sequenceFlows":{"8984f3f3-97e7-402e-a12e-2520497c3e42":{"name":"8984f3f3-97e7-402e-a12e-2520497c3e42"},"fcbe7560-18c3-46e0-9fa3-7e8daa09d63d":{"name":"fcbe7560-18c3-46e0-9fa3-7e8daa09d63d"},"ecd35fd3-a3b3-4dcb-9e06-8fc12d2f3e0e":{"name":"ecd35fd3-a3b3-4dcb-9e06-8fc12d2f3e0e"},"fbad3b88-766a-4785-ba07-971a6fcae589":{"name":"SequenceFlow1"},"91897725-cc1b-479f-90b5-5c45aeab1d48":{"name":"SequenceFlow1"},"8c528372-c83c-46e3-86ee-3a9098c817d2":{"name":"SequenceFlow2"}},"messageFlows":{"556245b5-f767-4dc3-8da6-fede7e929caa":{"name":"MessageFlow1"}},"diagrams":{"6ad103ff-b2cf-49ef-8e30-c1bcd48fa6c0":{"name":"6ad103ff-b2cf-49ef-8e30-c1bcd48fa6c0"},"320d52c1-8ceb-4270-b540-e2605e98b17e":{"name":"320d52c1-8ceb-4270-b540-e2605e98b17e"},"128b8a0b-4a82-4510-ae85-6bdba229e32c":{"name":"128b8a0b-4a82-4510-ae85-6bdba229e32c"}}},"0ded3d80-f31f-4416-994d-fcd7dbe3b16f":{"classDefinition":"sap.modeling.bpmn.BlackPool","PoolID":"5hvWFWJlOpfUWFANLTJB6tEbHgyAR2eH","CategoryValue":"","Name":"Customer","ModelUID":"5hvWFWJlOpfUWFANLTJB6tEbHgyAR2eH","GraphInfo":{"GraphConcept":"BlackPool","GraphDecorator":{"Decorator1":"","Decorator2":"","Decorator3":"","IsAdHoc":false,"IsCollapsed":false,"IsNonInterrupting":false,"IsComplex":false}},"ParentID":"4W0WwZb37jUsifXMuRndfG","NodeContext":{"Para1":"4W0WwZb37jUtXOFZzTk7WG","Para2":"OHUgVZWE7{2XbBdHOopsb0","Para3":"X","Para4":"","Para5":"00000000000000000000000000000000"},"ProviderFilter":"SMUD","OdataFilter":"BPMN","RefUID":"","GraphType":{"SubType":"ROLE","Type":"COLL","ExtType":""},"Language":"EN","Description":"","ParentModelUID":"4W0WwZb37jUsifXMuRndfG","IsDisplayed":true,"SenderID":"","ReceiverID":"","name":"0ded3d80-f31f-4416-994d-fcd7dbe3b16f","displayName":"Black Pool"},"6d0a2f1f-bad9-4aa5-8838-f263369e9837":{"classDefinition":"sap.modeling.bpmn.Pool","PoolID":"120020EA39431ED881CBA334D53DFF11","CategoryValue":"","Name":"E2E_OTC_Sale-from-Stock (CHARM-Development)","ModelUID":"4W0WwZb37jUsifXMuRndfG","GraphInfo":{"GraphConcept":"Pool","GraphDecorator":{"Decorator1":"","Decorator2":"","Decorator3":"","IsAdHoc":false,"IsCollapsed":false,"IsNonInterrupting":false,"IsComplex":false}},"ParentID":"4W0WwZb37jUsifXMuQG7fG","NodeContext":{"Para1":"4W0WwZb37jUtXOFZzTk7WG","Para2":"OHUgVZWE7{2XbBdHOopsb0","Para3":"X","Para4":"","Para5":"00000000000000000000000000000000"},"ProviderFilter":"SMUD","OdataFilter":"BPMN","RefUID":"","GraphType":{"SubType":"ROLE","Type":"COLL","ExtType":""},"Language":"EN","Description":"","ParentModelUID":"4W0WwZb37jUsifXMuQG7fG","IsDisplayed":false,"SenderID":"","ReceiverID":"","Authorisations":{"Entity":{"Read":true,"Change":false,"Delete":false,"Create":false},"Reference":{"Read":false,"Change":false,"Delete":false,"Create":false}},"name":"6d0a2f1f-bad9-4aa5-8838-f263369e9837","displayName":"E2E_OTC_Sale-from-Stock (CHARM-Development)","MarkSet":{"b8c95b08-2941-4ec5-af7d-72ece6fc90a3":{},"f7eb6a3e-a0ba-4582-a21a-0f192bac4fcc":{},"71cc0724-d8c4-4063-979f-ae18027128b9":{},"dde46439-14ed-4474-9447-1fc6dce4b761":{}}},"8004dfe4-a295-41ab-9a03-fde5e641dfe8":{"classDefinition":"sap.modeling.bpmn.Lane","propertyName":"RoleID","LaneID":"VpsTBE6EEEhovuZuo2IkszMLZdItxZ8Q","CategoryValue":"","Name":"Accounts Payable Accountant (CN)","ModelUID":"OHUgVZWE7{2XbHBYxod{dm","GraphInfo":{"GraphConcept":"Lane","GraphDecorator":{"Decorator1":"","Decorator2":"","Decorator3":"","IsAdHoc":false,"IsCollapsed":false,"IsNonInterrupting":false,"IsComplex":false}},"ParentID":"120020EA39431ED881CBA334D53DFF11","NodeContext":{"Para1":"4W0WwZb37jUtXOFZzTk7WG","Para2":"OHUgVZWE7{2XbBdHOopsb0","Para3":"X","Para4":"","Para5":"00000000000000000000000000000000"},"ProviderFilter":"SMUD","OdataFilter":"BPMN","RefUID":"OHUgVZWE7{2XbHBYxod{dm","GraphType":{"ExtType":"","SubType":"ROLE","Type":"COLL"},"Language":"EN","Description":"","ParentModelUID":"120020EA39431EE881EA92644E3ED5FD","IsDisplayed":false,"SystemID":"","RoleID":"","OrganizationID":"","Authorisations":{"Entity":{"Read":true,"Change":true,"Delete":true,"Create":true},"Reference":{"Read":true,"Change":true,"Delete":true,"Create":true}},"name":"8004dfe4-a295-41ab-9a03-fde5e641dfe8","displayName":"Accounts Payable Accountant (CN)"},"e6f1105c-ee4c-48a9-afa7-284665c7121f":{"classDefinition":"sap.modeling.bpmn.Task","type":"user","loopType":null,"startQuantity":null,"completionQuantity":null,"isForCompensation":false,"implementation":null,"script":null,"scriptFormat":null,"instantiate":false,"ProcessModelUID":"4W0WwZb37jUsifXMuRndfG","ActivityID":"N5Cju1XldWr4zGO6qX3N0VHDxqUblqne","CategoryValue":"","Name":"Adding Freight Costs in the Outbound Delivery (Optional)","ModelUID":"4W0WwZb37jUsifXMuRj7fG","GraphInfo":{"GraphConcept":"Task","GraphDecorator":{"Decorator1":"User","Decorator2":"","Decorator3":"","IsAdHoc":false,"IsCollapsed":false,"IsNonInterrupting":false,"IsComplex":false}},"ParentID":"VpsTBE6EEEhovuZuo2IkszMLZdItxZ8Q","RoleID":"","SystemID":"MEL2U7RYBYP6BIMUX3O74TOW3I","OrganizationID":"","NodeContext":{"Para1":"4W0WwZb37jUtXOFZzTk7WG","Para2":"OHUgVZWE7{2XbBdHOopsb0","Para3":"X","Para4":"","Para5":"00000000000000000000000000000000"},"ProviderFilter":"SMUD","OdataFilter":"BPMN","RefUID":"4W0WwZb37jUsifXMuQK7fG","GraphType":{"ExtType":"","SubType":"ROLE","Type":"COLL"},"Language":"EN","Description":"","ParentModelUID":"4W0WwZb37jUsifXMuRndfG","IsDisplayed":false,"Authorisations":{"Entity":{"Read":true,"Change":true,"Delete":true,"Create":true},"Reference":{"Read":true,"Change":true,"Delete":true,"Create":true}},"name":"e6f1105c-ee4c-48a9-afa7-284665c7121f","displayName":"Adding Freight Costs in the Outbound Delivery (Optional)","MarkSet":{"8ef98469-e0ec-4bfc-95af-0948fd7e4ae4":{}}},"708036f1-9c02-4ab0-875f-7f77e52132d3":{"classDefinition":"sap.modeling.bpmn.Task","type":"service","loopType":null,"startQuantity":null,"completionQuantity":null,"isForCompensation":false,"implementation":null,"script":null,"scriptFormat":null,"instantiate":false,"ProcessModelUID":"4W0WwZb37jUsifXMuRndfG","ActivityID":"OoGsAZtLq0P5PjEoR1HPHJXbCzIDwrLU","CategoryValue":"","Name":"Billing","ModelUID":"4W0WwZb37jUsifXMuRk7fG","GraphInfo":{"GraphConcept":"Task","GraphDecorator":{"Decorator1":"Service","Decorator2":"","Decorator3":"","IsAdHoc":false,"IsCollapsed":false,"IsNonInterrupting":false,"IsComplex":false}},"ParentID":"VpsTBE6EEEhovuZuo2IkszMLZdItxZ8Q","RoleID":"","SystemID":"MEL2U7RYBYP6BIMUX3O74TOW3I","OrganizationID":"","NodeContext":{"Para1":"4W0WwZb37jUtXOFZzTk7WG","Para2":"OHUgVZWE7{2XbBdHOopsb0","Para3":"X","Para4":"","Para5":"00000000000000000000000000000000"},"ProviderFilter":"SMUD","OdataFilter":"BPMN","RefUID":"4W0WwZb37jUsifXMuQIdfG","GraphType":{"ExtType":"","SubType":"ROLE","Type":"COLL"},"Language":"EN","Description":"","ParentModelUID":"4W0WwZb37jUsifXMuRndfG","IsDisplayed":false,"Authorisations":{"Entity":{"Read":true,"Change":true,"Delete":true,"Create":true},"Reference":{"Read":true,"Change":true,"Delete":true,"Create":true}},"name":"708036f1-9c02-4ab0-875f-7f77e52132d3","displayName":"Billing","MarkSet":{"8aa4f068-1366-452b-9b74-7a0de721c12d":{}}},"92aa1e4c-3d46-42d9-9708-05b607b560ba":{"classDefinition":"sap.modeling.bpmn.Task","type":"user","loopType":null,"startQuantity":null,"completionQuantity":null,"isForCompensation":false,"implementation":null,"script":null,"scriptFormat":null,"instantiate":false,"ProcessModelUID":"4W0WwZb37jUsifXMuRndfG","ActivityID":"5QaYhDTLUyPz3qM6dhUcbwy7FWY6T0I5","CategoryValue":"","Name":"Delivery Creation","ModelUID":"4W0WwZb37jUsifXMuRl7fG","GraphInfo":{"GraphConcept":"Task","GraphDecorator":{"Decorator1":"User","Decorator2":"","Decorator3":"","IsAdHoc":false,"IsCollapsed":false,"IsNonInterrupting":false,"IsComplex":false}},"ParentID":"VpsTBE6EEEhovuZuo2IkszMLZdItxZ8Q","RoleID":"","SystemID":"MEL2U7RYBYP6BIMUX3O74TOW3I","OrganizationID":"","NodeContext":{"Para1":"4W0WwZb37jUtXOFZzTk7WG","Para2":"OHUgVZWE7{2XbBdHOopsb0","Para3":"X","Para4":"","Para5":"00000000000000000000000000000000"},"ProviderFilter":"SMUD","OdataFilter":"BPMN","RefUID":"4W0WwZb37jUsifXMuQLdfG","GraphType":{"ExtType":"","SubType":"ROLE","Type":"COLL"},"Language":"EN","Description":"","ParentModelUID":"4W0WwZb37jUsifXMuRndfG","IsDisplayed":false,"Authorisations":{"Entity":{"Read":true,"Change":true,"Delete":true,"Create":true},"Reference":{"Read":true,"Change":true,"Delete":true,"Create":true}},"name":"92aa1e4c-3d46-42d9-9708-05b607b560ba","displayName":"Delivery Creation","MarkSet":{"bad0210a-6ec1-4413-98bf-174c2e816fbb":{}}},"dc955f37-52cd-4dee-b228-edd29bd87390":{"classDefinition":"sap.modeling.bpmn.SubProcess","isEventBased":false,"isForCompensation":false,"SubProcessID":"MpBQpqqKbCHMgu5pzga127O3P7ZyPKja","CategoryValue":"","Name":"02.01.01 Definition of portfolio development context","ModelUID":"0i8RZD1xwhasmUHJU8nysrPJ4Xts1Gcd","GraphInfo":{"GraphConcept":"Task","GraphDecorator":{"Decorator1":"","Decorator2":"","Decorator3":"","IsAdHoc":false,"IsCollapsed":false,"IsNonInterrupting":false,"IsComplex":false}},"ParentID":"VpsTBE6EEEhovuZuo2IkszMLZdItxZ8Q","RoleID":"","SystemID":"","OrganizationID":"","IsCollapsed":false,"NodeContext":{"Para1":"4W0WwZb37jUtXOFZzTk7WG","Para2":"OHUgVZWE7{2XbBdHOopsb0","Para3":"X","Para4":"","Para5":"00000000000000000000000000000000"},"ProviderFilter":"SMUD","OdataFilter":"BPMN","RefUID":"","GraphType":{"SubType":"ROLE","Type":"COLL","ExtType":""},"Language":"EN","Description":"","ParentModelUID":"","IsDisplayed":true,"name":"SubProcess1","displayName":"Sub Process 1","ReferenceSet":{"30776e8d-ddeb-4b50-9bd9-6c1ebd065a41":{"name":"30776e8d-ddeb-4b50-9bd9-6c1ebd065a41"}}},"a5a2fb05-0585-4a76-8a8d-f8f4d20b8d93":{"classDefinition":"sap.modeling.bpmn.StartEvent","EventID":"e9GnHObhqh6SD0Cvb2RcuPAbldesPRXR","CategoryValue":"","Name":"Start Event","ModelUID":"zAzU2z6qkdsTuAmaHFvjOvJDhwsnmuwa","GraphInfo":{"GraphConcept":"StartEvent","GraphDecorator":{"Decorator1":"","Decorator2":"","Decorator3":"","IsAdHoc":false,"IsCollapsed":false,"IsNonInterrupting":false,"IsComplex":false}},"ParentID":"VpsTBE6EEEhovuZuo2IkszMLZdItxZ8Q","RoleID":"","SystemID":"","OrganizationID":"","NodeContext":{"Para1":"4W0WwZb37jUtXOFZzTk7WG","Para2":"OHUgVZWE7{2XbBdHOopsb0","Para3":"X","Para4":"","Para5":"00000000000000000000000000000000"},"ProviderFilter":"SMUD","OdataFilter":"BPMN","RefUID":"","GraphType":{"SubType":"ROLE","Type":"COLL","ExtType":""},"Language":"EN","Description":"","ParentModelUID":"","IsDisplayed":true,"SenderID":"","ReceiverID":"","name":"StartEvent1","displayName":"Start Event 1"},"b060964b-7b3f-4230-aca5-3dd4c58098d2":{"classDefinition":"sap.modeling.bpmn.BoundaryEvent","EventID":"bp74DtrgpblLMIiYYKhxlgUEuG6SBix3","CategoryValue":"","Name":"Boundary Event","ModelUID":"zMcSSvKjiejh1fKiEHyChTibtq84Hyvw","GraphInfo":{"GraphConcept":"BoundaryEvent","GraphDecorator":{"Decorator1":"Escalation","Decorator2":"","Decorator3":"","IsAdHoc":false,"IsCollapsed":false,"IsNonInterrupting":false,"IsComplex":false}},"ParentID":"5QaYhDTLUyPz3qM6dhUcbwy7FWY6T0I5","RoleID":"","SystemID":"","OrganizationID":"","NodeContext":{"Para1":"4W0WwZb37jUtXOFZzTk7WG","Para2":"OHUgVZWE7{2XbBdHOopsb0","Para3":"X","Para4":"","Para5":"00000000000000000000000000000000"},"ProviderFilter":"SMUD","OdataFilter":"BPMN","RefUID":"","GraphType":{"SubType":"ROLE","Type":"COLL","ExtType":""},"Language":"EN","Description":"","ParentModelUID":"","IsDisplayed":true,"SenderID":"","ReceiverID":"","name":"BoundaryEvent1","displayName":"Boundary Event 1","eventDefinitions":{"0a3f0c23-2d53-4f82-91b7-72ce3ae4f6d9":{"name":"0a3f0c23-2d53-4f82-91b7-72ce3ae4f6d9"}}},"bbe7b602-0379-4b78-b162-7a686545efff":{"classDefinition":"sap.modeling.bpmn.EndEvent","EventID":"es36Ugh7TRbYfgYJs3oxHRO11PyO1qE4","CategoryValue":"","Name":"QM_01_03 check type 01 with Q certificate","ModelUID":"TFEsiRpvKO9aNxOKDnZwrDfwhq7ktzRG","GraphInfo":{"GraphConcept":"EndEvent","GraphDecorator":{"Decorator1":"","Decorator2":"","Decorator3":"","IsAdHoc":false,"IsCollapsed":false,"IsNonInterrupting":false,"IsComplex":false}},"ParentID":"VpsTBE6EEEhovuZuo2IkszMLZdItxZ8Q","RoleID":"","SystemID":"","OrganizationID":"","NodeContext":{"Para1":"4W0WwZb37jUtXOFZzTk7WG","Para2":"OHUgVZWE7{2XbBdHOopsb0","Para3":"X","Para4":"","Para5":"00000000000000000000000000000000"},"ProviderFilter":"SMUD","OdataFilter":"BPMN","RefUID":"","GraphType":{"SubType":"ROLE","Type":"COLL","ExtType":""},"Language":"EN","Description":"","ParentModelUID":"","IsDisplayed":true,"SenderID":"","ReceiverID":"","name":"EndEvent1","displayName":"End Event 1","ReferenceSet":{"ab49e203-a481-413d-9efc-9623ebbc2f95":{"name":"ab49e203-a481-413d-9efc-9623ebbc2f95"}}},"b7fe0527-6aeb-4d8a-8f04-8abb7be48e0b":{"classDefinition":"sap.modeling.bpmn.Artifact","ArtifactID":"UnSYHpVHrxioy1Bp0nsb7ZqhbH2642g6","Name":"Start Event","ModelUID":"UnSYHpVHrxioy1Bp0nsb7ZqhbH2642g6","GraphInfo":{"GraphConcept":"Text","GraphDecorator":{"Decorator1":"","Decorator2":"","Decorator3":""}},"NodeContext":{"Para1":"4W0WwZb37jUtXOFZzTk7WG","Para2":"OHUgVZWE7{2XbBdHOopsb0","Para3":"X","Para4":"","Para5":"00000000000000000000000000000000"},"ProviderFilter":"SMUD","OdataFilter":"BPMN","GraphType":{"SubType":"ROLE","Type":"COLL"},"Language":"EN","IsDisplayed":false,"name":"Artifact1","displayName":"Artifact 1"},"0ff76242-e104-46b2-bedc-351378ca2cfa":{"classDefinition":"sap.modeling.bpmn.Artifact","ArtifactID":"6zO8cP7JStkf2dBbOuvF83qJhhaMA8Qw","ModelUID":"6zO8cP7JStkf2dBbOuvF83qJhhaMA8Qw","GraphInfo":{"GraphConcept":"Text","GraphDecorator":{"Decorator1":"","Decorator2":"","Decorator3":""}},"NodeContext":{"Para1":"4W0WwZb37jUtXOFZzTk7WG","Para2":"OHUgVZWE7{2XbBdHOopsb0","Para3":"X","Para4":"","Para5":"00000000000000000000000000000000"},"ProviderFilter":"SMUD","OdataFilter":"BPMN","GraphType":{"SubType":"ROLE","Type":"COLL"},"Language":"EN","IsDisplayed":false,"name":"Artifact2","displayName":"Artifact 2"},"6241c666-396c-41fc-a1c2-efc986c98e04":{"classDefinition":"sap.modeling.bpmn.Artifact","ArtifactID":"mQtrKUD22xTweJXaikOtbqK0M2IxlQMs","ModelUID":"mQtrKUD22xTweJXaikOtbqK0M2IxlQMs","GraphInfo":{"GraphConcept":"Text","GraphDecorator":{"Decorator1":"","Decorator2":"","Decorator3":""}},"NodeContext":{"Para1":"4W0WwZb37jUtXOFZzTk7WG","Para2":"OHUgVZWE7{2XbBdHOopsb0","Para3":"X","Para4":"","Para5":"00000000000000000000000000000000"},"ProviderFilter":"SMUD","OdataFilter":"BPMN","GraphType":{"SubType":"ROLE","Type":"COLL"},"Language":"EN","IsDisplayed":false,"name":"Artifact3","displayName":"Artifact 3"},"79eb4b8e-9bdf-4594-b424-906cf46e9361":{"classDefinition":"sap.modeling.bpmn.Artifact","ArtifactID":"t3FCW9ab7Ox5bnySbs41msFFSNbLEiOf","ModelUID":"t3FCW9ab7Ox5bnySbs41msFFSNbLEiOf","GraphInfo":{"GraphConcept":"Text","GraphDecorator":{"Decorator1":"","Decorator2":"","Decorator3":""}},"NodeContext":{"Para1":"4W0WwZb37jUtXOFZzTk7WG","Para2":"OHUgVZWE7{2XbBdHOopsb0","Para3":"X","Para4":"","Para5":"00000000000000000000000000000000"},"ProviderFilter":"SMUD","OdataFilter":"BPMN","GraphType":{"SubType":"ROLE","Type":"COLL"},"Language":"EN","IsDisplayed":false,"name":"Artifact4","displayName":"Artifact 4"},"5ecaf703-6f9c-4eb2-9c9b-54e294277b64":{"classDefinition":"sap.modeling.bpmn.Artifact","ArtifactID":"yvF5hMLxnoNel2p45vweG4fEx0jem15t","Name":"QM_01_03 check type 01 with Q certificate","ModelUID":"yvF5hMLxnoNel2p45vweG4fEx0jem15t","GraphInfo":{"GraphConcept":"Text","GraphDecorator":{"Decorator1":"","Decorator2":"","Decorator3":""}},"NodeContext":{"Para1":"4W0WwZb37jUtXOFZzTk7WG","Para2":"OHUgVZWE7{2XbBdHOopsb0","Para3":"X","Para4":"","Para5":"00000000000000000000000000000000"},"ProviderFilter":"SMUD","OdataFilter":"BPMN","GraphType":{"SubType":"ROLE","Type":"COLL"},"Language":"EN","IsDisplayed":false,"name":"Artifact5","displayName":"Artifact 5"},"e60c1303-78f0-4b21-be3b-5b983dce23e9":{"classDefinition":"sap.modeling.bpmn.Artifact","ArtifactID":"fe5NMArEk2PEkfdnM5OUzIBo5ZDre6f9","ModelUID":"fe5NMArEk2PEkfdnM5OUzIBo5ZDre6f9","GraphInfo":{"GraphConcept":"Text","GraphDecorator":{"Decorator1":"","Decorator2":"","Decorator3":""}},"NodeContext":{"Para1":"4W0WwZb37jUtXOFZzTk7WG","Para2":"OHUgVZWE7{2XbBdHOopsb0","Para3":"X","Para4":"","Para5":"00000000000000000000000000000000"},"ProviderFilter":"SMUD","OdataFilter":"BPMN","GraphType":{"SubType":"ROLE","Type":"COLL"},"Language":"EN","IsDisplayed":false,"name":"Artifact6","displayName":"Artifact 6"},"84f4240c-0eef-48f1-baa1-06b8a1a64786":{"classDefinition":"sap.modeling.bpmn.Artifact","ArtifactID":"8UybKpkShacqb2Ru018VWuPMbDDx5NkE","ModelUID":"8UybKpkShacqb2Ru018VWuPMbDDx5NkE","GraphInfo":{"GraphConcept":"Text","GraphDecorator":{"Decorator1":"","Decorator2":"","Decorator3":""}},"NodeContext":{"Para1":"4W0WwZb37jUtXOFZzTk7WG","Para2":"OHUgVZWE7{2XbBdHOopsb0","Para3":"X","Para4":"","Para5":"00000000000000000000000000000000"},"ProviderFilter":"SMUD","OdataFilter":"BPMN","GraphType":{"SubType":"ROLE","Type":"COLL"},"Language":"EN","IsDisplayed":false,"name":"Artifact7","displayName":"Artifact 7"},"22e1f17c-99c2-4548-8c95-3b70233ba81f":{"classDefinition":"sap.modeling.bpmn.Artifact","ArtifactID":"sQfPE06YoPUTL7F9hpn5wS2hzjhvSDGR","ModelUID":"sQfPE06YoPUTL7F9hpn5wS2hzjhvSDGR","GraphInfo":{"GraphConcept":"Text","GraphDecorator":{"Decorator1":"","Decorator2":"","Decorator3":""}},"NodeContext":{"Para1":"4W0WwZb37jUtXOFZzTk7WG","Para2":"OHUgVZWE7{2XbBdHOopsb0","Para3":"X","Para4":"","Para5":"00000000000000000000000000000000"},"ProviderFilter":"SMUD","OdataFilter":"BPMN","GraphType":{"SubType":"ROLE","Type":"COLL"},"Language":"EN","IsDisplayed":false,"name":"Artifact1","displayName":"Artifact 1"},"28c13418-ed4a-42c6-b998-ccc8d78e7e16":{"classDefinition":"sap.modeling.bpmn.Process","ArtifactID":"120020EA39431ED881CBDC1581C47F5C","CategoryValue":"","Name":"02.01.01 Definition of portfolio development context","ModelUID":"W7qkKeLHl7f9Icid83O2LD","GraphInfo":{"GraphConcept":"Process","GraphDecorator":{"Decorator1":"","Decorator2":"","Decorator3":"","IsAdHoc":false,"IsCollapsed":false,"IsNonInterrupting":false,"IsComplex":false}},"ParentID":"120020EA39431ED881CBDC15817A5F5C","NodeContext":{"Para1":"4W0WwZb37jUtXOFZzTk7WG","Para2":"OHUgVZWE7{2XbBdHOopsb0","Para3":"X","Para4":"","Para5":"00000000000000000000000000000000"},"ProviderFilter":"SMUD","OdataFilter":"BPMN","RefUID":"4W0WwZb37jUsifXN6cq7fG","GraphType":{"ExtType":"","SubType":"ROLE","Type":"COLL"},"Language":"EN","Description":"","ParentModelUID":"4W0WwZb37jUsifXMuRndfG","ProcessModelUID":"4W0WwZb37jUsifXMuRndfG","IsDisplayed":false,"RoleID":"","SystemID":"","OrganizationID":"","SenderID":"","ReceiverID":"","Authorisations":{"Entity":{"Read":true,"Change":false,"Delete":false,"Create":false},"Reference":{"Read":true,"Change":false,"Delete":false,"Create":true}},"name":"28c13418-ed4a-42c6-b998-ccc8d78e7e16","displayName":"02.01.01 Definition of portfolio development context","relatedReferences":{"30776e8d-ddeb-4b50-9bd9-6c1ebd065a41":{"name":"30776e8d-ddeb-4b50-9bd9-6c1ebd065a41"}}},"88e84416-bbab-41f4-a094-eb4203c5222a":{"classDefinition":"sap.modeling.bpmn.Artifact","ArtifactID":"BrHF6vHWcY0lHZiw8LGRDtP6H9cwWP1e","ModelUID":"BrHF6vHWcY0lHZiw8LGRDtP6H9cwWP1e","GraphInfo":{"GraphConcept":"Text","GraphDecorator":{"Decorator1":"","Decorator2":"","Decorator3":""}},"NodeContext":{"Para1":"4W0WwZb37jUtXOFZzTk7WG","Para2":"OHUgVZWE7{2XbBdHOopsb0","Para3":"X","Para4":"","Para5":"00000000000000000000000000000000"},"ProviderFilter":"SMUD","OdataFilter":"BPMN","GraphType":{"SubType":"ROLE","Type":"COLL"},"Language":"EN","IsDisplayed":false,"name":"Artifact2","displayName":"Artifact 2"},"994c6eaa-dbaa-4a6c-b928-df696c37228f":{"classDefinition":"sap.modeling.bpmn.Process","ArtifactID":"120020EA39431EE881EA8D7FC6E1F5FC","CategoryValue":"","Name":"QM_01_03 check type 01 with Q certificate","ModelUID":"duuEmL80ylXAZU8vjSYxma","GraphInfo":{"GraphConcept":"Process","GraphDecorator":{"Decorator1":"","Decorator2":"","Decorator3":"","IsAdHoc":false,"IsCollapsed":false,"IsNonInterrupting":false,"IsComplex":false}},"ParentID":"120020EA39431EE881EA8D7FC6DFF5FC","NodeContext":{"Para1":"4W0WwZb37jUtXOFZzTk7WG","Para2":"OHUgVZWE7{2XbBdHOopsb0","Para3":"X","Para4":"","Para5":"00000000000000000000000000000000"},"ProviderFilter":"SMUD","OdataFilter":"BPMN","RefUID":"4W0WwZb37jUsifXMwSjdfG","GraphType":{"ExtType":"","SubType":"ROLE","Type":"COLL"},"Language":"EN","Description":"","ParentModelUID":"4W0WwZb37jUsifXMuRndfG","ProcessModelUID":"4W0WwZb37jUsifXMuRndfG","IsDisplayed":false,"RoleID":"","SystemID":"","OrganizationID":"","SenderID":"","ReceiverID":"","Authorisations":{"Entity":{"Read":true,"Change":false,"Delete":false,"Create":false},"Reference":{"Read":true,"Change":false,"Delete":false,"Create":true}},"name":"994c6eaa-dbaa-4a6c-b928-df696c37228f","displayName":"QM_01_03 check type 01 with Q certificate","relatedReferences":{"ab49e203-a481-413d-9efc-9623ebbc2f95":{"name":"ab49e203-a481-413d-9efc-9623ebbc2f95"}}},"8984f3f3-97e7-402e-a12e-2520497c3e42":{"classDefinition":"sap.modeling.bpmn.SequenceFlow","condition":"","isImmediate":false,"SequenceFlowID":"9DKehQVNW63VZhXoza2tvJj56dyNCPXF","CategoryValue":"","SourceRef":"e9GnHObhqh6SD0Cvb2RcuPAbldesPRXR","TargetRef":"N5Cju1XldWr4zGO6qX3N0VHDxqUblqne","ModelUID":"MbySSwHJvc1pQv1riHYEbcnlyb4tLlPh","GraphInfo":{"GraphConcept":"SequenceFlow","GraphDecorator":{"Decorator1":"","Decorator2":"","Decorator3":"","IsAdHoc":false,"IsCollapsed":false,"IsNonInterrupting":false,"IsComplex":false}},"ParentID":"VpsTBE6EEEhovuZuo2IkszMLZdItxZ8Q","OdataFilter":"BPMN","RefUID":"","Language":"EN","GraphType":{"SubType":"ROLE","Type":"COLL","ExtType":""},"ProviderFilter":"SMUD","Description":"","ParentModelUID":"","IsDisplayed":true,"name":"8984f3f3-97e7-402e-a12e-2520497c3e42","displayName":"8984f3f3-97e7-402e-a12e-2520497c3e42","source":"a5a2fb05-0585-4a76-8a8d-f8f4d20b8d93","target":"e6f1105c-ee4c-48a9-afa7-284665c7121f"},"fcbe7560-18c3-46e0-9fa3-7e8daa09d63d":{"classDefinition":"sap.modeling.bpmn.SequenceFlow","condition":"","isImmediate":false,"SequenceFlowID":"u2sP9Y6KKS3RWD3ysrEqsAS3y3wBLsvj","CategoryValue":"","SourceRef":"N5Cju1XldWr4zGO6qX3N0VHDxqUblqne","TargetRef":"OoGsAZtLq0P5PjEoR1HPHJXbCzIDwrLU","ModelUID":"purOKpTG0wdV50M68AE3WGbEzFQpJ3qN","GraphInfo":{"GraphConcept":"SequenceFlow","GraphDecorator":{"Decorator1":"","Decorator2":"","Decorator3":"","IsAdHoc":false,"IsCollapsed":false,"IsNonInterrupting":false,"IsComplex":false}},"ParentID":"VpsTBE6EEEhovuZuo2IkszMLZdItxZ8Q","OdataFilter":"BPMN","RefUID":"","Language":"EN","GraphType":{"SubType":"ROLE","Type":"COLL","ExtType":""},"ProviderFilter":"SMUD","Description":"","ParentModelUID":"","IsDisplayed":true,"name":"fcbe7560-18c3-46e0-9fa3-7e8daa09d63d","displayName":"fcbe7560-18c3-46e0-9fa3-7e8daa09d63d","source":"e6f1105c-ee4c-48a9-afa7-284665c7121f","target":"708036f1-9c02-4ab0-875f-7f77e52132d3"},"ecd35fd3-a3b3-4dcb-9e06-8fc12d2f3e0e":{"classDefinition":"sap.modeling.bpmn.SequenceFlow","condition":"","isImmediate":false,"SequenceFlowID":"QL4ZPqXIhNg8n3F8mWSWBVwVLkqy8kjZ","CategoryValue":"","SourceRef":"OoGsAZtLq0P5PjEoR1HPHJXbCzIDwrLU","TargetRef":"5QaYhDTLUyPz3qM6dhUcbwy7FWY6T0I5","ModelUID":"PbqvZaqJSaCocR5KVjAvr8aLWXyi256L","GraphInfo":{"GraphConcept":"SequenceFlow","GraphDecorator":{"Decorator1":"","Decorator2":"","Decorator3":"","IsAdHoc":false,"IsCollapsed":false,"IsNonInterrupting":false,"IsComplex":false}},"ParentID":"VpsTBE6EEEhovuZuo2IkszMLZdItxZ8Q","OdataFilter":"BPMN","RefUID":"","Language":"EN","GraphType":{"SubType":"ROLE","Type":"COLL","ExtType":""},"ProviderFilter":"SMUD","Description":"","ParentModelUID":"","IsDisplayed":true,"name":"ecd35fd3-a3b3-4dcb-9e06-8fc12d2f3e0e","displayName":"ecd35fd3-a3b3-4dcb-9e06-8fc12d2f3e0e","source":"708036f1-9c02-4ab0-875f-7f77e52132d3","target":"92aa1e4c-3d46-42d9-9708-05b607b560ba"},"fbad3b88-766a-4785-ba07-971a6fcae589":{"classDefinition":"sap.modeling.bpmn.SequenceFlow","condition":"","isImmediate":false,"SequenceFlowID":"3ybA1EV5XcU9AW561oXk43H3VtY9Dh3O","CategoryValue":"","SourceRef":"bp74DtrgpblLMIiYYKhxlgUEuG6SBix3","TargetRef":"es36Ugh7TRbYfgYJs3oxHRO11PyO1qE4","ModelUID":"yfarubhuWCBgSeX9LqqzCE0iWsebCuBM","GraphInfo":{"GraphConcept":"SequenceFlow","GraphDecorator":{"Decorator1":"","Decorator2":"","Decorator3":"","IsAdHoc":false,"IsCollapsed":false,"IsNonInterrupting":false,"IsComplex":false}},"ParentID":"VpsTBE6EEEhovuZuo2IkszMLZdItxZ8Q","OdataFilter":"BPMN","RefUID":"","Language":"EN","GraphType":{"SubType":"ROLE","Type":"COLL","ExtType":""},"ProviderFilter":"SMUD","Description":"","ParentModelUID":"","IsDisplayed":true,"name":"SequenceFlow1","displayName":"Sequence Flow 1","source":"b060964b-7b3f-4230-aca5-3dd4c58098d2","target":"bbe7b602-0379-4b78-b162-7a686545efff"},"91897725-cc1b-479f-90b5-5c45aeab1d48":{"classDefinition":"sap.modeling.bpmn.SequenceFlow","condition":"","isImmediate":false,"SequenceFlowID":"u4hhll50wy1dj08iHJIBtPhYlGCszKr6","CategoryValue":"","SourceRef":"OoGsAZtLq0P5PjEoR1HPHJXbCzIDwrLU","TargetRef":"MpBQpqqKbCHMgu5pzga127O3P7ZyPKja","ModelUID":"aEgTbyCUZ2Ac9nIHqzLCpJJ323h2MoMU","GraphInfo":{"GraphConcept":"SequenceFlow","GraphDecorator":{"Decorator1":"","Decorator2":"","Decorator3":"","IsAdHoc":false,"IsCollapsed":false,"IsNonInterrupting":false,"IsComplex":false}},"ParentID":"VpsTBE6EEEhovuZuo2IkszMLZdItxZ8Q","OdataFilter":"BPMN","RefUID":"","Language":"EN","GraphType":{"SubType":"ROLE","Type":"COLL","ExtType":""},"ProviderFilter":"SMUD","Description":"","ParentModelUID":"","IsDisplayed":true,"name":"SequenceFlow1","displayName":"Sequence Flow 1","source":"708036f1-9c02-4ab0-875f-7f77e52132d3","target":"dc955f37-52cd-4dee-b228-edd29bd87390"},"8c528372-c83c-46e3-86ee-3a9098c817d2":{"classDefinition":"sap.modeling.bpmn.SequenceFlow","condition":"","isImmediate":false,"SequenceFlowID":"INEF4sR3HK6aRUBzuwQXMEYcW8I8wEEB","CategoryValue":"","SourceRef":"MpBQpqqKbCHMgu5pzga127O3P7ZyPKja","TargetRef":"5QaYhDTLUyPz3qM6dhUcbwy7FWY6T0I5","ModelUID":"Laqy6v49GJxFOZLnvgQ2QO6EZKMo9OKI","GraphInfo":{"GraphConcept":"SequenceFlow","GraphDecorator":{"Decorator1":"","Decorator2":"","Decorator3":"","IsAdHoc":false,"IsCollapsed":false,"IsNonInterrupting":false,"IsComplex":false}},"ParentID":"VpsTBE6EEEhovuZuo2IkszMLZdItxZ8Q","OdataFilter":"BPMN","RefUID":"","Language":"EN","GraphType":{"SubType":"ROLE","Type":"COLL","ExtType":""},"ProviderFilter":"SMUD","Description":"","ParentModelUID":"","IsDisplayed":true,"name":"SequenceFlow2","displayName":"Sequence Flow 2","source":"dc955f37-52cd-4dee-b228-edd29bd87390","target":"92aa1e4c-3d46-42d9-9708-05b607b560ba"},"556245b5-f767-4dc3-8da6-fede7e929caa":{"classDefinition":"sap.modeling.bpmn.MessageFlow","MessageFlowID":"pH10MVyoiAZl0nIwJ153JFexzJ0FulFp","CategoryValue":"","SourceRef":"OoGsAZtLq0P5PjEoR1HPHJXbCzIDwrLU","TargetRef":"5hvWFWJlOpfUWFANLTJB6tEbHgyAR2eH","ModelUID":"8d4jHIVnps5IhkvwlTmSlAHDLrsYjIP5","GraphInfo":{"GraphConcept":"MessageFlow","GraphDecorator":{"Decorator1":"","Decorator2":"","Decorator3":"","IsAdHoc":false,"IsCollapsed":false,"IsNonInterrupting":false,"IsComplex":false}},"ParentID":"","OdataFilter":"BPMN","RefUID":"","Language":"EN","GraphType":{"SubType":"ROLE","Type":"COLL","ExtType":""},"ProviderFilter":"SMUD","Description":"","ParentModelUID":"","IsDisplayed":true,"name":"MessageFlow1","displayName":"Message Flow 1","source":"708036f1-9c02-4ab0-875f-7f77e52132d3","target":"0ded3d80-f31f-4416-994d-fcd7dbe3b16f"},"6ad103ff-b2cf-49ef-8e30-c1bcd48fa6c0":{"classDefinition":"sap.galilei.ui.diagram.Diagram","name":"6ad103ff-b2cf-49ef-8e30-c1bcd48fa6c0","displayName":"6ad103ff-b2cf-49ef-8e30-c1bcd48fa6c0","symbols":{"a9633a84-bd69-4abb-a319-a80a861feec9":{"name":"a9633a84-bd69-4abb-a319-a80a861feec9"},"f149696a-9655-4a6f-8e9d-9c10b2abc0db":{"name":"f149696a-9655-4a6f-8e9d-9c10b2abc0db"},"cae04fa2-3a5d-4959-a32c-355d144baf7c":{"name":"cae04fa2-3a5d-4959-a32c-355d144baf7c"}}},"320d52c1-8ceb-4270-b540-e2605e98b17e":{"classDefinition":"sap.modeling.bpmn.Diagram","DiagramID":"58ecprLtW0IkhkfwzZkdZpTekTC1lTLv","GraphID":"4W0WwZb37jUsifXN6cq7fG","GraphVersion":0,"ModelUID":"120020EA39431ED881CBDC1581C47F5C","Name":"02.01.01 Definition of portfolio development context (External)","Language":"EN","ParentModelUID":"4W0WwZb37jUsifXN6cq7fG","IsReference":false,"GraphType":{"SubType":"GENE","Type":"PMAP"},"name":"320d52c1-8ceb-4270-b540-e2605e98b17e","displayName":"02.01.01 Definition of portfolio development context (External)"},"128b8a0b-4a82-4510-ae85-6bdba229e32c":{"classDefinition":"sap.modeling.bpmn.Diagram","DiagramID":"UUxyC35jV1cgBTdOLIHs6oqpsTgzziES","GraphID":"4W0WwZb37jUsifXMwUx7fG","GraphVersion":1,"ModelUID":"120020EA39431ED7B6B2A61736CFE7AD","Name":"Process Diagram","Language":"EN","ParentModelUID":"4W0WwZb37jUsifXMwSjdfG","IsReference":true,"GraphType":{"ExtType":"","SubType":"ROLE","Type":"PROC"},"name":"128b8a0b-4a82-4510-ae85-6bdba229e32c","displayName":"Process Diagram"},"30776e8d-ddeb-4b50-9bd9-6c1ebd065a41":{"classDefinition":"sap.modeling.bpmn.Reference","ReferenceID":"p46aP2EjFcnQZJz90hPDexsvFC7E4vda","IsDefault":true,"name":"30776e8d-ddeb-4b50-9bd9-6c1ebd065a41","displayName":"30776e8d-ddeb-4b50-9bd9-6c1ebd065a41","artifact":"28c13418-ed4a-42c6-b998-ccc8d78e7e16","diagram":"320d52c1-8ceb-4270-b540-e2605e98b17e"},"0a3f0c23-2d53-4f82-91b7-72ce3ae4f6d9":{"classDefinition":"sap.modeling.bpmn.EventDefinition","type":"escalation","name":"0a3f0c23-2d53-4f82-91b7-72ce3ae4f6d9","displayName":"0a3f0c23-2d53-4f82-91b7-72ce3ae4f6d9"},"ab49e203-a481-413d-9efc-9623ebbc2f95":{"classDefinition":"sap.modeling.bpmn.Reference","ReferenceID":"fbF80YkbuNeJOQTsf4FZeEbzSzzjm5S2","IsDefault":true,"name":"ab49e203-a481-413d-9efc-9623ebbc2f95","displayName":"ab49e203-a481-413d-9efc-9623ebbc2f95","artifact":"994c6eaa-dbaa-4a6c-b928-df696c37228f","diagram":"128b8a0b-4a82-4510-ae85-6bdba229e32c"},"a9633a84-bd69-4abb-a319-a80a861feec9":{"classDefinition":"sap.modeling.bpmn.ui.BlackPoolSymbol","SymbolID":"5hvWFWJlOpfUWFANLTJB6tEbHgyAR2eH","orientation":"horizontal","name":"a9633a84-bd69-4abb-a319-a80a861feec9","width":620,"height":120,"displayName":"a9633a84-bd69-4abb-a319-a80a861feec9","object":"0ded3d80-f31f-4416-994d-fcd7dbe3b16f"},"f149696a-9655-4a6f-8e9d-9c10b2abc0db":{"classDefinition":"sap.modeling.bpmn.ui.PoolSymbol","isMessageVisible":false,"SymbolID":"120020EA39431ED881CBA334D53DFF11","orientation":"horizontal","name":"f149696a-9655-4a6f-8e9d-9c10b2abc0db","x":-52.5,"y":150,"width":745,"height":378.75,"zindex":-30,"displayName":"f149696a-9655-4a6f-8e9d-9c10b2abc0db","symbols":{"a369ce96-62a8-4a3f-96ab-6af5940ada47":{"name":"a369ce96-62a8-4a3f-96ab-6af5940ada47"}},"object":"6d0a2f1f-bad9-4aa5-8838-f263369e9837"},"cae04fa2-3a5d-4959-a32c-355d144baf7c":{"classDefinition":"sap.modeling.bpmn.ui.MessageFlowSymbol","SymbolID":"pH10MVyoiAZl0nIwJ153JFexzJ0FulFp","points":"313.5,313 313.5,60","name":"cae04fa2-3a5d-4959-a32c-355d144baf7c","zindex":-10,"displayName":"cae04fa2-3a5d-4959-a32c-355d144baf7c","sourceSymbol":"32efbb00-f270-4a69-8f74-4b33d61f1b4a","targetSymbol":"a9633a84-bd69-4abb-a319-a80a861feec9","object":"556245b5-f767-4dc3-8da6-fede7e929caa","symbols":{"e482640d-cc3f-4a31-a4b9-fa9454b0be89":{"name":"e482640d-cc3f-4a31-a4b9-fa9454b0be89"}}},"a369ce96-62a8-4a3f-96ab-6af5940ada47":{"classDefinition":"sap.modeling.bpmn.ui.LaneSymbol","SymbolID":"VpsTBE6EEEhovuZuo2IkszMLZdItxZ8Q","orientation":"horizontal","name":"a369ce96-62a8-4a3f-96ab-6af5940ada47","x":-22.5,"y":150,"width":715,"height":378.75,"zindex":-20,"displayName":"a369ce96-62a8-4a3f-96ab-6af5940ada47","object":"8004dfe4-a295-41ab-9a03-fde5e641dfe8","symbols":{"d738b7bd-9e62-48a1-8d23-e7e5a7523320":{"name":"d738b7bd-9e62-48a1-8d23-e7e5a7523320"},"0085c1f6-f733-4373-9d24-448fab8e508f":{"name":"0085c1f6-f733-4373-9d24-448fab8e508f"},"74ada241-ca31-4308-97b6-7364a801c178":{"name":"74ada241-ca31-4308-97b6-7364a801c178"},"32efbb00-f270-4a69-8f74-4b33d61f1b4a":{"name":"32efbb00-f270-4a69-8f74-4b33d61f1b4a"},"cb6f94ea-669d-4d17-835b-fb9f9c186115":{"name":"cb6f94ea-669d-4d17-835b-fb9f9c186115"},"779596b6-6171-4019-8cfe-13684d53cfa0":{"name":"779596b6-6171-4019-8cfe-13684d53cfa0"},"ddb9232e-fd9a-4f40-9b31-d1648592d1c5":{"name":"ddb9232e-fd9a-4f40-9b31-d1648592d1c5"},"056aaa68-8a1f-4f26-8609-8d0697ef028a":{"name":"056aaa68-8a1f-4f26-8609-8d0697ef028a"},"757b2929-1763-4a1f-a0de-ba94e11f3cda":{"name":"757b2929-1763-4a1f-a0de-ba94e11f3cda"},"71500c22-cd59-424c-9e90-c6b1e5df9232":{"name":"71500c22-cd59-424c-9e90-c6b1e5df9232"},"ce7c9f95-3f9e-4f9e-9437-60358a9c8e59":{"name":"ce7c9f95-3f9e-4f9e-9437-60358a9c8e59"},"8c1511fe-7e8d-4db1-8974-6e66c8f96e2b":{"name":"8c1511fe-7e8d-4db1-8974-6e66c8f96e2b"}}},"e482640d-cc3f-4a31-a4b9-fa9454b0be89":{"classDefinition":"sap.modeling.bpmn.ui.TextSymbol","SymbolID":"MdbcOFgB5TwjyRTCQ7KWg6EbzLDJ3s8y","name":"e482640d-cc3f-4a31-a4b9-fa9454b0be89","x":318.5,"y":195.75,"width":4,"displayName":"e482640d-cc3f-4a31-a4b9-fa9454b0be89","object":"84f4240c-0eef-48f1-baa1-06b8a1a64786"},"d738b7bd-9e62-48a1-8d23-e7e5a7523320":{"classDefinition":"sap.modeling.bpmn.ui.StartEventSymbol","SymbolID":"e9GnHObhqh6SD0Cvb2RcuPAbldesPRXR","name":"d738b7bd-9e62-48a1-8d23-e7e5a7523320","x":44,"y":297,"zindex":-10,"displayName":"d738b7bd-9e62-48a1-8d23-e7e5a7523320","object":"a5a2fb05-0585-4a76-8a8d-f8f4d20b8d93","symbols":{"b971ffc6-d06a-4f0b-b8ff-de640d4c1c0a":{"name":"b971ffc6-d06a-4f0b-b8ff-de640d4c1c0a"}}},"0085c1f6-f733-4373-9d24-448fab8e508f":{"classDefinition":"sap.modeling.bpmn.ui.TaskSymbol","SymbolID":"N5Cju1XldWr4zGO6qX3N0VHDxqUblqne","InconsistencyReasons":"[]","name":"0085c1f6-f733-4373-9d24-448fab8e508f","x":117,"y":283,"width":100,"height":60,"displayName":"0085c1f6-f733-4373-9d24-448fab8e508f","object":"e6f1105c-ee4c-48a9-afa7-284665c7121f"},"74ada241-ca31-4308-97b6-7364a801c178":{"classDefinition":"sap.modeling.bpmn.ui.SequenceFlowSymbol","SymbolID":"9DKehQVNW63VZhXoza2tvJj56dyNCPXF","points":"60,313 167,313","name":"74ada241-ca31-4308-97b6-7364a801c178","zindex":-10,"displayName":"74ada241-ca31-4308-97b6-7364a801c178","sourceSymbol":"d738b7bd-9e62-48a1-8d23-e7e5a7523320","targetSymbol":"0085c1f6-f733-4373-9d24-448fab8e508f","object":"8984f3f3-97e7-402e-a12e-2520497c3e42","symbols":{"140df8af-b43c-412b-83c9-453e36a6945f":{"name":"140df8af-b43c-412b-83c9-453e36a6945f"}}},"32efbb00-f270-4a69-8f74-4b33d61f1b4a":{"classDefinition":"sap.modeling.bpmn.ui.TaskSymbol","SymbolID":"OoGsAZtLq0P5PjEoR1HPHJXbCzIDwrLU","InconsistencyReasons":"[]","name":"32efbb00-f270-4a69-8f74-4b33d61f1b4a","x":267,"y":283,"width":100,"height":60,"displayName":"32efbb00-f270-4a69-8f74-4b33d61f1b4a","object":"708036f1-9c02-4ab0-875f-7f77e52132d3"},"cb6f94ea-669d-4d17-835b-fb9f9c186115":{"classDefinition":"sap.modeling.bpmn.ui.SequenceFlowSymbol","SymbolID":"u2sP9Y6KKS3RWD3ysrEqsAS3y3wBLsvj","points":"167,313 317,313","name":"cb6f94ea-669d-4d17-835b-fb9f9c186115","zindex":-10,"displayName":"cb6f94ea-669d-4d17-835b-fb9f9c186115","sourceSymbol":"0085c1f6-f733-4373-9d24-448fab8e508f","targetSymbol":"32efbb00-f270-4a69-8f74-4b33d61f1b4a","object":"fcbe7560-18c3-46e0-9fa3-7e8daa09d63d","symbols":{"a4fc9f72-b0d2-4a53-a4c9-0aefe7d2656c":{"name":"a4fc9f72-b0d2-4a53-a4c9-0aefe7d2656c"}}},"779596b6-6171-4019-8cfe-13684d53cfa0":{"classDefinition":"sap.modeling.bpmn.ui.TaskSymbol","SymbolID":"5QaYhDTLUyPz3qM6dhUcbwy7FWY6T0I5","InconsistencyReasons":"[]","name":"779596b6-6171-4019-8cfe-13684d53cfa0","x":417,"y":283,"width":100,"height":60,"zindex":-10,"displayName":"779596b6-6171-4019-8cfe-13684d53cfa0","object":"92aa1e4c-3d46-42d9-9708-05b607b560ba","symbols":{"67d7c08f-97cf-4a83-a76a-a837cd707403":{"name":"67d7c08f-97cf-4a83-a76a-a837cd707403"}}},"ddb9232e-fd9a-4f40-9b31-d1648592d1c5":{"classDefinition":"sap.modeling.bpmn.ui.SequenceFlowSymbol","SymbolID":"QL4ZPqXIhNg8n3F8mWSWBVwVLkqy8kjZ","points":"317,313 467,313","name":"ddb9232e-fd9a-4f40-9b31-d1648592d1c5","zindex":-10,"displayName":"ddb9232e-fd9a-4f40-9b31-d1648592d1c5","sourceSymbol":"32efbb00-f270-4a69-8f74-4b33d61f1b4a","targetSymbol":"779596b6-6171-4019-8cfe-13684d53cfa0","object":"ecd35fd3-a3b3-4dcb-9e06-8fc12d2f3e0e","symbols":{"68df8cce-cf21-4cf8-a9db-e454133cc8b2":{"name":"68df8cce-cf21-4cf8-a9db-e454133cc8b2"}}},"056aaa68-8a1f-4f26-8609-8d0697ef028a":{"classDefinition":"sap.modeling.bpmn.ui.EndEventSymbol","SymbolID":"es36Ugh7TRbYfgYJs3oxHRO11PyO1qE4","name":"056aaa68-8a1f-4f26-8609-8d0697ef028a","x":575,"y":283,"zindex":-10,"displayName":"056aaa68-8a1f-4f26-8609-8d0697ef028a","object":"bbe7b602-0379-4b78-b162-7a686545efff","symbols":{"ccd54d3a-bf11-44bb-ac2b-f59e52ad3f95":{"name":"ccd54d3a-bf11-44bb-ac2b-f59e52ad3f95"}}},"757b2929-1763-4a1f-a0de-ba94e11f3cda":{"classDefinition":"sap.modeling.bpmn.ui.SequenceFlowSymbol","SymbolID":"3ybA1EV5XcU9AW561oXk43H3VtY9Dh3O","points":"467,359 467,409.5 528.25,409.5 528.25,299 591,299","name":"757b2929-1763-4a1f-a0de-ba94e11f3cda","zindex":-10,"displayName":"757b2929-1763-4a1f-a0de-ba94e11f3cda","sourceSymbol":"67d7c08f-97cf-4a83-a76a-a837cd707403","targetSymbol":"056aaa68-8a1f-4f26-8609-8d0697ef028a","object":"fbad3b88-766a-4785-ba07-971a6fcae589","symbols":{"c215e168-cba0-497e-90bd-48cf4292728d":{"name":"c215e168-cba0-497e-90bd-48cf4292728d"}}},"71500c22-cd59-424c-9e90-c6b1e5df9232":{"classDefinition":"sap.modeling.bpmn.ui.SubProcessSymbol","SymbolID":"MpBQpqqKbCHMgu5pzga127O3P7ZyPKja","name":"71500c22-cd59-424c-9e90-c6b1e5df9232","x":351,"y":415,"width":132,"height":60,"displayName":"71500c22-cd59-424c-9e90-c6b1e5df9232","object":"dc955f37-52cd-4dee-b228-edd29bd87390"},"ce7c9f95-3f9e-4f9e-9437-60358a9c8e59":{"classDefinition":"sap.modeling.bpmn.ui.SequenceFlowSymbol","SymbolID":"u4hhll50wy1dj08iHJIBtPhYlGCszKr6","points":"317,313 317,445 351,445","name":"ce7c9f95-3f9e-4f9e-9437-60358a9c8e59","zindex":-10,"displayName":"ce7c9f95-3f9e-4f9e-9437-60358a9c8e59","sourceSymbol":"32efbb00-f270-4a69-8f74-4b33d61f1b4a","targetSymbol":"71500c22-cd59-424c-9e90-c6b1e5df9232","object":"91897725-cc1b-479f-90b5-5c45aeab1d48","symbols":{"6ab49c81-e4b4-4d9c-8c58-24e4ef438eb8":{"name":"6ab49c81-e4b4-4d9c-8c58-24e4ef438eb8"}}},"8c1511fe-7e8d-4db1-8974-6e66c8f96e2b":{"classDefinition":"sap.modeling.bpmn.ui.SequenceFlowSymbol","SymbolID":"INEF4sR3HK6aRUBzuwQXMEYcW8I8wEEB","points":"417,445 417,378.75 467,378.75 467,313","name":"8c1511fe-7e8d-4db1-8974-6e66c8f96e2b","zindex":-10,"displayName":"8c1511fe-7e8d-4db1-8974-6e66c8f96e2b","sourceSymbol":"71500c22-cd59-424c-9e90-c6b1e5df9232","targetSymbol":"779596b6-6171-4019-8cfe-13684d53cfa0","object":"8c528372-c83c-46e3-86ee-3a9098c817d2","symbols":{"ca9283de-18be-4220-8965-1c6f76987cee":{"name":"ca9283de-18be-4220-8965-1c6f76987cee"}}},"b971ffc6-d06a-4f0b-b8ff-de640d4c1c0a":{"classDefinition":"sap.modeling.bpmn.ui.TextSymbol","SymbolID":"ZlCL6dZc61PRARCfs6Oxlysiy6HWS0lv","name":"b971ffc6-d06a-4f0b-b8ff-de640d4c1c0a","x":27.5,"y":334,"width":65,"height":25,"displayName":"b971ffc6-d06a-4f0b-b8ff-de640d4c1c0a","object":"b7fe0527-6aeb-4d8a-8f04-8abb7be48e0b"},"140df8af-b43c-412b-83c9-453e36a6945f":{"classDefinition":"sap.modeling.bpmn.ui.TextSymbol","SymbolID":"KZWd5VC42Rkn0fcfUybOurvYvhbAL3OV","name":"140df8af-b43c-412b-83c9-453e36a6945f","x":94.5,"y":308,"width":4,"displayName":"140df8af-b43c-412b-83c9-453e36a6945f","object":"0ff76242-e104-46b2-bedc-351378ca2cfa"},"a4fc9f72-b0d2-4a53-a4c9-0aefe7d2656c":{"classDefinition":"sap.modeling.bpmn.ui.TextSymbol","SymbolID":"D3uJp10QQ4AQexcbSH6RTwN1SSr2vrML","name":"a4fc9f72-b0d2-4a53-a4c9-0aefe7d2656c","x":240,"y":308,"width":4,"displayName":"a4fc9f72-b0d2-4a53-a4c9-0aefe7d2656c","object":"6241c666-396c-41fc-a1c2-efc986c98e04"},"67d7c08f-97cf-4a83-a76a-a837cd707403":{"classDefinition":"sap.modeling.bpmn.ui.BoundaryEventSymbol","SymbolID":"bp74DtrgpblLMIiYYKhxlgUEuG6SBix3","name":"67d7c08f-97cf-4a83-a76a-a837cd707403","x":451,"y":327,"displayName":"67d7c08f-97cf-4a83-a76a-a837cd707403","object":"b060964b-7b3f-4230-aca5-3dd4c58098d2"},"68df8cce-cf21-4cf8-a9db-e454133cc8b2":{"classDefinition":"sap.modeling.bpmn.ui.TextSymbol","SymbolID":"iaGBW7ymJ4LMp8dEKP8OMbVhmFkMnhsq","name":"68df8cce-cf21-4cf8-a9db-e454133cc8b2","x":390,"y":308,"width":4,"displayName":"68df8cce-cf21-4cf8-a9db-e454133cc8b2","object":"79eb4b8e-9bdf-4594-b424-906cf46e9361"},"ccd54d3a-bf11-44bb-ac2b-f59e52ad3f95":{"classDefinition":"sap.modeling.bpmn.ui.TextSymbol","SymbolID":"NMheDFVUMzKfb9cQC8tZARfoj0TBTT55","name":"ccd54d3a-bf11-44bb-ac2b-f59e52ad3f95","x":558.5,"y":320,"width":65,"height":25,"displayName":"ccd54d3a-bf11-44bb-ac2b-f59e52ad3f95","object":"5ecaf703-6f9c-4eb2-9c9b-54e294277b64"},"c215e168-cba0-497e-90bd-48cf4292728d":{"classDefinition":"sap.modeling.bpmn.ui.TextSymbol","SymbolID":"b10CgKiXkA8HLKrl0AtF2bmCZJleb0Q6","name":"c215e168-cba0-497e-90bd-48cf4292728d","x":533.25,"y":409.5,"width":4,"displayName":"c215e168-cba0-497e-90bd-48cf4292728d","object":"e60c1303-78f0-4b21-be3b-5b983dce23e9"},"6ab49c81-e4b4-4d9c-8c58-24e4ef438eb8":{"classDefinition":"sap.modeling.bpmn.ui.TextSymbol","SymbolID":"Daz8wYN635vhEZr1XcifaWjfGTyEjOiQ","name":"6ab49c81-e4b4-4d9c-8c58-24e4ef438eb8","x":315,"y":440,"width":4,"displayName":"6ab49c81-e4b4-4d9c-8c58-24e4ef438eb8","object":"22e1f17c-99c2-4548-8c95-3b70233ba81f"},"ca9283de-18be-4220-8965-1c6f76987cee":{"classDefinition":"sap.modeling.bpmn.ui.TextSymbol","SymbolID":"yHeOUg1xcSwiSUzxrqy2e12F8tidPFKd","name":"ca9283de-18be-4220-8965-1c6f76987cee","x":440,"y":373.75,"width":4,"displayName":"ca9283de-18be-4220-8965-1c6f76987cee","object":"88e84416-bbab-41f4-a094-eb4203c5222a"},"2c32a04e-146c-497a-ac2b-b9327029d1cc":{"classDefinition":"sap.modeling.bpmn.Graph","GraphID":"4W0WwZb37jY1ovoXIjm}30","GraphVersion":0,"GraphType":{"ExtType":"","SubType":"ROLE","Type":"COLL"},"NodeContext":{"Para1":"4W0WwZb37jUtXOFZzTk7WG","Para2":"OHUgVZWE7{2XbBdHOopsb0","Para3":"X","Para4":"","Para5":"00000000000000000000000000000000"},"OdataFilter":"BPMN","Name":"E2E_OTC sale from stock","Language":"EN","ProviderFilter":"SMUD","GraphOrientation":"HORZ","IsLaneDetached":false,"ModelUID":"120020EA39431EE881EA92644E3ED5FD","TestMode":false,"Description":"","IsReference":false,"IsTextHighlight":false,"name":"2c32a04e-146c-497a-ac2b-b9327029d1cc","displayName":"E2E_OTC sale from stock"},"be5df769-845b-456d-8030-0235e61c8d3d":{"classDefinition":"sap.modeling.bpmn.EventDefinition","type":"escalation","name":"be5df769-845b-456d-8030-0235e61c8d3d","displayName":"be5df769-845b-456d-8030-0235e61c8d3d"},"b8c95b08-2941-4ec5-af7d-72ece6fc90a3":{"classDefinition":"sap.modeling.bpmn.Mark","MarkID":"120020EA39431EE881EA9A2090FBD614","UID":"W7qkKeLHl7f9Icid83O2LD","Type":"REF_PROC","Name":"02.01.01 Definition of portfolio development context","Description":"02.01.01 Definition of portfolio development context","Classification":"ASGN","ParentUID":"120020EA39431EE881EA9A209082D614","ParentType":"PROCLINKGRP","ParentName":"Process Links","GraphConcept":"","Language":"EN","ParentGraphConcept":"","EntityModelUID":"120020EA39431EE881EA9A2090833614","TypeName":"Process <Link>","Version":"","displayName":"02.01.01 Definition of portfolio development context"},"f7eb6a3e-a0ba-4582-a21a-0f192bac4fcc":{"classDefinition":"sap.modeling.bpmn.Mark","MarkID":"120020EA39431EE881EA9A2090FBF614","UID":"duuEmL80ylXAZU8vjSYxma","Type":"REF_PROC","Name":"QM_01_03 check type 01 with Q certificate","Description":"QM_01_03 check type 01 with Q certificate","Classification":"ASGN","ParentUID":"120020EA39431EE881EA9A209082D614","ParentType":"PROCLINKGRP","ParentName":"Process Links","GraphConcept":"","Language":"EN","ParentGraphConcept":"","EntityModelUID":"120020EA39431EE881EA9A2090833614","TypeName":"Process <Link>","Version":"","displayName":"QM_01_03 check type 01 with Q certificate"},"71cc0724-d8c4-4063-979f-ae18027128b9":{"classDefinition":"sap.modeling.bpmn.Mark","MarkID":"120020EA39431EE881EA9A2090FC1614","UID":"4W0WwZb37jUsifXMuRo7fG","Type":"BESTPRACTICEDOCU","Name":"BD9 - Sales Order Processing: Sale from Stock","Description":"BD9 - Sales Order Processing: Sale from Stock","Classification":"ASGN","ParentUID":"120020EA39431EE881EA9A209082F614","ParentType":"DOCUGRP","ParentName":"Documentation","GraphConcept":"","Language":"EN","ParentGraphConcept":"","EntityModelUID":"120020EA39431EE881EA9A2090833614","TypeName":"Document (Best Practice)","Version":"","displayName":"BD9 - Sales Order Processing: Sale from Stock"},"dde46439-14ed-4474-9447-1fc6dce4b761":{"classDefinition":"sap.modeling.bpmn.Mark","MarkID":"120020EA39431EE881EA9A2090FC3614","UID":"4W0WwZb37jY1ovoXIjm}30","Type":"COLLABDIA","Name":"E2E_OTC sale from stock","Description":"E2E_OTC sale from stock","Classification":"ASGN","ParentUID":"120020EA39431EE881EA9A2090831614","ParentType":"DIAGRAMGRP","ParentName":"Diagrams","GraphConcept":"","Language":"EN","ParentGraphConcept":"","EntityModelUID":"120020EA39431EE881EA9A2090833614","TypeName":"Collaboration Diagram","Version":"1","displayName":"E2E_OTC sale from stock"},"8ef98469-e0ec-4bfc-95af-0948fd7e4ae4":{"classDefinition":"sap.modeling.bpmn.Mark","MarkID":"120020EA39431EE881EA9A366C1FB614","UID":"4W0WwZb37jUsifXMuQL7fG","Type":"REF_EXECTRANLOGCOMP","Name":"< VL02N >","Description":"< VL02N >","Classification":"ASGN","ParentUID":"120020EA39431EE881EA9A2090835614","ParentType":"EXECGRP","ParentName":"Executables","GraphConcept":"","Language":"EN","ParentGraphConcept":"","EntityModelUID":"120020EA39431EE881EA9A2090837614","TypeName":"Transaction <Exec.Ref.>","Version":"","displayName":"< VL02N >"},"8aa4f068-1366-452b-9b74-7a0de721c12d":{"classDefinition":"sap.modeling.bpmn.Mark","MarkID":"120020EA39431EE881EA9A366C1FD614","UID":"4W0WwZb37jUsifXMuQJdfG","Type":"REF_EXECFIORILOGCOMP","Name":"Create Billing Document Worklist (F0798)","Description":"Create Billing Document Worklist (F0798)","Classification":"ASGN","ParentUID":"120020EA39431EE881EA9A2090839614","ParentType":"EXECGRP","ParentName":"Executables","GraphConcept":"","Language":"EN","ParentGraphConcept":"","EntityModelUID":"120020EA39431EE881EA9A209083B614","TypeName":"Fiori Application <Exec.Ref.>","Version":"","displayName":"Create Billing Document Worklist (F0798)"},"bad0210a-6ec1-4413-98bf-174c2e816fbb":{"classDefinition":"sap.modeling.bpmn.Mark","MarkID":"120020EA39431EE881EA9A366C1F9614","UID":"4W0WwZb37jUsifXMuQMdfG","Type":"REF_EXECTRANLOGCOMP","Name":"< VL10C >","Description":"< VL10C >","Classification":"ASGN","ParentUID":"120020EA39431EE881EA9A2090845614","ParentType":"EXECGRP","ParentName":"Executables","GraphConcept":"","Language":"EN","ParentGraphConcept":"","EntityModelUID":"120020EA39431EE881EA9A2090847614","TypeName":"Transaction <Exec.Ref.>","Version":"","displayName":"< VL10C >"}}}