<?xml version="1.0" encoding="utf-8"?><?xml-stylesheet type="text/xsl" href="alm_aet_fields.xsl"?><asx:abap version="1.0" xmlns:asx="http://www.sap.com/abapxml"><asx:values><DESCRIPTION>Solution Manager Custom AET Fields</DESCRIPTION><CHECK_INFO><DESCRIPTION>Solution Manager Custom AET Fields</DESCRIPTION><SYSTEM>A4H</SYSTEM><CLIENT>001</CLIENT><START_DATE>20250912183736</START_DATE><END_DATE/></CHECK_INFO><RESULTS><item><BO>SERVICE REQUEST_FOR_CHANGE</BO><BO_PART>CUSTOMER_H</BO_PART><EXTENSION_ID>ZEXT000000</EXTENSION_ID><FIELD_ID>ZZFLD000000</FIELD_ID><LABEL>S/4HANA Relevant</LABEL></item><item><BO>SERVICE REQUEST_FOR_CHANGE</BO><BO_PART>CUSTOMER_H</BO_PART><EXTENSION_ID>ZAEXT000001</EXTENSION_ID><FIELD_ID>ZZREGION</FIELD_ID><LABEL>EMEA</LABEL></item></RESULTS><MESSAGES/></asx:values></asx:abap>