<?xml version="1.0" encoding="utf-8"?><?xml-stylesheet type="text/xsl" href="alm_sys_add_info.xsl"?><asx:abap version="1.0" xmlns:asx="http://www.sap.com/abapxml"><asx:values><HEADER_DATA><item><KEY>UsageSysOperatingSsystem</KEY><VALUE>Linux</VALUE></item><item><KEY>UsageSysDatabaseSysType</KEY><VALUE>HDB</VALUE></item><item><KEY>UsageSysDatabaseSysName</KEY><VALUE>A4H</VALUE></item><item><KEY>UsageSysKernelRelease</KEY><VALUE>754</VALUE></item><item><KEY>UsageSysOPSystemRelease</KEY><VALUE>5.14.21-150500.55.39-default</VALUE></item><item><KEY>UsageSystemUnicode</KEY><VALUE>Y</VALUE></item><item><KEY>UsageSystemInstallationNum</KEY><VALUE>0020624476</VALUE></item></HEADER_DATA><PRODUCT_VERSION><INSTSWPROD><ID>01200615320900006067</ID><NAME>SAP SOLUTION MANAGER</NAME><VERSION>7.2</VERSION><VENDOR>sap.com</VENDOR><DESCRIPT>SAP SOLUTION MANAGER 7.2</DESCRIPT></INSTSWPROD><INSTSWPROD><ID>73555000100900000021</ID><NAME>SAP FIORI FOR SAP SOL. MRG.</NAME><VERSION>1.0</VERSION><VENDOR>sap.com</VENDOR><DESCRIPT>SAP FIORI FOR SAP SOL MRG 1.0</DESCRIPT></INSTSWPROD><INSTSWPROD><ID>73555000100900001606</ID><NAME>FOCUSED BUILD AND INSIGHTS</NAME><VERSION>2.0</VERSION><VENDOR>sap.com</VENDOR><DESCRIPT>FOCUSED BUILD AND INSIGHTS 2.0</DESCRIPT></INSTSWPROD></PRODUCT_VERSION><SW_COMPONENT><item><COMPONENT>SAP_BASIS</COMPONENT><RELEASE>740</RELEASE><EXTRELEASE>0031</EXTRELEASE></item><item><COMPONENT>SAP_ABA</COMPONENT><RELEASE>740</RELEASE><EXTRELEASE>0031</EXTRELEASE></item><item><COMPONENT>SAP_GWFND</COMPONENT><RELEASE>740</RELEASE><EXTRELEASE>0032</EXTRELEASE></item><item><COMPONENT>SAP_UI</COMPONENT><RELEASE>754</RELEASE><EXTRELEASE>0015</EXTRELEASE></item><item><COMPONENT>CTS_PLUG</COMPONENT><RELEASE>200</RELEASE><EXTRELEASE>0024</EXTRELEASE></item><item><COMPONENT>PI_BASIS</COMPONENT><RELEASE>740</RELEASE><EXTRELEASE>0031</EXTRELEASE></item><item><COMPONENT>ST-PI</COMPONENT><RELEASE>740</RELEASE><EXTRELEASE>0028</EXTRELEASE></item><item><COMPONENT>BI_CONT</COMPONENT><RELEASE>757</RELEASE><EXTRELEASE>0034</EXTRELEASE></item><item><COMPONENT>SAP_BW</COMPONENT><RELEASE>740</RELEASE><EXTRELEASE>0031</EXTRELEASE></item><item><COMPONENT>IW_FNDGC</COMPONENT><RELEASE>100</RELEASE><EXTRELEASE>0005</EXTRELEASE></item><item><COMPONENT>IW_GIL</COMPONENT><RELEASE>100</RELEASE><EXTRELEASE>0007</EXTRELEASE></item><item><COMPONENT>MDG_FND</COMPONENT><RELEASE>747</RELEASE><EXTRELEASE>0028</EXTRELEASE></item><item><COMPONENT>SAP_AP</COMPONENT><RELEASE>700</RELEASE><EXTRELEASE>0042</EXTRELEASE></item><item><COMPONENT>SAP_BS_FND</COMPONENT><RELEASE>747</RELEASE><EXTRELEASE>0028</EXTRELEASE></item><item><COMPONENT>WEBCUIF</COMPONENT><RELEASE>747</RELEASE><EXTRELEASE>0028</EXTRELEASE></item><item><COMPONENT>BBPCRM</COMPONENT><RELEASE>713</RELEASE><EXTRELEASE>0024</EXTRELEASE></item><item><COMPONENT>CPRXRPM</COMPONENT><RELEASE>610_740</RELEASE><EXTRELEASE>0022</EXTRELEASE></item><item><COMPONENT>ST</COMPONENT><RELEASE>720</RELEASE><EXTRELEASE>0020</EXTRELEASE></item><item><COMPONENT>ST-OST</COMPONENT><RELEASE>200</RELEASE><EXTRELEASE>0015</EXTRELEASE></item><item><COMPONENT>ST-BCO</COMPONENT><RELEASE>720</RELEASE><EXTRELEASE>0020</EXTRELEASE></item><item><COMPONENT>ICORP</COMPONENT><RELEASE>480_700</RELEASE><EXTRELEASE>0000</EXTRELEASE></item><item><COMPONENT>RTCISM</COMPONENT><RELEASE>100</RELEASE><EXTRELEASE>0001</EXTRELEASE></item><item><COMPONENT>ST-A/PI</COMPONENT><RELEASE>01W_731</RELEASE><EXTRELEASE>0001</EXTRELEASE></item><item><COMPONENT>ST-ICC</COMPONENT><RELEASE>200</RELEASE><EXTRELEASE>0002</EXTRELEASE></item><item><COMPONENT>ST-SER</COMPONENT><RELEASE>720</RELEASE><EXTRELEASE>0029</EXTRELEASE></item><item><COMPONENT>ST-UI</COMPONENT><RELEASE>100</RELEASE><EXTRELEASE>0019</EXTRELEASE></item></SW_COMPONENT><IMPLEMENTED_NOTE><item><NUMBER>0001457391</NUMBER><VERSION>0004</VERSION><ATTRIBUTES><THEMK>AP-MD-IBA</THEMK><INSTA/><MNUMM/><MYEAR>0000</MYEAR></ATTRIBUTES><TEXT>Bad Performance while accessing table IBST.</TEXT></item><item><NUMBER>0001668882</NUMBER><VERSION>0042</VERSION><ATTRIBUTES><THEMK>BC-UPG-NA</THEMK><INSTA/><MNUMM/><MYEAR>0000</MYEAR></ATTRIBUTES><TEXT>Note Assistant: Important notes for SAP_BASIS 730,731,740,750,751,752,753,754,75</TEXT></item><item><NUMBER>0002376895</NUMBER><VERSION>0001</VERSION><ATTRIBUTES><THEMK>BC-UPG-OCS-SPA</THEMK><INSTA/><MNUMM/><MYEAR>0000</MYEAR></ATTRIBUTES><TEXT>Error in SUM phase PREP_EXTENSION/CPK_INCLUSION</TEXT></item><item><NUMBER>0002424539</NUMBER><VERSION>0008</VERSION><ATTRIBUTES><THEMK>BC-UPG-NA</THEMK><INSTA/><MNUMM/><MYEAR>0000</MYEAR></ATTRIBUTES><TEXT>SAP Note Assistant: Test Note for Digital Signature Verification of SAP Note</TEXT></item><item><NUMBER>0002659957</NUMBER><VERSION>0002</VERSION><ATTRIBUTES><THEMK>CA-EPT-BRC-FBI</THEMK><INSTA/><MNUMM/><MYEAR>0000</MYEAR></ATTRIBUTES><TEXT>Refresh of POWL Query doesn't refresh the associated BO represented in the Detai</TEXT></item><item><NUMBER>0002869143</NUMBER><VERSION>0015</VERSION><ATTRIBUTES><THEMK>BC-UPG-NA</THEMK><INSTA/><MNUMM/><MYEAR>0000</MYEAR></ATTRIBUTES><TEXT>Composite note for handling of Digitally Signed SAP Notes in Note Assistant (SNO</TEXT></item><item><NUMBER>0002919846</NUMBER><VERSION>0001</VERSION><ATTRIBUTES><THEMK>SV-SMG-TWB-PLN</THEMK><INSTA/><MNUMM/><MYEAR>0000</MYEAR></ATTRIBUTES><TEXT>Browser or Backgound Sessions Disrupted by Error Message SMT_TPLN 129</TEXT></item><item><NUMBER>0002946444</NUMBER><VERSION>0009</VERSION><ATTRIBUTES><THEMK>XX-SER-SECCHK</THEMK><INSTA/><MNUMM/><MYEAR>0000</MYEAR></ATTRIBUTES><TEXT>SAP Support Portal connection - Renew client certificate of technical S-user acc</TEXT></item><item><NUMBER>0002956831</NUMBER><VERSION>0004</VERSION><ATTRIBUTES><THEMK>SV-SMG-GAL</THEMK><INSTA/><MNUMM/><MYEAR>0000</MYEAR></ATTRIBUTES><TEXT>Elements of formerly deleted lane are still visible in the diagram usage report</TEXT></item><item><NUMBER>0003152012</NUMBER><VERSION>0004</VERSION><ATTRIBUTES><THEMK>BC-DWB-TOO-CLA</THEMK><INSTA/><MNUMM/><MYEAR>0000</MYEAR></ATTRIBUTES><TEXT>Change/Creator Information Not Stored Accurately After Using SAP Note Assistant</TEXT></item><item><NUMBER>0003159737</NUMBER><VERSION>0002</VERSION><ATTRIBUTES><THEMK>SV-SMG-TWB-PLN</THEMK><INSTA/><MNUMM/><MYEAR>0000</MYEAR></ATTRIBUTES><TEXT>Defaulting of Test Plan Description and Planned Dates Not Taking Place Despite P</TEXT></item><item><NUMBER>0003159904</NUMBER><VERSION>0001</VERSION><ATTRIBUTES><THEMK>SV-SMG-TWB-PLN</THEMK><INSTA/><MNUMM/><MYEAR>0000</MYEAR></ATTRIBUTES><TEXT>Unexpected situation in class CL_SMT_FDR_TPLN_PROP_TC_2_TPCK</TEXT></item><item><NUMBER>0003236443</NUMBER><VERSION>0067</VERSION><ATTRIBUTES><THEMK>SV-SCS-S4R</THEMK><INSTA/><MNUMM/><MYEAR>0000</MYEAR></ATTRIBUTES><TEXT>SAP Readiness Check for SAP Cloud ALM</TEXT></item><item><NUMBER>0003248261</NUMBER><VERSION>0003</VERSION><ATTRIBUTES><THEMK>SV-SMG-TWB-PLN</THEMK><INSTA/><MNUMM/><MYEAR>0000</MYEAR></ATTRIBUTES><TEXT>Test Plan Deletion fails with runtime error OBJECTS_OBJREF_NOT_ASSIGNED_NO in AB</TEXT></item><item><NUMBER>0003291825</NUMBER><VERSION>0003</VERSION><ATTRIBUTES><THEMK>BC-TWB-TST-ECA</THEMK><INSTA/><MNUMM/><MYEAR>0000</MYEAR></ATTRIBUTES><TEXT>FM TESTPROXY_FRONTEND_TEST_LOCAL to export jobguid</TEXT></item><item><NUMBER>0003299328</NUMBER><VERSION>0001</VERSION><ATTRIBUTES><THEMK>SV-SMG-TWB-PLN</THEMK><INSTA/><MNUMM/><MYEAR>0000</MYEAR></ATTRIBUTES><TEXT>[Test Automation] Upgrade Actions</TEXT></item><item><NUMBER>0003300932</NUMBER><VERSION>0002</VERSION><ATTRIBUTES><THEMK>BC-SEC-SAL</THEMK><INSTA/><MNUMM/><MYEAR>0000</MYEAR></ATTRIBUTES><TEXT>Security Audit Log | Event AU6 with context information</TEXT></item><item><NUMBER>0003315066</NUMBER><VERSION>0004</VERSION><ATTRIBUTES><THEMK>SV-SMG-GAL</THEMK><INSTA/><MNUMM/><MYEAR>0000</MYEAR></ATTRIBUTES><TEXT>Solution Documentation – Import of BPMN diagram creates Process Steps incorrectl</TEXT></item><item><NUMBER>0003319853</NUMBER><VERSION>0003</VERSION><ATTRIBUTES><THEMK>BC-SEC-SAL</THEMK><INSTA/><MNUMM/><MYEAR>0000</MYEAR></ATTRIBUTES><TEXT>SAL-Ereignisse für DBA Cockpit</TEXT></item><item><NUMBER>0003366875</NUMBER><VERSION>0002</VERSION><ATTRIBUTES><THEMK>SV-SMG-TWB-PLN</THEMK><INSTA/><MNUMM/><MYEAR>0000</MYEAR></ATTRIBUTES><TEXT>Faint Display of Labels of File Upload Fields on Document Mime Resources Tab of</TEXT></item><item><NUMBER>0003389796</NUMBER><VERSION>0001</VERSION><ATTRIBUTES><THEMK>SV-SMG-GAL</THEMK><INSTA/><MNUMM/><MYEAR>0000</MYEAR></ATTRIBUTES><TEXT>Collective Note SP19 Graphical Editor - SAP Solution Manager 7.2 SP19</TEXT></item><item><NUMBER>0003401873</NUMBER><VERSION>0001</VERSION><ATTRIBUTES><THEMK>SV-SMG-TWB-PLN</THEMK><INSTA/><MNUMM/><MYEAR>0000</MYEAR></ATTRIBUTES><TEXT>Test Plan Management App: Runtime error MESSAGE_TYPE_X in /BOBF/CL_FRW</TEXT></item><item><NUMBER>0003408929</NUMBER><VERSION>0004</VERSION><ATTRIBUTES><THEMK>BC-SEC-SAL</THEMK><INSTA/><MNUMM/><MYEAR>0000</MYEAR></ATTRIBUTES><TEXT>Default setup for Security Audit Log</TEXT></item><item><NUMBER>0003411138</NUMBER><VERSION>0003</VERSION><ATTRIBUTES><THEMK>SV-SMG-INS-CFG</THEMK><INSTA/><MNUMM/><MYEAR>0000</MYEAR></ATTRIBUTES><TEXT>Collective Note SP19: Basic Functions - SAP Solution Manager 7.2 SPS 19</TEXT></item><item><NUMBER>0003449636</NUMBER><VERSION>0001</VERSION><ATTRIBUTES><THEMK>SV-SMG-TWB</THEMK><INSTA/><MNUMM/><MYEAR>0000</MYEAR></ATTRIBUTES><TEXT>Collective Note SP20: Test Suite - SAP Solution Manager 7.2 SPS 20</TEXT></item><item><NUMBER>0003454482</NUMBER><VERSION>0001</VERSION><ATTRIBUTES><THEMK>BC-SEC-SAL</THEMK><INSTA/><MNUMM/><MYEAR>0000</MYEAR></ATTRIBUTES><TEXT>SM20 / RSAU_READ_LOG | Error during export to EXCEL</TEXT></item><item><NUMBER>0003459862</NUMBER><VERSION>0001</VERSION><ATTRIBUTES><THEMK>SV-SMG-GAL</THEMK><INSTA/><MNUMM/><MYEAR>0000</MYEAR></ATTRIBUTES><TEXT>Collective Note SP20 Graphical Editor - SAP Solution Manager 7.2 SP20</TEXT></item><item><NUMBER>0003460601</NUMBER><VERSION>0001</VERSION><ATTRIBUTES><THEMK>BC-UPG-NA</THEMK><INSTA/><MNUMM/><MYEAR>0000</MYEAR></ATTRIBUTES><TEXT>SNOTE: Fix in SCWN_DS_CLEAR_NOTE_FILE to handle deletion of signature files</TEXT></item><item><NUMBER>0003463475</NUMBER><VERSION>0002</VERSION><ATTRIBUTES><THEMK>SV-SMG-TWB-PLN</THEMK><INSTA/><MNUMM/><MYEAR>0000</MYEAR></ATTRIBUTES><TEXT>Test Suite - First Corrections after Upgrade to SP-19</TEXT></item><item><NUMBER>0003468601</NUMBER><VERSION>0001</VERSION><ATTRIBUTES><THEMK>BC-WD-ABA</THEMK><INSTA/><MNUMM/><MYEAR>0000</MYEAR></ATTRIBUTES><TEXT>Correction for Unified Rendering TCI 2406 for SAP_UI 754</TEXT></item><item><NUMBER>0003471385</NUMBER><VERSION>0001</VERSION><ATTRIBUTES><THEMK>BC-UPG-NA</THEMK><INSTA/><MNUMM/><MYEAR>0000</MYEAR></ATTRIBUTES><TEXT>SNOTE: Download of a Note with text exceeding 80 char resulting in short dump</TEXT></item><item><NUMBER>0003477026</NUMBER><VERSION>0008</VERSION><ATTRIBUTES><THEMK>SV-SMG-IMP-BIM</THEMK><INSTA/><MNUMM/><MYEAR>0000</MYEAR></ATTRIBUTES><TEXT>Performance Improvement WI UI: Basic ST component improvements</TEXT></item><item><NUMBER>0003480393</NUMBER><VERSION>0001</VERSION><ATTRIBUTES><THEMK>BC-SEC-SAL</THEMK><INSTA/><MNUMM/><MYEAR>0000</MYEAR></ATTRIBUTES><TEXT>RSAU_INFO_SYAG | Print function doesn't work</TEXT></item><item><NUMBER>0003480961</NUMBER><VERSION>0011</VERSION><ATTRIBUTES><THEMK>SV-SMG-IMP-BIM</THEMK><INSTA/><MNUMM/><MYEAR>0000</MYEAR></ATTRIBUTES><TEXT>Selective Data Transfer - Document Content Download</TEXT></item><item><NUMBER>0003486127</NUMBER><VERSION>0010</VERSION><ATTRIBUTES><THEMK>SV-SMG-OST-FB-TWB</THEMK><INSTA/><MNUMM/><MYEAR>0000</MYEAR></ATTRIBUTES><TEXT>Selective Data Transfer from SAP Solution Manager 7.2 to SAP Cloud ALM for Test</TEXT></item><item><NUMBER>0003486623</NUMBER><VERSION>0001</VERSION><ATTRIBUTES><THEMK>BC-MID-RFC</THEMK><INSTA/><MNUMM/><MYEAR>0000</MYEAR></ATTRIBUTES><TEXT>RSRFCCHK outputs incorrect value for T/T</TEXT></item><item><NUMBER>0003486840</NUMBER><VERSION>0006</VERSION><ATTRIBUTES><THEMK>BC-UPG-NA</THEMK><INSTA/><MNUMM/><MYEAR>0000</MYEAR></ATTRIBUTES><TEXT>SNOTE: Fix in re-implementation handling of SAP Note implemented in old version</TEXT></item><item><NUMBER>0003490529</NUMBER><VERSION>0001</VERSION><ATTRIBUTES><THEMK>SV-SMG-IMP</THEMK><INSTA/><MNUMM/><MYEAR>0000</MYEAR></ATTRIBUTES><TEXT>Collective Note SP20: Process Management - SAP Solution Manager 7.2 SPS20</TEXT></item><item><NUMBER>0003493122</NUMBER><VERSION>0001</VERSION><ATTRIBUTES><THEMK>SV-SMG-OST-FB</THEMK><INSTA/><MNUMM/><MYEAR>0000</MYEAR></ATTRIBUTES><TEXT>Focused Build: SOLMAN_SETUP Scenario Collective Corrections SP14</TEXT></item><item><NUMBER>0003495997</NUMBER><VERSION>0006</VERSION><ATTRIBUTES><THEMK>SV-SMG-INS-CFG</THEMK><INSTA/><MNUMM/><MYEAR>0000</MYEAR></ATTRIBUTES><TEXT>Collective Note SP20: Basic Functions - SAP Solution Manager 7.2 SPS 20</TEXT></item><item><NUMBER>0003496001</NUMBER><VERSION>0001</VERSION><ATTRIBUTES><THEMK>SV-SMG-CM</THEMK><INSTA/><MNUMM/><MYEAR>0000</MYEAR></ATTRIBUTES><TEXT>Collective Note SP20: Change Request Management, Requirements Management and Qua</TEXT></item><item><NUMBER>0003500100</NUMBER><VERSION>0001</VERSION><ATTRIBUTES><THEMK>BC-UPG-NA</THEMK><INSTA/><MNUMM/><MYEAR>0000</MYEAR></ATTRIBUTES><TEXT>Fix to download missing SAP Note metadata and avoid unnecessary re-implementatio</TEXT></item><item><NUMBER>0003508563</NUMBER><VERSION>0003</VERSION><ATTRIBUTES><THEMK>SV-SMG-TWB-PLN</THEMK><INSTA/><MNUMM/><MYEAR>0000</MYEAR></ATTRIBUTES><TEXT>Sequenced TPCK Copy: Missing Test Cases</TEXT></item><item><NUMBER>0003513359</NUMBER><VERSION>0004</VERSION><ATTRIBUTES><THEMK>SV-SMG-TWB-PLN</THEMK><INSTA/><MNUMM/><MYEAR>0000</MYEAR></ATTRIBUTES><TEXT>Test Package Service Manager does not Prevent from Saving Empty Tester ID</TEXT></item><item><NUMBER>0003513497</NUMBER><VERSION>0002</VERSION><ATTRIBUTES><THEMK>SV-SMG-TWB-PLN</THEMK><INSTA/><MNUMM/><MYEAR>0000</MYEAR></ATTRIBUTES><TEXT>Test Package Copy Logs do not Correspond To Raised Error</TEXT></item><item><NUMBER>0003517509</NUMBER><VERSION>0003</VERSION><ATTRIBUTES><THEMK>SV-SMG-TWB-PLN</THEMK><INSTA/><MNUMM/><MYEAR>0000</MYEAR></ATTRIBUTES><TEXT>Test Plan Copy - Detection of Detached Nodes</TEXT></item><item><NUMBER>0003520371</NUMBER><VERSION>0001</VERSION><ATTRIBUTES><THEMK>SV-SMG-OST-FB</THEMK><INSTA/><MNUMM/><MYEAR>0000</MYEAR></ATTRIBUTES><TEXT>Focused Build: Technical collective note for ST-OST 200 SP15</TEXT></item><item><NUMBER>0003520372</NUMBER><VERSION>0001</VERSION><ATTRIBUTES><THEMK>SV-SMG-OST-FB</THEMK><INSTA/><MNUMM/><MYEAR>0000</MYEAR></ATTRIBUTES><TEXT>Focused Build: SOLMAN_SETUP Scenario Collective Corrections SP15</TEXT></item><item><NUMBER>0003520965</NUMBER><VERSION>0001</VERSION><ATTRIBUTES><THEMK>SV-SMG-TWB-PLN</THEMK><INSTA/><MNUMM/><MYEAR>0000</MYEAR></ATTRIBUTES><TEXT>Test Plan Release Status Can Be Edited Despite Ongoing Signature Procedure</TEXT></item><item><NUMBER>0003521130</NUMBER><VERSION>0003</VERSION><ATTRIBUTES><THEMK>SV-SMG-TWB</THEMK><INSTA/><MNUMM/><MYEAR>0000</MYEAR></ATTRIBUTES><TEXT>Tester Worklist Test Note Reference Authorization Issue</TEXT></item><item><NUMBER>0003523789</NUMBER><VERSION>0001</VERSION><ATTRIBUTES><THEMK>SV-SMG-TWB-PLN</THEMK><INSTA/><MNUMM/><MYEAR>0000</MYEAR></ATTRIBUTES><TEXT>Error Removing Test Case from Test Plan with Sequence</TEXT></item><item><NUMBER>0003525762</NUMBER><VERSION>0001</VERSION><ATTRIBUTES><THEMK>SV-SMG-TWB</THEMK><INSTA/><MNUMM/><MYEAR>0000</MYEAR></ATTRIBUTES><TEXT>Testsuite Workflow Notification Go To My Test Executions Link Title Issue</TEXT></item><item><NUMBER>0003526653</NUMBER><VERSION>0002</VERSION><ATTRIBUTES><THEMK>SV-SMG-GAL</THEMK><INSTA/><MNUMM/><MYEAR>0000</MYEAR></ATTRIBUTES><TEXT>Unable to select the symbol after renaming it</TEXT></item><item><NUMBER>0003528917</NUMBER><VERSION>0001</VERSION><ATTRIBUTES><THEMK>SV-SMG-TWB</THEMK><INSTA/><MNUMM/><MYEAR>0000</MYEAR></ATTRIBUTES><TEXT>Test Plan Test Package End Date Not Updated From Tester Worklist With On Behalf</TEXT></item><item><NUMBER>0003535126</NUMBER><VERSION>0002</VERSION><ATTRIBUTES><THEMK>SV-SMG-TWB</THEMK><INSTA/><MNUMM/><MYEAR>0000</MYEAR></ATTRIBUTES><TEXT>Automated Test - Results: User Timezone is not considered</TEXT></item><item><NUMBER>0003536557</NUMBER><VERSION>0001</VERSION><ATTRIBUTES><THEMK>BC-WD-ABA</THEMK><INSTA/><MNUMM/><MYEAR>0000</MYEAR></ATTRIBUTES><TEXT>Correction for Unified Rendering TCI 2412 for SAP_UI 754</TEXT></item><item><NUMBER>0003539788</NUMBER><VERSION>0004</VERSION><ATTRIBUTES><THEMK>SV-SMG-OST-FB</THEMK><INSTA/><MNUMM/><MYEAR>0000</MYEAR></ATTRIBUTES><TEXT>Focused Build Initial Corrections for ST-OST 200 SP15</TEXT></item><item><NUMBER>0003539830</NUMBER><VERSION>0004</VERSION><ATTRIBUTES><THEMK>SV-SMG-OST-FB-CM</THEMK><INSTA/><MNUMM/><MYEAR>0000</MYEAR></ATTRIBUTES><TEXT>Focused Build: Requirements Management - corrections for ST-OST 200 SP15</TEXT></item><item><NUMBER>0003539831</NUMBER><VERSION>0002</VERSION><ATTRIBUTES><THEMK>SV-SMG-OST-FB-CM</THEMK><INSTA/><MNUMM/><MYEAR>0000</MYEAR></ATTRIBUTES><TEXT>Focused Build: Generic Application - corrections for ST-OST 200 SP15</TEXT></item><item><NUMBER>0003539833</NUMBER><VERSION>0003</VERSION><ATTRIBUTES><THEMK>SV-SMG-OST-FB-CM</THEMK><INSTA/><MNUMM/><MYEAR>0000</MYEAR></ATTRIBUTES><TEXT>Focused Build: Mass Change Operations - corrections for ST-OST 200 SP15</TEXT></item><item><NUMBER>0003542350</NUMBER><VERSION>0027</VERSION><ATTRIBUTES><THEMK>SV-SMG-IMP-BIM</THEMK><INSTA/><MNUMM/><MYEAR>0000</MYEAR></ATTRIBUTES><TEXT>Enhancements and Updates for Selective Data Transfer</TEXT></item><item><NUMBER>0003544556</NUMBER><VERSION>0001</VERSION><ATTRIBUTES><THEMK>SV-SMG-TWB-PLN</THEMK><INSTA/><MNUMM/><MYEAR>0000</MYEAR></ATTRIBUTES><TEXT>External Test Tool Execution Result Update Business Partner Is Not A Person Erro</TEXT></item><item><NUMBER>0003545345</NUMBER><VERSION>0001</VERSION><ATTRIBUTES><THEMK>SV-SMG-GAL</THEMK><INSTA/><MNUMM/><MYEAR>0000</MYEAR></ATTRIBUTES><TEXT>Process document generation continue indefinitely if there is a corrupted diagra</TEXT></item><item><NUMBER>0003553520</NUMBER><VERSION>0001</VERSION><ATTRIBUTES><THEMK>SV-SMG-OST-FB-DDK</THEMK><INSTA/><MNUMM/><MYEAR>0000</MYEAR></ATTRIBUTES><TEXT>Focused Build - My Documents shows 'An error occurred' error message on the UI</TEXT></item><item><NUMBER>0003554339</NUMBER><VERSION>0001</VERSION><ATTRIBUTES><THEMK>SV-SMG-IMP-BIM</THEMK><INSTA/><MNUMM/><MYEAR>0000</MYEAR></ATTRIBUTES><TEXT>Soldoc: Distribute Changes to References from the List View</TEXT></item><item><NUMBER>0003557420</NUMBER><VERSION>0001</VERSION><ATTRIBUTES><THEMK>BC-WD-ABA</THEMK><INSTA/><MNUMM/><MYEAR>0000</MYEAR></ATTRIBUTES><TEXT>Correction for Unified Rendering TCI 2501 for SAP_UI 754</TEXT></item><item><NUMBER>0003558312</NUMBER><VERSION>0003</VERSION><ATTRIBUTES><THEMK>SV-SMG-GAL</THEMK><INSTA/><MNUMM/><MYEAR>0000</MYEAR></ATTRIBUTES><TEXT>SDT:Diagrams not uploaded due to special characters in the name of the file and</TEXT></item><item><NUMBER>0003581697</NUMBER><VERSION>0011</VERSION><ATTRIBUTES><THEMK>SV-SMG-IMP-BIM</THEMK><INSTA/><MNUMM/><MYEAR>0000</MYEAR></ATTRIBUTES><TEXT>Selective Data Transfer - URL Replacement and further improvements</TEXT></item><item><NUMBER>0003596081</NUMBER><VERSION>0006</VERSION><ATTRIBUTES><THEMK>SV-SMG-IMP-BIM</THEMK><INSTA/><MNUMM/><MYEAR>0000</MYEAR></ATTRIBUTES><TEXT>Selective Data Transfer - Issue for not translated element names</TEXT></item><item><NUMBER>0003599991</NUMBER><VERSION>0004</VERSION><ATTRIBUTES><THEMK>SV-SMG-IMP-BIM</THEMK><INSTA/><MNUMM/><MYEAR>0000</MYEAR></ATTRIBUTES><TEXT>Selective Data Transfer - Attribute Description (based on a search help) not in</TEXT></item><item><NUMBER>0003612562</NUMBER><VERSION>0018</VERSION><ATTRIBUTES><THEMK>SV-SMG-IMP-BIM</THEMK><INSTA/><MNUMM/><MYEAR>0000</MYEAR></ATTRIBUTES><TEXT>Selective Data Transfer - Problems with Scope for Library &amp; Documentation downlo</TEXT></item><item><NUMBER>0003618836</NUMBER><VERSION>0002</VERSION><ATTRIBUTES><THEMK>SV-SMG-GAL</THEMK><INSTA/><MNUMM/><MYEAR>0000</MYEAR></ATTRIBUTES><TEXT>SDT: Performance Improvements for Process and Diagrams</TEXT></item><item><NUMBER>0003629228</NUMBER><VERSION>0001</VERSION><ATTRIBUTES><THEMK>SV-SMG-IMP</THEMK><INSTA/><MNUMM/><MYEAR>0000</MYEAR></ATTRIBUTES><TEXT>Performance: URL generations for KW documents</TEXT></item><item><NUMBER>0003648757</NUMBER><VERSION>0001</VERSION><ATTRIBUTES><THEMK>SV-SMG-IMP</THEMK><INSTA/><MNUMM/><MYEAR>0000</MYEAR></ATTRIBUTES><TEXT>Enhancements and Updates for Selective Data Transfer #2</TEXT></item></IMPLEMENTED_NOTE></asx:values></asx:abap>