<?xml version="1.0" encoding="utf-8"?><?xml-stylesheet type="text/xsl" href="alm_cust_tables.xsl"?><asx:abap version="1.0" xmlns:asx="http://www.sap.com/abapxml"><asx:values><DESCRIPTION>Solution Manager Custom Tables</DESCRIPTION><CHECK_INFO><DESCRIPTION>Solution Manager Custom Tables</DESCRIPTION><SYSTEM>A4H</SYSTEM><CLIENT>001</CLIENT><START_DATE>20250912183736</START_DATE><END_DATE/></CHECK_INFO><RESULTS><item><TABNAME>ZAA_ANOMALIES</TABNAME><DDTEXT>ZAA_ANOMALIES</DDTEXT><DEVCLASS>Z_ANO_ANA</DEVCLASS><DEVCLASS_TEXT>Anomalies Analysis POC</DEVCLASS_TEXT><CONTFLAG>A</CONTFLAG><CONTFLAG_DESC>Application Table (Master- and Transaction Data)</CONTFLAG_DESC><NUM_FIELDS>4</NUM_FIELDS><NUM_REC>161044</NUM_REC></item><item><TABNAME>ZAA_ANOMALIES_D</TABNAME><DDTEXT>ZAA_ANOMALIES_D</DDTEXT><DEVCLASS>Z_ANO_ANA</DEVCLASS><DEVCLASS_TEXT>Anomalies Analysis POC</DEVCLASS_TEXT><CONTFLAG>A</CONTFLAG><CONTFLAG_DESC>Application Table (Master- and Transaction Data)</CONTFLAG_DESC><NUM_FIELDS>3</NUM_FIELDS><NUM_REC>0</NUM_REC></item><item><TABNAME>ZAA_BITMAPS_L2</TABNAME><DDTEXT>ZAA_BITMAPS_L2</DDTEXT><DEVCLASS>Z_ANO_ANA</DEVCLASS><DEVCLASS_TEXT>Anomalies Analysis POC</DEVCLASS_TEXT><CONTFLAG>A</CONTFLAG><CONTFLAG_DESC>Application Table (Master- and Transaction Data)</CONTFLAG_DESC><NUM_FIELDS>20</NUM_FIELDS><NUM_REC>20536</NUM_REC></item><item><TABNAME>ZAA_METRICS</TABNAME><DDTEXT>ZAA_METRICS</DDTEXT><DEVCLASS>Z_ANO_ANA</DEVCLASS><DEVCLASS_TEXT>Anomalies Analysis POC</DEVCLASS_TEXT><CONTFLAG>A</CONTFLAG><CONTFLAG_DESC>Application Table (Master- and Transaction Data)</CONTFLAG_DESC><NUM_FIELDS>6</NUM_FIELDS><NUM_REC>68</NUM_REC></item><item><TABNAME>ZAA_METRICS_90AV</TABNAME><DDTEXT>ZAA_METRICS_90AV</DDTEXT><DEVCLASS>Z_ANO_ANA</DEVCLASS><DEVCLASS_TEXT>Anomalies Analysis POC</DEVCLASS_TEXT><CONTFLAG>A</CONTFLAG><CONTFLAG_DESC>Application Table (Master- and Transaction Data)</CONTFLAG_DESC><NUM_FIELDS>6</NUM_FIELDS><NUM_REC>1632</NUM_REC></item><item><TABNAME>ZAA_METRICS_D</TABNAME><DDTEXT>ZAA_METRICS_D</DDTEXT><DEVCLASS>Z_ANO_ANA</DEVCLASS><DEVCLASS_TEXT>Anomalies Analysis POC</DEVCLASS_TEXT><CONTFLAG>A</CONTFLAG><CONTFLAG_DESC>Application Table (Master- and Transaction Data)</CONTFLAG_DESC><NUM_FIELDS>6</NUM_FIELDS><NUM_REC>0</NUM_REC></item><item><TABNAME>ZAA_TOP_AVERAGES</TABNAME><DDTEXT>ZAA_TOP_METRICS</DDTEXT><DEVCLASS>Z_ANO_ANA</DEVCLASS><DEVCLASS_TEXT>Anomalies Analysis POC</DEVCLASS_TEXT><CONTFLAG>L</CONTFLAG><CONTFLAG_DESC>Table for storing temporary data, delivered empty</CONTFLAG_DESC><NUM_FIELDS>9</NUM_FIELDS><NUM_REC>7824</NUM_REC></item><item><TABNAME>ZAA_TOP_METRICS</TABNAME><DDTEXT>ZAA_TOP_METRICS</DDTEXT><DEVCLASS>Z_ANO_ANA</DEVCLASS><DEVCLASS_TEXT>Anomalies Analysis POC</DEVCLASS_TEXT><CONTFLAG>L</CONTFLAG><CONTFLAG_DESC>Table for storing temporary data, delivered empty</CONTFLAG_DESC><NUM_FIELDS>14</NUM_FIELDS><NUM_REC>335</NUM_REC></item><item><TABNAME>ZAPPANA_AGGR_D</TABNAME><DDTEXT>ZAPPANA_AGGR_D</DDTEXT><DEVCLASS>Z_APP_ANALYTICS</DEVCLASS><DEVCLASS_TEXT>Z_APP_ANALYTICS</DEVCLASS_TEXT><CONTFLAG>A</CONTFLAG><CONTFLAG_DESC>Application Table (Master- and Transaction Data)</CONTFLAG_DESC><NUM_FIELDS>19</NUM_FIELDS><NUM_REC>510</NUM_REC></item><item><TABNAME>ZAPPANA_AGGR_M</TABNAME><DDTEXT>ZAPPANA_AGGR_D</DDTEXT><DEVCLASS>Z_APP_ANALYTICS</DEVCLASS><DEVCLASS_TEXT>Z_APP_ANALYTICS</DEVCLASS_TEXT><CONTFLAG>A</CONTFLAG><CONTFLAG_DESC>Application Table (Master- and Transaction Data)</CONTFLAG_DESC><NUM_FIELDS>19</NUM_FIELDS><NUM_REC>1533</NUM_REC></item><item><TABNAME>ZAPPANA_APPS</TABNAME><DDTEXT>ZAPPANA_APPS</DDTEXT><DEVCLASS>Z_APP_ANALYTICS</DEVCLASS><DEVCLASS_TEXT>Z_APP_ANALYTICS</DEVCLASS_TEXT><CONTFLAG>A</CONTFLAG><CONTFLAG_DESC>Application Table (Master- and Transaction Data)</CONTFLAG_DESC><NUM_FIELDS>2</NUM_FIELDS><NUM_REC>214</NUM_REC></item><item><TABNAME>ZAPPANA_USERS</TABNAME><DDTEXT>ZAPPANA_USERS</DDTEXT><DEVCLASS>Z_APP_ANALYTICS</DEVCLASS><DEVCLASS_TEXT>Z_APP_ANALYTICS</DEVCLASS_TEXT><CONTFLAG>C</CONTFLAG><CONTFLAG_DESC>Customizing table, maintenance only by cust., not SAP import</CONTFLAG_DESC><NUM_FIELDS>7</NUM_FIELDS><NUM_REC>26</NUM_REC></item><item><TABNAME>ZBW_CANTEEN</TABNAME><DDTEXT/><DEVCLASS>ZBW_DEMO</DEVCLASS><DEVCLASS_TEXT/><CONTFLAG>A</CONTFLAG><CONTFLAG_DESC>Application Table (Master- and Transaction Data)</CONTFLAG_DESC><NUM_FIELDS>3</NUM_FIELDS><NUM_REC>10</NUM_REC></item><item><TABNAME>ZBW_MEALS</TABNAME><DDTEXT/><DEVCLASS>ZBW_DEMO</DEVCLASS><DEVCLASS_TEXT/><CONTFLAG>A</CONTFLAG><CONTFLAG_DESC>Application Table (Master- and Transaction Data)</CONTFLAG_DESC><NUM_FIELDS>3</NUM_FIELDS><NUM_REC>49</NUM_REC></item><item><TABNAME>ZBW_MEAL_CATEGO</TABNAME><DDTEXT/><DEVCLASS>ZBW_DEMO</DEVCLASS><DEVCLASS_TEXT/><CONTFLAG>A</CONTFLAG><CONTFLAG_DESC>Application Table (Master- and Transaction Data)</CONTFLAG_DESC><NUM_FIELDS>3</NUM_FIELDS><NUM_REC>6</NUM_REC></item><item><TABNAME>ZBW_PROD_CATEGO</TABNAME><DDTEXT/><DEVCLASS>ZBW_DEMO</DEVCLASS><DEVCLASS_TEXT/><CONTFLAG>A</CONTFLAG><CONTFLAG_DESC>Application Table (Master- and Transaction Data)</CONTFLAG_DESC><NUM_FIELDS>3</NUM_FIELDS><NUM_REC>49</NUM_REC></item><item><TABNAME>ZBW_SOLD_MEALS</TABNAME><DDTEXT/><DEVCLASS>ZBW_DEMO</DEVCLASS><DEVCLASS_TEXT/><CONTFLAG>A</CONTFLAG><CONTFLAG_DESC>Application Table (Master- and Transaction Data)</CONTFLAG_DESC><NUM_FIELDS>5</NUM_FIELDS><NUM_REC>610080</NUM_REC></item><item><TABNAME>ZCL_DEP_DATA</TABNAME><DDTEXT>MY CDMC MIT TABLE</DDTEXT><DEVCLASS>ZCDMC</DEVCLASS><DEVCLASS_TEXT>cdmc mit development class</DEVCLASS_TEXT><CONTFLAG>C</CONTFLAG><CONTFLAG_DESC>Customizing table, maintenance only by cust., not SAP import</CONTFLAG_DESC><NUM_FIELDS>1</NUM_FIELDS><NUM_REC>0</NUM_REC></item><item><TABNAME>ZCNVCDMCCA_STAT</TABNAME><DDTEXT>Statistics</DDTEXT><DEVCLASS>ZW_PACKAGE_ADDITIONAL</DEVCLASS><DEVCLASS_TEXT>ZW_PACKAGE_ADDITIONAL</DEVCLASS_TEXT><CONTFLAG>C</CONTFLAG><CONTFLAG_DESC>Customizing table, maintenance only by cust., not SAP import</CONTFLAG_DESC><NUM_FIELDS>10</NUM_FIELDS><NUM_REC>28</NUM_REC></item><item><TABNAME>ZEM_FLW</TABNAME><DDTEXT>Document Flow for documents created by Test Program</DDTEXT><DEVCLASS>ZEM</DEVCLASS><DEVCLASS_TEXT>Exception Management Sample Report</DEVCLASS_TEXT><CONTFLAG>A</CONTFLAG><CONTFLAG_DESC>Application Table (Master- and Transaction Data)</CONTFLAG_DESC><NUM_FIELDS>8</NUM_FIELDS><NUM_REC>0</NUM_REC></item><item><TABNAME>ZEM_HDR</TABNAME><DDTEXT>Header Data for documents created by test program</DDTEXT><DEVCLASS>ZEM</DEVCLASS><DEVCLASS_TEXT>Exception Management Sample Report</DEVCLASS_TEXT><CONTFLAG>A</CONTFLAG><CONTFLAG_DESC>Application Table (Master- and Transaction Data)</CONTFLAG_DESC><NUM_FIELDS>4</NUM_FIELDS><NUM_REC>0</NUM_REC></item><item><TABNAME>ZEM_ITM</TABNAME><DDTEXT>Item Data for documents created by Test Program</DDTEXT><DEVCLASS>ZEM</DEVCLASS><DEVCLASS_TEXT>Exception Management Sample Report</DEVCLASS_TEXT><CONTFLAG>A</CONTFLAG><CONTFLAG_DESC>Application Table (Master- and Transaction Data)</CONTFLAG_DESC><NUM_FIELDS>6</NUM_FIELDS><NUM_REC>0</NUM_REC></item><item><TABNAME>ZMAP_COORDINATES</TABNAME><DDTEXT>ZMAP_COORDINATES (Cities Latitude and Longitude)</DDTEXT><DEVCLASS>Z_APP_ANALYTICS</DEVCLASS><DEVCLASS_TEXT>Z_APP_ANALYTICS</DEVCLASS_TEXT><CONTFLAG>A</CONTFLAG><CONTFLAG_DESC>Application Table (Master- and Transaction Data)</CONTFLAG_DESC><NUM_FIELDS>5</NUM_FIELDS><NUM_REC>46</NUM_REC></item><item><TABNAME>ZTABL_ACTIVE</TABNAME><DDTEXT>table cdmc</DDTEXT><DEVCLASS>ZCDMC</DEVCLASS><DEVCLASS_TEXT>cdmc mit development class</DEVCLASS_TEXT><CONTFLAG>C</CONTFLAG><CONTFLAG_DESC>Customizing table, maintenance only by cust., not SAP import</CONTFLAG_DESC><NUM_FIELDS>2</NUM_FIELDS><NUM_REC>0</NUM_REC></item><item><TABNAME>ZTABL_INACTIVE</TABNAME><DDTEXT>table cdmc</DDTEXT><DEVCLASS>ZCDMC</DEVCLASS><DEVCLASS_TEXT>cdmc mit development class</DEVCLASS_TEXT><CONTFLAG>C</CONTFLAG><CONTFLAG_DESC>Customizing table, maintenance only by cust., not SAP import</CONTFLAG_DESC><NUM_FIELDS>1</NUM_FIELDS><NUM_REC>0</NUM_REC></item><item><TABNAME>ZTAB_NO_REF</TABNAME><DDTEXT>table cdmc</DDTEXT><DEVCLASS>ZCDMC</DEVCLASS><DEVCLASS_TEXT>cdmc mit development class</DEVCLASS_TEXT><CONTFLAG>C</CONTFLAG><CONTFLAG_DESC>Customizing table, maintenance only by cust., not SAP import</CONTFLAG_DESC><NUM_FIELDS>2</NUM_FIELDS><NUM_REC>0</NUM_REC></item><item><TABNAME>ZTAB_REF</TABNAME><DDTEXT>table cdmc</DDTEXT><DEVCLASS>ZCDMC</DEVCLASS><DEVCLASS_TEXT>cdmc mit development class</DEVCLASS_TEXT><CONTFLAG>C</CONTFLAG><CONTFLAG_DESC>Customizing table, maintenance only by cust., not SAP import</CONTFLAG_DESC><NUM_FIELDS>2</NUM_FIELDS><NUM_REC>0</NUM_REC></item><item><TABNAME>ZTAB_REF1</TABNAME><DDTEXT>table cdmc</DDTEXT><DEVCLASS>ZCDMC</DEVCLASS><DEVCLASS_TEXT>cdmc mit development class</DEVCLASS_TEXT><CONTFLAG>C</CONTFLAG><CONTFLAG_DESC>Customizing table, maintenance only by cust., not SAP import</CONTFLAG_DESC><NUM_FIELDS>2</NUM_FIELDS><NUM_REC>0</NUM_REC></item><item><TABNAME>ZTEST_DUMP1_SA</TABNAME><DDTEXT>test dump1 table</DDTEXT><DEVCLASS>ZCDMC</DEVCLASS><DEVCLASS_TEXT>cdmc mit development class</DEVCLASS_TEXT><CONTFLAG>A</CONTFLAG><CONTFLAG_DESC>Application Table (Master- and Transaction Data)</CONTFLAG_DESC><NUM_FIELDS>3</NUM_FIELDS><NUM_REC>0</NUM_REC></item><item><TABNAME>ZTEST_USAGE1_SA</TABNAME><DDTEXT>test for access usage of tables- table 2</DDTEXT><DEVCLASS>ZCDMC</DEVCLASS><DEVCLASS_TEXT>cdmc mit development class</DEVCLASS_TEXT><CONTFLAG>A</CONTFLAG><CONTFLAG_DESC>Application Table (Master- and Transaction Data)</CONTFLAG_DESC><NUM_FIELDS>4</NUM_FIELDS><NUM_REC>0</NUM_REC></item><item><TABNAME>ZTEST_USAGE_SA</TABNAME><DDTEXT>test for access usage of tables</DDTEXT><DEVCLASS>ZCDMC</DEVCLASS><DEVCLASS_TEXT>cdmc mit development class</DEVCLASS_TEXT><CONTFLAG>A</CONTFLAG><CONTFLAG_DESC>Application Table (Master- and Transaction Data)</CONTFLAG_DESC><NUM_FIELDS>2</NUM_FIELDS><NUM_REC>0</NUM_REC></item><item><TABNAME>ZTSP01</TABNAME><DDTEXT>Spool Requests</DDTEXT><DEVCLASS>ZW_PACKAGE_A4H</DEVCLASS><DEVCLASS_TEXT>ZW_PACKAGE_A4H</DEVCLASS_TEXT><CONTFLAG>L</CONTFLAG><CONTFLAG_DESC>Table for storing temporary data, delivered empty</CONTFLAG_DESC><NUM_FIELDS>47</NUM_FIELDS><NUM_REC>50000</NUM_REC></item><item><TABNAME>ZTSP01_BIG</TABNAME><DDTEXT>Spool Requests</DDTEXT><DEVCLASS>ZW_PACKAGE_A4H</DEVCLASS><DEVCLASS_TEXT>ZW_PACKAGE_A4H</DEVCLASS_TEXT><CONTFLAG>L</CONTFLAG><CONTFLAG_DESC>Table for storing temporary data, delivered empty</CONTFLAG_DESC><NUM_FIELDS>47</NUM_FIELDS><NUM_REC>1000000</NUM_REC></item><item><TABNAME>ZWCTS_TAB1</TABNAME><DDTEXT>ZWCTS_TAB1</DDTEXT><DEVCLASS>ZW_PACKAGE_CTS</DEVCLASS><DEVCLASS_TEXT>ZW_PACKAGE_CTS</DEVCLASS_TEXT><CONTFLAG>C</CONTFLAG><CONTFLAG_DESC>Customizing table, maintenance only by cust., not SAP import</CONTFLAG_DESC><NUM_FIELDS>2</NUM_FIELDS><NUM_REC>0</NUM_REC></item><item><TABNAME>ZWCTS_TAB2</TABNAME><DDTEXT>ZWCTS_TAB2</DDTEXT><DEVCLASS>ZW_PACKAGE_CTS</DEVCLASS><DEVCLASS_TEXT>ZW_PACKAGE_CTS</DEVCLASS_TEXT><CONTFLAG>C</CONTFLAG><CONTFLAG_DESC>Customizing table, maintenance only by cust., not SAP import</CONTFLAG_DESC><NUM_FIELDS>2</NUM_FIELDS><NUM_REC>0</NUM_REC></item><item><TABNAME>ZWCTS_TAB3</TABNAME><DDTEXT>ZWCTS_TAB3</DDTEXT><DEVCLASS>ZW_PACKAGE_CTS</DEVCLASS><DEVCLASS_TEXT>ZW_PACKAGE_CTS</DEVCLASS_TEXT><CONTFLAG>C</CONTFLAG><CONTFLAG_DESC>Customizing table, maintenance only by cust., not SAP import</CONTFLAG_DESC><NUM_FIELDS>1</NUM_FIELDS><NUM_REC>0</NUM_REC></item><item><TABNAME>ZWCTS_TAB4</TABNAME><DDTEXT>ZWCTS_TAB4</DDTEXT><DEVCLASS>ZW_PACKAGE_CTS</DEVCLASS><DEVCLASS_TEXT>ZW_PACKAGE_CTS</DEVCLASS_TEXT><CONTFLAG>C</CONTFLAG><CONTFLAG_DESC>Customizing table, maintenance only by cust., not SAP import</CONTFLAG_DESC><NUM_FIELDS>1</NUM_FIELDS><NUM_REC>0</NUM_REC></item><item><TABNAME>ZWCTS_TAB_DEEP</TABNAME><DDTEXT>ZWCTS_TAB_DEEP</DDTEXT><DEVCLASS>ZW_PACKAGE_CTS</DEVCLASS><DEVCLASS_TEXT>ZW_PACKAGE_CTS</DEVCLASS_TEXT><CONTFLAG>C</CONTFLAG><CONTFLAG_DESC>Customizing table, maintenance only by cust., not SAP import</CONTFLAG_DESC><NUM_FIELDS>4</NUM_FIELDS><NUM_REC>0</NUM_REC></item><item><TABNAME>ZWCTS_TAB_DEEPN2</TABNAME><DDTEXT>ZWCTS_TAB_DEEP_IN_N2</DDTEXT><DEVCLASS>ZW_PACKAGE_CTS</DEVCLASS><DEVCLASS_TEXT>ZW_PACKAGE_CTS</DEVCLASS_TEXT><CONTFLAG>C</CONTFLAG><CONTFLAG_DESC>Customizing table, maintenance only by cust., not SAP import</CONTFLAG_DESC><NUM_FIELDS>4</NUM_FIELDS><NUM_REC>0</NUM_REC></item><item><TABNAME>ZWCTS_TAB_DOM1</TABNAME><DDTEXT>ZWCTS_TAB_DOM1</DDTEXT><DEVCLASS>ZW_PACKAGE_CTS</DEVCLASS><DEVCLASS_TEXT>ZW_PACKAGE_CTS</DEVCLASS_TEXT><CONTFLAG>C</CONTFLAG><CONTFLAG_DESC>Customizing table, maintenance only by cust., not SAP import</CONTFLAG_DESC><NUM_FIELDS>2</NUM_FIELDS><NUM_REC>0</NUM_REC></item><item><TABNAME>ZWCTS_TAB_DOM2</TABNAME><DDTEXT>ZWCTS_TAB_DOM2</DDTEXT><DEVCLASS>ZW_PACKAGE_CTS</DEVCLASS><DEVCLASS_TEXT>ZW_PACKAGE_CTS</DEVCLASS_TEXT><CONTFLAG>C</CONTFLAG><CONTFLAG_DESC>Customizing table, maintenance only by cust., not SAP import</CONTFLAG_DESC><NUM_FIELDS>2</NUM_FIELDS><NUM_REC>0</NUM_REC></item><item><TABNAME>ZWCTS_TAB_DOM3</TABNAME><DDTEXT>ZWCTS_TAB_DOM3</DDTEXT><DEVCLASS>ZW_PACKAGE_CTS</DEVCLASS><DEVCLASS_TEXT>ZW_PACKAGE_CTS</DEVCLASS_TEXT><CONTFLAG>A</CONTFLAG><CONTFLAG_DESC>Application Table (Master- and Transaction Data)</CONTFLAG_DESC><NUM_FIELDS>2</NUM_FIELDS><NUM_REC>0</NUM_REC></item><item><TABNAME>ZWCTS_TAB_DOM4</TABNAME><DDTEXT>ZWCTS_TAB_DOM4</DDTEXT><DEVCLASS>ZW_PACKAGE_CTS</DEVCLASS><DEVCLASS_TEXT>ZW_PACKAGE_CTS</DEVCLASS_TEXT><CONTFLAG>C</CONTFLAG><CONTFLAG_DESC>Customizing table, maintenance only by cust., not SAP import</CONTFLAG_DESC><NUM_FIELDS>2</NUM_FIELDS><NUM_REC>0</NUM_REC></item><item><TABNAME>ZWCTS_TAB_DOM5</TABNAME><DDTEXT>ZWCTS_TAB_DOM5</DDTEXT><DEVCLASS>ZW_PACKAGE_CTS</DEVCLASS><DEVCLASS_TEXT>ZW_PACKAGE_CTS</DEVCLASS_TEXT><CONTFLAG>C</CONTFLAG><CONTFLAG_DESC>Customizing table, maintenance only by cust., not SAP import</CONTFLAG_DESC><NUM_FIELDS>2</NUM_FIELDS><NUM_REC>0</NUM_REC></item><item><TABNAME>ZWCTS_TAB_ENV1</TABNAME><DDTEXT>ZWCTS_TAB_ENV1 only in new2</DDTEXT><DEVCLASS>ZW_PACKAGE_CTS</DEVCLASS><DEVCLASS_TEXT>ZW_PACKAGE_CTS</DEVCLASS_TEXT><CONTFLAG>C</CONTFLAG><CONTFLAG_DESC>Customizing table, maintenance only by cust., not SAP import</CONTFLAG_DESC><NUM_FIELDS>2</NUM_FIELDS><NUM_REC>0</NUM_REC></item><item><TABNAME>ZWCTS_TAB_ENV2</TABNAME><DDTEXT>ZWCTS_TAB_ENV2 only in new2</DDTEXT><DEVCLASS>ZW_PACKAGE_CTS</DEVCLASS><DEVCLASS_TEXT>ZW_PACKAGE_CTS</DEVCLASS_TEXT><CONTFLAG>C</CONTFLAG><CONTFLAG_DESC>Customizing table, maintenance only by cust., not SAP import</CONTFLAG_DESC><NUM_FIELDS>2</NUM_FIELDS><NUM_REC>0</NUM_REC></item><item><TABNAME>ZWCTS_TAB_ENV3</TABNAME><DDTEXT>ZWCTS_TAB_ENV3 only in new2</DDTEXT><DEVCLASS>ZW_PACKAGE_CTS</DEVCLASS><DEVCLASS_TEXT>ZW_PACKAGE_CTS</DEVCLASS_TEXT><CONTFLAG>C</CONTFLAG><CONTFLAG_DESC>Customizing table, maintenance only by cust., not SAP import</CONTFLAG_DESC><NUM_FIELDS>2</NUM_FIELDS><NUM_REC>0</NUM_REC></item><item><TABNAME>ZWCTS_TAB_ONLYT</TABNAME><DDTEXT>Clients</DDTEXT><DEVCLASS>ZW_PACKAGE_CTS</DEVCLASS><DEVCLASS_TEXT>ZW_PACKAGE_CTS</DEVCLASS_TEXT><CONTFLAG>C</CONTFLAG><CONTFLAG_DESC>Customizing table, maintenance only by cust., not SAP import</CONTFLAG_DESC><NUM_FIELDS>18</NUM_FIELDS><NUM_REC>0</NUM_REC></item><item><TABNAME>ZWCTS_TAB_STR2</TABNAME><DDTEXT>ZWCTS_TAB_STR2</DDTEXT><DEVCLASS>ZW_PACKAGE_CTS</DEVCLASS><DEVCLASS_TEXT>ZW_PACKAGE_CTS</DEVCLASS_TEXT><CONTFLAG>C</CONTFLAG><CONTFLAG_DESC>Customizing table, maintenance only by cust., not SAP import</CONTFLAG_DESC><NUM_FIELDS>3</NUM_FIELDS><NUM_REC>0</NUM_REC></item><item><TABNAME>ZWCTS_TAB_STRL</TABNAME><DDTEXT>ZWCTS_TAB_STRL</DDTEXT><DEVCLASS>ZW_PACKAGE_CTS</DEVCLASS><DEVCLASS_TEXT>ZW_PACKAGE_CTS</DEVCLASS_TEXT><CONTFLAG>C</CONTFLAG><CONTFLAG_DESC>Customizing table, maintenance only by cust., not SAP import</CONTFLAG_DESC><NUM_FIELDS>3</NUM_FIELDS><NUM_REC>0</NUM_REC></item><item><TABNAME>ZWCTS_TAB_TAB</TABNAME><DDTEXT>ZWCTS_TAB_TAB</DDTEXT><DEVCLASS>ZW_PACKAGE_CTS</DEVCLASS><DEVCLASS_TEXT>ZW_PACKAGE_CTS</DEVCLASS_TEXT><CONTFLAG>C</CONTFLAG><CONTFLAG_DESC>Customizing table, maintenance only by cust., not SAP import</CONTFLAG_DESC><NUM_FIELDS>3</NUM_FIELDS><NUM_REC>0</NUM_REC></item><item><TABNAME>ZWE2E200_TAB1</TABNAME><DDTEXT>Clients</DDTEXT><DEVCLASS>ZW_PACKAGE_A4H</DEVCLASS><DEVCLASS_TEXT>ZW_PACKAGE_A4H</DEVCLASS_TEXT><CONTFLAG>C</CONTFLAG><CONTFLAG_DESC>Customizing table, maintenance only by cust., not SAP import</CONTFLAG_DESC><NUM_FIELDS>18</NUM_FIELDS><NUM_REC>0</NUM_REC></item><item><TABNAME>ZWE2E_TABLE1</TABNAME><DDTEXT>ZW_E2E_TABLE1</DDTEXT><DEVCLASS>ZW_PACKAGE_A4H</DEVCLASS><DEVCLASS_TEXT>ZW_PACKAGE_A4H</DEVCLASS_TEXT><CONTFLAG>C</CONTFLAG><CONTFLAG_DESC>Customizing table, maintenance only by cust., not SAP import</CONTFLAG_DESC><NUM_FIELDS>2</NUM_FIELDS><NUM_REC>0</NUM_REC></item><item><TABNAME>ZWTABLE1</TABNAME><DDTEXT>ZWTABLE1</DDTEXT><DEVCLASS>ZW_PACKAGE</DEVCLASS><DEVCLASS_TEXT>ZW_PACKAGE</DEVCLASS_TEXT><CONTFLAG>C</CONTFLAG><CONTFLAG_DESC>Customizing table, maintenance only by cust., not SAP import</CONTFLAG_DESC><NUM_FIELDS>3</NUM_FIELDS><NUM_REC>0</NUM_REC></item><item><TABNAME>ZWTABLE2</TABNAME><DDTEXT>ZWTABLE2</DDTEXT><DEVCLASS>ZW_PACKAGE</DEVCLASS><DEVCLASS_TEXT>ZW_PACKAGE</DEVCLASS_TEXT><CONTFLAG>C</CONTFLAG><CONTFLAG_DESC>Customizing table, maintenance only by cust., not SAP import</CONTFLAG_DESC><NUM_FIELDS>2</NUM_FIELDS><NUM_REC>0</NUM_REC></item><item><TABNAME>ZWTABLE_DIRECT</TABNAME><DDTEXT>zwtable_direct</DDTEXT><DEVCLASS>ZW_PACKAGE</DEVCLASS><DEVCLASS_TEXT>ZW_PACKAGE</DEVCLASS_TEXT><CONTFLAG>C</CONTFLAG><CONTFLAG_DESC>Customizing table, maintenance only by cust., not SAP import</CONTFLAG_DESC><NUM_FIELDS>3</NUM_FIELDS><NUM_REC>0</NUM_REC></item><item><TABNAME>ZWTABLE_DYNAMIC</TABNAME><DDTEXT>zwtable_dynamic</DDTEXT><DEVCLASS>ZW_PACKAGE</DEVCLASS><DEVCLASS_TEXT>ZW_PACKAGE</DEVCLASS_TEXT><CONTFLAG>C</CONTFLAG><CONTFLAG_DESC>Customizing table, maintenance only by cust., not SAP import</CONTFLAG_DESC><NUM_FIELDS>3</NUM_FIELDS><NUM_REC>0</NUM_REC></item><item><TABNAME>ZWTABLE_DYN_CALL</TABNAME><DDTEXT>ZWTABLE_DYN_CALL</DDTEXT><DEVCLASS>ZW_PACKAGE</DEVCLASS><DEVCLASS_TEXT>ZW_PACKAGE</DEVCLASS_TEXT><CONTFLAG>C</CONTFLAG><CONTFLAG_DESC>Customizing table, maintenance only by cust., not SAP import</CONTFLAG_DESC><NUM_FIELDS>2</NUM_FIELDS><NUM_REC>4</NUM_REC></item><item><TABNAME>ZWTABLE_DYN_DEEP</TABNAME><DDTEXT>zwtable_dyn_deep</DDTEXT><DEVCLASS>ZW_PACKAGE</DEVCLASS><DEVCLASS_TEXT>ZW_PACKAGE</DEVCLASS_TEXT><CONTFLAG>C</CONTFLAG><CONTFLAG_DESC>Customizing table, maintenance only by cust., not SAP import</CONTFLAG_DESC><NUM_FIELDS>3</NUM_FIELDS><NUM_REC>0</NUM_REC></item><item><TABNAME>ZWTABLE_EMPTY</TABNAME><DDTEXT>ZWTABLE_EMPTY</DDTEXT><DEVCLASS>ZW_PACKAGE</DEVCLASS><DEVCLASS_TEXT>ZW_PACKAGE</DEVCLASS_TEXT><CONTFLAG>C</CONTFLAG><CONTFLAG_DESC>Customizing table, maintenance only by cust., not SAP import</CONTFLAG_DESC><NUM_FIELDS>3</NUM_FIELDS><NUM_REC>0</NUM_REC></item><item><TABNAME>ZWTABLE_EMPTY_OT</TABNAME><DDTEXT>ZWTABLE_EMPTY_OT</DDTEXT><DEVCLASS>ZW_OTHER_PACKAGE</DEVCLASS><DEVCLASS_TEXT>ZW_OTHER_PACKAGE</DEVCLASS_TEXT><CONTFLAG>C</CONTFLAG><CONTFLAG_DESC>Customizing table, maintenance only by cust., not SAP import</CONTFLAG_DESC><NUM_FIELDS>3</NUM_FIELDS><NUM_REC>0</NUM_REC></item><item><TABNAME>ZWTABLE_ENTRY_CO</TABNAME><DDTEXT>ZWTABLE_entry_co</DDTEXT><DEVCLASS>ZW_PACKAGE</DEVCLASS><DEVCLASS_TEXT>ZW_PACKAGE</DEVCLASS_TEXT><CONTFLAG>C</CONTFLAG><CONTFLAG_DESC>Customizing table, maintenance only by cust., not SAP import</CONTFLAG_DESC><NUM_FIELDS>3</NUM_FIELDS><NUM_REC>5</NUM_REC></item><item><TABNAME>ZWTABLE_MANY_ENT</TABNAME><DDTEXT>ZWTABLE_MANY_ENT</DDTEXT><DEVCLASS>ZW_PACKAGE</DEVCLASS><DEVCLASS_TEXT>ZW_PACKAGE</DEVCLASS_TEXT><CONTFLAG>C</CONTFLAG><CONTFLAG_DESC>Customizing table, maintenance only by cust., not SAP import</CONTFLAG_DESC><NUM_FIELDS>3</NUM_FIELDS><NUM_REC>5000</NUM_REC></item><item><TABNAME>ZWTABLE_PERFORM</TABNAME><DDTEXT>zwtable_perform</DDTEXT><DEVCLASS>ZW_PACKAGE</DEVCLASS><DEVCLASS_TEXT>ZW_PACKAGE</DEVCLASS_TEXT><CONTFLAG>C</CONTFLAG><CONTFLAG_DESC>Customizing table, maintenance only by cust., not SAP import</CONTFLAG_DESC><NUM_FIELDS>3</NUM_FIELDS><NUM_REC>0</NUM_REC></item><item><TABNAME>ZWTABLE_SAME_PAC</TABNAME><DDTEXT>zwtable_same_pac</DDTEXT><DEVCLASS>ZW_PACKAGE</DEVCLASS><DEVCLASS_TEXT>ZW_PACKAGE</DEVCLASS_TEXT><CONTFLAG>C</CONTFLAG><CONTFLAG_DESC>Customizing table, maintenance only by cust., not SAP import</CONTFLAG_DESC><NUM_FIELDS>2</NUM_FIELDS><NUM_REC>0</NUM_REC></item><item><TABNAME>ZWTABLE_SE16_INS</TABNAME><DDTEXT>ZWTABLE_SE16_ins</DDTEXT><DEVCLASS>ZW_PACKAGE</DEVCLASS><DEVCLASS_TEXT>ZW_PACKAGE</DEVCLASS_TEXT><CONTFLAG>C</CONTFLAG><CONTFLAG_DESC>Customizing table, maintenance only by cust., not SAP import</CONTFLAG_DESC><NUM_FIELDS>3</NUM_FIELDS><NUM_REC>1</NUM_REC></item><item><TABNAME>ZWTABLE_SE16_OTH</TABNAME><DDTEXT>ZWTABLE_SE16_OTH</DDTEXT><DEVCLASS>ZW_OTHER_PACKAGE</DEVCLASS><DEVCLASS_TEXT>ZW_OTHER_PACKAGE</DEVCLASS_TEXT><CONTFLAG>C</CONTFLAG><CONTFLAG_DESC>Customizing table, maintenance only by cust., not SAP import</CONTFLAG_DESC><NUM_FIELDS>2</NUM_FIELDS><NUM_REC>0</NUM_REC></item><item><TABNAME>ZWTABLE_SE16_SEL</TABNAME><DDTEXT>ZWTABLE_se16_sel</DDTEXT><DEVCLASS>ZW_PACKAGE</DEVCLASS><DEVCLASS_TEXT>ZW_PACKAGE</DEVCLASS_TEXT><CONTFLAG>C</CONTFLAG><CONTFLAG_DESC>Customizing table, maintenance only by cust., not SAP import</CONTFLAG_DESC><NUM_FIELDS>2</NUM_FIELDS><NUM_REC>0</NUM_REC></item><item><TABNAME>ZWTABLE_SE30</TABNAME><DDTEXT>ZWTABLE_SE30</DDTEXT><DEVCLASS>ZW_PACKAGE_OTHER_CHECKS</DEVCLASS><DEVCLASS_TEXT>ZW_PACKAGE_OTHER_CHECKS</DEVCLASS_TEXT><CONTFLAG>C</CONTFLAG><CONTFLAG_DESC>Customizing table, maintenance only by cust., not SAP import</CONTFLAG_DESC><NUM_FIELDS>3</NUM_FIELDS><NUM_REC>0</NUM_REC></item><item><TABNAME>ZWTAB_COMPLETE</TABNAME><DDTEXT>ZWTAB_COMPLETE</DDTEXT><DEVCLASS>ZW_PACKAGE_A4H</DEVCLASS><DEVCLASS_TEXT>ZW_PACKAGE_A4H</DEVCLASS_TEXT><CONTFLAG>C</CONTFLAG><CONTFLAG_DESC>Customizing table, maintenance only by cust., not SAP import</CONTFLAG_DESC><NUM_FIELDS>5</NUM_FIELDS><NUM_REC>0</NUM_REC></item><item><TABNAME>ZWTAB_CRIT</TABNAME><DDTEXT>ZWTAB_CRIT</DDTEXT><DEVCLASS>ZW_PACKAGE_A4H</DEVCLASS><DEVCLASS_TEXT>ZW_PACKAGE_A4H</DEVCLASS_TEXT><CONTFLAG>C</CONTFLAG><CONTFLAG_DESC>Customizing table, maintenance only by cust., not SAP import</CONTFLAG_DESC><NUM_FIELDS>1</NUM_FIELDS><NUM_REC>0</NUM_REC></item><item><TABNAME>ZWTAB_DEFCHANGE</TABNAME><DDTEXT>zwtab_defchange</DDTEXT><DEVCLASS>ZW_PACKAGE_A4H</DEVCLASS><DEVCLASS_TEXT>ZW_PACKAGE_A4H</DEVCLASS_TEXT><CONTFLAG>C</CONTFLAG><CONTFLAG_DESC>Customizing table, maintenance only by cust., not SAP import</CONTFLAG_DESC><NUM_FIELDS>6</NUM_FIELDS><NUM_REC>0</NUM_REC></item><item><TABNAME>ZWTAB_UPL_DIR_1</TABNAME><DDTEXT>ZWTAB_UPL_DIR_1</DDTEXT><DEVCLASS>ZW_PACKAGE</DEVCLASS><DEVCLASS_TEXT>ZW_PACKAGE</DEVCLASS_TEXT><CONTFLAG>C</CONTFLAG><CONTFLAG_DESC>Customizing table, maintenance only by cust., not SAP import</CONTFLAG_DESC><NUM_FIELDS>2</NUM_FIELDS><NUM_REC>0</NUM_REC></item><item><TABNAME>ZWTAB_UPL_FM_1</TABNAME><DDTEXT>ZWTAB_UPL_FM_1</DDTEXT><DEVCLASS>ZW_PACKAGE</DEVCLASS><DEVCLASS_TEXT>ZW_PACKAGE</DEVCLASS_TEXT><CONTFLAG>C</CONTFLAG><CONTFLAG_DESC>Customizing table, maintenance only by cust., not SAP import</CONTFLAG_DESC><NUM_FIELDS>2</NUM_FIELDS><NUM_REC>0</NUM_REC></item></RESULTS><MESSAGES/></asx:values></asx:abap>