<?xml version="1.0" encoding="utf-8"?><?xml-stylesheet type="text/xsl" href="alm_charm_enhancements.xsl"?><asx:abap version="1.0" xmlns:asx="http://www.sap.com/abapxml"><asx:values><DESCRIPTION>SAP Solution Manager Change Request Management Enhancements</DESCRIPTION><CHECK_INFO><DESCRIPTION>SAP Solution Manager Change Request Management Enhancements</DESCRIPTION><SYSTEM>A4H</SYSTEM><CLIENT>001</CLIENT><START_DATE>20250912183736</START_DATE><END_DATE/></CHECK_INFO><COLLECTORS><CHANGED_CHARM_CUST><item><CHARM_CUST_TTYPE>ZMAD</CHARM_CUST_TTYPE><CHARM_CUST_TTYPE_DESC>Z Admin Change</CHARM_CUST_TTYPE_DESC><CHARM_CUST_DB_VIEWS><item><CHARM_CUST_DB_VIEW>TJ30</CHARM_CUST_DB_VIEW><CHARM_CUST_DB_VIEW_DESC>Status Profile</CHARM_CUST_DB_VIEW_DESC><CHARM_CUST_W_NEW_ENTRIES>X</CHARM_CUST_W_NEW_ENTRIES><CHARM_CUST_W_CHANGED_ENTRIES/><CHARM_CUST_ERROR/></item><item><CHARM_CUST_DB_VIEW>PPFTTTCU</CHARM_CUST_DB_VIEW><CHARM_CUST_DB_VIEW_DESC>Action Profile</CHARM_CUST_DB_VIEW_DESC><CHARM_CUST_W_NEW_ENTRIES/><CHARM_CUST_W_CHANGED_ENTRIES>X</CHARM_CUST_W_CHANGED_ENTRIES><CHARM_CUST_ERROR/></item><item><CHARM_CUST_DB_VIEW>CRMC_PARTNER_PDP</CHARM_CUST_DB_VIEW><CHARM_CUST_DB_VIEW_DESC>Partner Functions</CHARM_CUST_DB_VIEW_DESC><CHARM_CUST_W_NEW_ENTRIES/><CHARM_CUST_W_CHANGED_ENTRIES>X</CHARM_CUST_W_CHANGED_ENTRIES><CHARM_CUST_ERROR/></item><item><CHARM_CUST_DB_VIEW>COMC_TEXT_PD</CHARM_CUST_DB_VIEW><CHARM_CUST_DB_VIEW_DESC>Text Procedures</CHARM_CUST_DB_VIEW_DESC><CHARM_CUST_W_NEW_ENTRIES/><CHARM_CUST_W_CHANGED_ENTRIES>X</CHARM_CUST_W_CHANGED_ENTRIES><CHARM_CUST_ERROR/></item><item><CHARM_CUST_DB_VIEW>TIMEPFEV</CHARM_CUST_DB_VIEW><CHARM_CUST_DB_VIEW_DESC>Date Profile</CHARM_CUST_DB_VIEW_DESC><CHARM_CUST_W_NEW_ENTRIES/><CHARM_CUST_W_CHANGED_ENTRIES>X</CHARM_CUST_W_CHANGED_ENTRIES><CHARM_CUST_ERROR/></item><item><CHARM_CUST_DB_VIEW>TSOCM_ACTION_O_S</CHARM_CUST_DB_VIEW><CHARM_CUST_DB_VIEW_DESC>Change Request Management Framework Actions</CHARM_CUST_DB_VIEW_DESC><CHARM_CUST_W_NEW_ENTRIES/><CHARM_CUST_W_CHANGED_ENTRIES>X</CHARM_CUST_W_CHANGED_ENTRIES><CHARM_CUST_ERROR/></item><item><CHARM_CUST_DB_VIEW>TSOCM_COND_MAPP</CHARM_CUST_DB_VIEW><CHARM_CUST_DB_VIEW_DESC>Change Request Management Framework Checks</CHARM_CUST_DB_VIEW_DESC><CHARM_CUST_W_NEW_ENTRIES/><CHARM_CUST_W_CHANGED_ENTRIES>X</CHARM_CUST_W_CHANGED_ENTRIES><CHARM_CUST_ERROR/></item></CHARM_CUST_DB_VIEWS></item><item><CHARM_CUST_TTYPE>ZMCG</CHARM_CUST_TTYPE><CHARM_CUST_TTYPE_DESC>Z General Change</CHARM_CUST_TTYPE_DESC><CHARM_CUST_DB_VIEWS><item><CHARM_CUST_DB_VIEW>TJ30</CHARM_CUST_DB_VIEW><CHARM_CUST_DB_VIEW_DESC>Status Profile</CHARM_CUST_DB_VIEW_DESC><CHARM_CUST_W_NEW_ENTRIES/><CHARM_CUST_W_CHANGED_ENTRIES/><CHARM_CUST_ERROR/></item><item><CHARM_CUST_DB_VIEW>PPFTTTCU</CHARM_CUST_DB_VIEW><CHARM_CUST_DB_VIEW_DESC>Action Profile</CHARM_CUST_DB_VIEW_DESC><CHARM_CUST_W_NEW_ENTRIES/><CHARM_CUST_W_CHANGED_ENTRIES>X</CHARM_CUST_W_CHANGED_ENTRIES><CHARM_CUST_ERROR/></item><item><CHARM_CUST_DB_VIEW>CRMC_PARTNER_PDP</CHARM_CUST_DB_VIEW><CHARM_CUST_DB_VIEW_DESC>Partner Functions</CHARM_CUST_DB_VIEW_DESC><CHARM_CUST_W_NEW_ENTRIES/><CHARM_CUST_W_CHANGED_ENTRIES>X</CHARM_CUST_W_CHANGED_ENTRIES><CHARM_CUST_ERROR/></item><item><CHARM_CUST_DB_VIEW>COMC_TEXT_PD</CHARM_CUST_DB_VIEW><CHARM_CUST_DB_VIEW_DESC>Text Procedures</CHARM_CUST_DB_VIEW_DESC><CHARM_CUST_W_NEW_ENTRIES/><CHARM_CUST_W_CHANGED_ENTRIES>X</CHARM_CUST_W_CHANGED_ENTRIES><CHARM_CUST_ERROR/></item><item><CHARM_CUST_DB_VIEW>TIMEPFEV</CHARM_CUST_DB_VIEW><CHARM_CUST_DB_VIEW_DESC>Date Profile</CHARM_CUST_DB_VIEW_DESC><CHARM_CUST_W_NEW_ENTRIES/><CHARM_CUST_W_CHANGED_ENTRIES>X</CHARM_CUST_W_CHANGED_ENTRIES><CHARM_CUST_ERROR/></item><item><CHARM_CUST_DB_VIEW>TSOCM_ACTION_O_S</CHARM_CUST_DB_VIEW><CHARM_CUST_DB_VIEW_DESC>Change Request Management Framework Actions</CHARM_CUST_DB_VIEW_DESC><CHARM_CUST_W_NEW_ENTRIES/><CHARM_CUST_W_CHANGED_ENTRIES>X</CHARM_CUST_W_CHANGED_ENTRIES><CHARM_CUST_ERROR/></item><item><CHARM_CUST_DB_VIEW>TSOCM_COND_MAPP</CHARM_CUST_DB_VIEW><CHARM_CUST_DB_VIEW_DESC>Change Request Management Framework Checks</CHARM_CUST_DB_VIEW_DESC><CHARM_CUST_W_NEW_ENTRIES/><CHARM_CUST_W_CHANGED_ENTRIES>X</CHARM_CUST_W_CHANGED_ENTRIES><CHARM_CUST_ERROR/></item></CHARM_CUST_DB_VIEWS></item><item><CHARM_CUST_TTYPE>ZMCR</CHARM_CUST_TTYPE><CHARM_CUST_TTYPE_DESC>Z Request for Change</CHARM_CUST_TTYPE_DESC><CHARM_CUST_DB_VIEWS><item><CHARM_CUST_DB_VIEW>TJ30</CHARM_CUST_DB_VIEW><CHARM_CUST_DB_VIEW_DESC>Status Profile</CHARM_CUST_DB_VIEW_DESC><CHARM_CUST_W_NEW_ENTRIES/><CHARM_CUST_W_CHANGED_ENTRIES/><CHARM_CUST_ERROR/></item><item><CHARM_CUST_DB_VIEW>PPFTTTCU</CHARM_CUST_DB_VIEW><CHARM_CUST_DB_VIEW_DESC>Action Profile</CHARM_CUST_DB_VIEW_DESC><CHARM_CUST_W_NEW_ENTRIES>X</CHARM_CUST_W_NEW_ENTRIES><CHARM_CUST_W_CHANGED_ENTRIES>X</CHARM_CUST_W_CHANGED_ENTRIES><CHARM_CUST_ERROR/></item><item><CHARM_CUST_DB_VIEW>CRMC_PARTNER_PDP</CHARM_CUST_DB_VIEW><CHARM_CUST_DB_VIEW_DESC>Partner Functions</CHARM_CUST_DB_VIEW_DESC><CHARM_CUST_W_NEW_ENTRIES/><CHARM_CUST_W_CHANGED_ENTRIES>X</CHARM_CUST_W_CHANGED_ENTRIES><CHARM_CUST_ERROR/></item><item><CHARM_CUST_DB_VIEW>COMC_TEXT_PD</CHARM_CUST_DB_VIEW><CHARM_CUST_DB_VIEW_DESC>Text Procedures</CHARM_CUST_DB_VIEW_DESC><CHARM_CUST_W_NEW_ENTRIES/><CHARM_CUST_W_CHANGED_ENTRIES>X</CHARM_CUST_W_CHANGED_ENTRIES><CHARM_CUST_ERROR/></item><item><CHARM_CUST_DB_VIEW>TIMEPFEV</CHARM_CUST_DB_VIEW><CHARM_CUST_DB_VIEW_DESC>Date Profile</CHARM_CUST_DB_VIEW_DESC><CHARM_CUST_W_NEW_ENTRIES/><CHARM_CUST_W_CHANGED_ENTRIES>X</CHARM_CUST_W_CHANGED_ENTRIES><CHARM_CUST_ERROR/></item><item><CHARM_CUST_DB_VIEW>TSOCM_ACTION_O_S</CHARM_CUST_DB_VIEW><CHARM_CUST_DB_VIEW_DESC>Change Request Management Framework Actions</CHARM_CUST_DB_VIEW_DESC><CHARM_CUST_W_NEW_ENTRIES/><CHARM_CUST_W_CHANGED_ENTRIES>X</CHARM_CUST_W_CHANGED_ENTRIES><CHARM_CUST_ERROR/></item><item><CHARM_CUST_DB_VIEW>TSOCM_COND_MAPP</CHARM_CUST_DB_VIEW><CHARM_CUST_DB_VIEW_DESC>Change Request Management Framework Checks</CHARM_CUST_DB_VIEW_DESC><CHARM_CUST_W_NEW_ENTRIES/><CHARM_CUST_W_CHANGED_ENTRIES>X</CHARM_CUST_W_CHANGED_ENTRIES><CHARM_CUST_ERROR/></item></CHARM_CUST_DB_VIEWS></item><item><CHARM_CUST_TTYPE>ZMHF</CHARM_CUST_TTYPE><CHARM_CUST_TTYPE_DESC>Z Urgent Change</CHARM_CUST_TTYPE_DESC><CHARM_CUST_DB_VIEWS><item><CHARM_CUST_DB_VIEW>TJ30</CHARM_CUST_DB_VIEW><CHARM_CUST_DB_VIEW_DESC>Status Profile</CHARM_CUST_DB_VIEW_DESC><CHARM_CUST_W_NEW_ENTRIES/><CHARM_CUST_W_CHANGED_ENTRIES/><CHARM_CUST_ERROR/></item><item><CHARM_CUST_DB_VIEW>PPFTTTCU</CHARM_CUST_DB_VIEW><CHARM_CUST_DB_VIEW_DESC>Action Profile</CHARM_CUST_DB_VIEW_DESC><CHARM_CUST_W_NEW_ENTRIES>X</CHARM_CUST_W_NEW_ENTRIES><CHARM_CUST_W_CHANGED_ENTRIES>X</CHARM_CUST_W_CHANGED_ENTRIES><CHARM_CUST_ERROR/></item><item><CHARM_CUST_DB_VIEW>CRMC_PARTNER_PDP</CHARM_CUST_DB_VIEW><CHARM_CUST_DB_VIEW_DESC>Partner Functions</CHARM_CUST_DB_VIEW_DESC><CHARM_CUST_W_NEW_ENTRIES/><CHARM_CUST_W_CHANGED_ENTRIES>X</CHARM_CUST_W_CHANGED_ENTRIES><CHARM_CUST_ERROR/></item><item><CHARM_CUST_DB_VIEW>COMC_TEXT_PD</CHARM_CUST_DB_VIEW><CHARM_CUST_DB_VIEW_DESC>Text Procedures</CHARM_CUST_DB_VIEW_DESC><CHARM_CUST_W_NEW_ENTRIES/><CHARM_CUST_W_CHANGED_ENTRIES>X</CHARM_CUST_W_CHANGED_ENTRIES><CHARM_CUST_ERROR/></item><item><CHARM_CUST_DB_VIEW>TIMEPFEV</CHARM_CUST_DB_VIEW><CHARM_CUST_DB_VIEW_DESC>Date Profile</CHARM_CUST_DB_VIEW_DESC><CHARM_CUST_W_NEW_ENTRIES/><CHARM_CUST_W_CHANGED_ENTRIES>X</CHARM_CUST_W_CHANGED_ENTRIES><CHARM_CUST_ERROR/></item><item><CHARM_CUST_DB_VIEW>TSOCM_ACTION_O_S</CHARM_CUST_DB_VIEW><CHARM_CUST_DB_VIEW_DESC>Change Request Management Framework Actions</CHARM_CUST_DB_VIEW_DESC><CHARM_CUST_W_NEW_ENTRIES/><CHARM_CUST_W_CHANGED_ENTRIES>X</CHARM_CUST_W_CHANGED_ENTRIES><CHARM_CUST_ERROR/></item><item><CHARM_CUST_DB_VIEW>TSOCM_COND_MAPP</CHARM_CUST_DB_VIEW><CHARM_CUST_DB_VIEW_DESC>Change Request Management Framework Checks</CHARM_CUST_DB_VIEW_DESC><CHARM_CUST_W_NEW_ENTRIES/><CHARM_CUST_W_CHANGED_ENTRIES>X</CHARM_CUST_W_CHANGED_ENTRIES><CHARM_CUST_ERROR/></item></CHARM_CUST_DB_VIEWS></item><item><CHARM_CUST_TTYPE>ZMMJ</CHARM_CUST_TTYPE><CHARM_CUST_TTYPE_DESC>Z Normal Change</CHARM_CUST_TTYPE_DESC><CHARM_CUST_DB_VIEWS><item><CHARM_CUST_DB_VIEW>TJ30</CHARM_CUST_DB_VIEW><CHARM_CUST_DB_VIEW_DESC>Status Profile</CHARM_CUST_DB_VIEW_DESC><CHARM_CUST_W_NEW_ENTRIES>X</CHARM_CUST_W_NEW_ENTRIES><CHARM_CUST_W_CHANGED_ENTRIES/><CHARM_CUST_ERROR/></item><item><CHARM_CUST_DB_VIEW>PPFTTTCU</CHARM_CUST_DB_VIEW><CHARM_CUST_DB_VIEW_DESC>Action Profile</CHARM_CUST_DB_VIEW_DESC><CHARM_CUST_W_NEW_ENTRIES/><CHARM_CUST_W_CHANGED_ENTRIES>X</CHARM_CUST_W_CHANGED_ENTRIES><CHARM_CUST_ERROR/></item><item><CHARM_CUST_DB_VIEW>CRMC_PARTNER_PDP</CHARM_CUST_DB_VIEW><CHARM_CUST_DB_VIEW_DESC>Partner Functions</CHARM_CUST_DB_VIEW_DESC><CHARM_CUST_W_NEW_ENTRIES/><CHARM_CUST_W_CHANGED_ENTRIES>X</CHARM_CUST_W_CHANGED_ENTRIES><CHARM_CUST_ERROR/></item><item><CHARM_CUST_DB_VIEW>COMC_TEXT_PD</CHARM_CUST_DB_VIEW><CHARM_CUST_DB_VIEW_DESC>Text Procedures</CHARM_CUST_DB_VIEW_DESC><CHARM_CUST_W_NEW_ENTRIES/><CHARM_CUST_W_CHANGED_ENTRIES>X</CHARM_CUST_W_CHANGED_ENTRIES><CHARM_CUST_ERROR/></item><item><CHARM_CUST_DB_VIEW>TIMEPFEV</CHARM_CUST_DB_VIEW><CHARM_CUST_DB_VIEW_DESC>Date Profile</CHARM_CUST_DB_VIEW_DESC><CHARM_CUST_W_NEW_ENTRIES/><CHARM_CUST_W_CHANGED_ENTRIES>X</CHARM_CUST_W_CHANGED_ENTRIES><CHARM_CUST_ERROR/></item><item><CHARM_CUST_DB_VIEW>TSOCM_ACTION_O_S</CHARM_CUST_DB_VIEW><CHARM_CUST_DB_VIEW_DESC>Change Request Management Framework Actions</CHARM_CUST_DB_VIEW_DESC><CHARM_CUST_W_NEW_ENTRIES/><CHARM_CUST_W_CHANGED_ENTRIES>X</CHARM_CUST_W_CHANGED_ENTRIES><CHARM_CUST_ERROR/></item><item><CHARM_CUST_DB_VIEW>TSOCM_COND_MAPP</CHARM_CUST_DB_VIEW><CHARM_CUST_DB_VIEW_DESC>Change Request Management Framework Checks</CHARM_CUST_DB_VIEW_DESC><CHARM_CUST_W_NEW_ENTRIES/><CHARM_CUST_W_CHANGED_ENTRIES>X</CHARM_CUST_W_CHANGED_ENTRIES><CHARM_CUST_ERROR/></item></CHARM_CUST_DB_VIEWS></item><item><CHARM_CUST_TTYPE>ZMSG</CHARM_CUST_TTYPE><CHARM_CUST_TTYPE_DESC>Z Standard Change</CHARM_CUST_TTYPE_DESC><CHARM_CUST_DB_VIEWS><item><CHARM_CUST_DB_VIEW>TJ30</CHARM_CUST_DB_VIEW><CHARM_CUST_DB_VIEW_DESC>Status Profile</CHARM_CUST_DB_VIEW_DESC><CHARM_CUST_W_NEW_ENTRIES>X</CHARM_CUST_W_NEW_ENTRIES><CHARM_CUST_W_CHANGED_ENTRIES>X</CHARM_CUST_W_CHANGED_ENTRIES><CHARM_CUST_ERROR/></item><item><CHARM_CUST_DB_VIEW>PPFTTTCU</CHARM_CUST_DB_VIEW><CHARM_CUST_DB_VIEW_DESC>Action Profile</CHARM_CUST_DB_VIEW_DESC><CHARM_CUST_W_NEW_ENTRIES>X</CHARM_CUST_W_NEW_ENTRIES><CHARM_CUST_W_CHANGED_ENTRIES>X</CHARM_CUST_W_CHANGED_ENTRIES><CHARM_CUST_ERROR/></item><item><CHARM_CUST_DB_VIEW>CRMC_PARTNER_PDP</CHARM_CUST_DB_VIEW><CHARM_CUST_DB_VIEW_DESC>Partner Functions</CHARM_CUST_DB_VIEW_DESC><CHARM_CUST_W_NEW_ENTRIES/><CHARM_CUST_W_CHANGED_ENTRIES>X</CHARM_CUST_W_CHANGED_ENTRIES><CHARM_CUST_ERROR/></item><item><CHARM_CUST_DB_VIEW>COMC_TEXT_PD</CHARM_CUST_DB_VIEW><CHARM_CUST_DB_VIEW_DESC>Text Procedures</CHARM_CUST_DB_VIEW_DESC><CHARM_CUST_W_NEW_ENTRIES/><CHARM_CUST_W_CHANGED_ENTRIES>X</CHARM_CUST_W_CHANGED_ENTRIES><CHARM_CUST_ERROR/></item><item><CHARM_CUST_DB_VIEW>TIMEPFEV</CHARM_CUST_DB_VIEW><CHARM_CUST_DB_VIEW_DESC>Date Profile</CHARM_CUST_DB_VIEW_DESC><CHARM_CUST_W_NEW_ENTRIES/><CHARM_CUST_W_CHANGED_ENTRIES/><CHARM_CUST_ERROR/></item><item><CHARM_CUST_DB_VIEW>TSOCM_ACTION_O_S</CHARM_CUST_DB_VIEW><CHARM_CUST_DB_VIEW_DESC>Change Request Management Framework Actions</CHARM_CUST_DB_VIEW_DESC><CHARM_CUST_W_NEW_ENTRIES>X</CHARM_CUST_W_NEW_ENTRIES><CHARM_CUST_W_CHANGED_ENTRIES>X</CHARM_CUST_W_CHANGED_ENTRIES><CHARM_CUST_ERROR/></item><item><CHARM_CUST_DB_VIEW>TSOCM_COND_MAPP</CHARM_CUST_DB_VIEW><CHARM_CUST_DB_VIEW_DESC>Change Request Management Framework Checks</CHARM_CUST_DB_VIEW_DESC><CHARM_CUST_W_NEW_ENTRIES>X</CHARM_CUST_W_NEW_ENTRIES><CHARM_CUST_W_CHANGED_ENTRIES>X</CHARM_CUST_W_CHANGED_ENTRIES><CHARM_CUST_ERROR/></item></CHARM_CUST_DB_VIEWS></item><item><CHARM_CUST_TTYPE>ZMTM</CHARM_CUST_TTYPE><CHARM_CUST_TTYPE_DESC>Z Defect Correction</CHARM_CUST_TTYPE_DESC><CHARM_CUST_DB_VIEWS><item><CHARM_CUST_DB_VIEW>TJ30</CHARM_CUST_DB_VIEW><CHARM_CUST_DB_VIEW_DESC>Status Profile</CHARM_CUST_DB_VIEW_DESC><CHARM_CUST_W_NEW_ENTRIES/><CHARM_CUST_W_CHANGED_ENTRIES/><CHARM_CUST_ERROR/></item><item><CHARM_CUST_DB_VIEW>PPFTTTCU</CHARM_CUST_DB_VIEW><CHARM_CUST_DB_VIEW_DESC>Action Profile</CHARM_CUST_DB_VIEW_DESC><CHARM_CUST_W_NEW_ENTRIES/><CHARM_CUST_W_CHANGED_ENTRIES>X</CHARM_CUST_W_CHANGED_ENTRIES><CHARM_CUST_ERROR/></item><item><CHARM_CUST_DB_VIEW>CRMC_PARTNER_PDP</CHARM_CUST_DB_VIEW><CHARM_CUST_DB_VIEW_DESC>Partner Functions</CHARM_CUST_DB_VIEW_DESC><CHARM_CUST_W_NEW_ENTRIES/><CHARM_CUST_W_CHANGED_ENTRIES>X</CHARM_CUST_W_CHANGED_ENTRIES><CHARM_CUST_ERROR/></item><item><CHARM_CUST_DB_VIEW>COMC_TEXT_PD</CHARM_CUST_DB_VIEW><CHARM_CUST_DB_VIEW_DESC>Text Procedures</CHARM_CUST_DB_VIEW_DESC><CHARM_CUST_W_NEW_ENTRIES/><CHARM_CUST_W_CHANGED_ENTRIES>X</CHARM_CUST_W_CHANGED_ENTRIES><CHARM_CUST_ERROR/></item><item><CHARM_CUST_DB_VIEW>TIMEPFEV</CHARM_CUST_DB_VIEW><CHARM_CUST_DB_VIEW_DESC>Date Profile</CHARM_CUST_DB_VIEW_DESC><CHARM_CUST_W_NEW_ENTRIES/><CHARM_CUST_W_CHANGED_ENTRIES>X</CHARM_CUST_W_CHANGED_ENTRIES><CHARM_CUST_ERROR/></item><item><CHARM_CUST_DB_VIEW>TSOCM_ACTION_O_S</CHARM_CUST_DB_VIEW><CHARM_CUST_DB_VIEW_DESC>Change Request Management Framework Actions</CHARM_CUST_DB_VIEW_DESC><CHARM_CUST_W_NEW_ENTRIES/><CHARM_CUST_W_CHANGED_ENTRIES>X</CHARM_CUST_W_CHANGED_ENTRIES><CHARM_CUST_ERROR/></item><item><CHARM_CUST_DB_VIEW>TSOCM_COND_MAPP</CHARM_CUST_DB_VIEW><CHARM_CUST_DB_VIEW_DESC>Change Request Management Framework Checks</CHARM_CUST_DB_VIEW_DESC><CHARM_CUST_W_NEW_ENTRIES/><CHARM_CUST_W_CHANGED_ENTRIES>X</CHARM_CUST_W_CHANGED_ENTRIES><CHARM_CUST_ERROR/></item></CHARM_CUST_DB_VIEWS></item></CHANGED_CHARM_CUST><CHANGED_CHARM_CYCLES/><CHANGED_FB_CUST/><CHARM_ACTIVE_BADIS/></COLLECTORS><MESSAGES><item><TYPE>E</TYPE><TEXT>Error reading Focused Build data.</TEXT></item><item><TYPE>I</TYPE><TEXT>No custom cycles found.</TEXT></item><item><TYPE>I</TYPE><TEXT>No active custom Badi implementations found.</TEXT></item></MESSAGES></asx:values></asx:abap>