<?xml version="1.0" encoding="utf-8"?><?xml-stylesheet type="text/xsl" href="solman_usage_profile.xsl"?><asx:abap version="1.0" xmlns:asx="http://www.sap.com/abapxml"><asx:values><CHECK_INFO><DESCRIPTION>Solution Manager Usage Profile</DESCRIPTION><SYSTEM>A4H</SYSTEM><CLIENT>001</CLIENT><START_DATE>20250912183121</START_DATE><END_DATE>20250912183606</END_DATE></CHECK_INFO><COLLECTORS><item><SCENARIO_ID>PRM</SCENARIO_ID><SCENARIO_NAME>Process Management</SCENARIO_NAME><CAPABILITY_ID>PRM_BRANCH</CAPABILITY_ID><CAPABILITY_NAME>Branch</CAPABILITY_NAME><CAPABILITY_USED>Y</CAPABILITY_USED><CHECK_STATUS>OK</CHECK_STATUS><INFO_MSG /><KPIS><item><KPI_ID>PRM_SOLUTIONS_W_BRANCH</KPI_ID><KPI_NAME>Number Solutions with Branches</KPI_NAME><KPI_VALUE>3</KPI_VALUE></item></KPIS><MANAGED_SYSTEMS /></item><item><SCENARIO_ID>PRM</SCENARIO_ID><SCENARIO_NAME>Process Management</SCENARIO_NAME><CAPABILITY_ID>PRM_LM</CAPABILITY_ID><CAPABILITY_NAME>Library Management</CAPABILITY_NAME><CAPABILITY_USED>Y</CAPABILITY_USED><CHECK_STATUS>OK</CHECK_STATUS><INFO_MSG /><KPIS><item><KPI_ID>PRM_SOLDOC_LBM</KPI_ID><KPI_NAME>Number of used Tech. Objects in SolDoc Library</KPI_NAME><KPI_VALUE>8834</KPI_VALUE></item></KPIS><MANAGED_SYSTEMS /></item><item><SCENARIO_ID>PRM</SCENARIO_ID><SCENARIO_NAME>Process Management</SCENARIO_NAME><CAPABILITY_ID>PRM_SD_PM</CAPABILITY_ID><CAPABILITY_NAME>Solution Driven Process Management</CAPABILITY_NAME><CAPABILITY_USED>Y</CAPABILITY_USED><CHECK_STATUS>OK</CHECK_STATUS><INFO_MSG /><KPIS><item><KPI_ID>PRM_SOLDOC_SDPM</KPI_ID><KPI_NAME>Number of used Process Steps in SolDoc</KPI_NAME><KPI_VALUE>5678</KPI_VALUE></item></KPIS><MANAGED_SYSTEMS /></item><item><SCENARIO_ID>PRM</SCENARIO_ID><SCENARIO_NAME>Process Management</SCENARIO_NAME><CAPABILITY_ID>PRM_BD_PM</CAPABILITY_ID><CAPABILITY_NAME>Business Driven Process Management</CAPABILITY_NAME><CAPABILITY_USED>Y</CAPABILITY_USED><CHECK_STATUS>OK</CHECK_STATUS><INFO_MSG /><KPIS><item><KPI_ID>PRM_SOLDOC_BDPM</KPI_ID><KPI_NAME>Number of used Business Processes in SolDoc</KPI_NAME><KPI_VALUE>3074</KPI_VALUE></item></KPIS><MANAGED_SYSTEMS /></item><item><SCENARIO_ID>PRM</SCENARIO_ID><SCENARIO_NAME>Process Management</SCENARIO_NAME><CAPABILITY_ID>PRM_DM</CAPABILITY_ID><CAPABILITY_NAME>Documentation Management</CAPABILITY_NAME><CAPABILITY_USED>Y</CAPABILITY_USED><CHECK_STATUS>OK</CHECK_STATUS><INFO_MSG /><KPIS><item><KPI_ID>PRM_SOLDOC_DM</KPI_ID><KPI_NAME>Number of used Documents in SolDoc</KPI_NAME><KPI_VALUE>21</KPI_VALUE></item></KPIS><MANAGED_SYSTEMS /></item><item><SCENARIO_ID>PRM</SCENARIO_ID><SCENARIO_NAME>Process Management</SCENARIO_NAME><CAPABILITY_ID>PRM_COUNTRY</CAPABILITY_ID><CAPABILITY_NAME>Countries (Localization)</CAPABILITY_NAME><CAPABILITY_USED>Y</CAPABILITY_USED><CHECK_STATUS>OK</CHECK_STATUS><INFO_MSG /><KPIS><item><KPI_ID>PRM_SOLDOC_LOC</KPI_ID><KPI_NAME>Number of SolDoc elements with Countries</KPI_NAME><KPI_VALUE>1580</KPI_VALUE></item></KPIS><MANAGED_SYSTEMS /></item><item><SCENARIO_ID>PRM</SCENARIO_ID><SCENARIO_NAME>Process Management</SCENARIO_NAME><CAPABILITY_ID>PRM_SCOPE</CAPABILITY_ID><CAPABILITY_NAME>Scope</CAPABILITY_NAME><CAPABILITY_USED>Y</CAPABILITY_USED><CHECK_STATUS>OK</CHECK_STATUS><INFO_MSG /><KPIS><item><KPI_ID>PRM_SOLDOC_SCOPE</KPI_ID><KPI_NAME>Maximum Scopes used in SolDoc</KPI_NAME><KPI_VALUE>11</KPI_VALUE></item></KPIS><MANAGED_SYSTEMS /></item><item><SCENARIO_ID>PRM</SCENARIO_ID><SCENARIO_NAME>Process Management</SCENARIO_NAME><CAPABILITY_ID>PRM_SITE</CAPABILITY_ID><CAPABILITY_NAME>Sites</CAPABILITY_NAME><CAPABILITY_USED>Y</CAPABILITY_USED><CHECK_STATUS>OK</CHECK_STATUS><INFO_MSG /><KPIS><item><KPI_ID>PRM_SOLUTIONS_W_SITES</KPI_ID><KPI_NAME>Number of Solutions with Sites</KPI_NAME><KPI_VALUE>3</KPI_VALUE></item></KPIS><MANAGED_SYSTEMS /></item><item><SCENARIO_ID>PRM</SCENARIO_ID><SCENARIO_NAME>Process Management</SCENARIO_NAME><CAPABILITY_ID>PRM_EXP_IMP</CAPABILITY_ID><CAPABILITY_NAME>Content Import/Export</CAPABILITY_NAME><CAPABILITY_USED>Y</CAPABILITY_USED><CHECK_STATUS>OK</CHECK_STATUS><INFO_MSG /><KPIS><item><KPI_ID>PRM_IMP</KPI_ID><KPI_NAME>Performed Imports</KPI_NAME><KPI_VALUE>7</KPI_VALUE></item><item><KPI_ID>PRM_EXP</KPI_ID><KPI_NAME>Performed Exports</KPI_NAME><KPI_VALUE>0</KPI_VALUE></item></KPIS><MANAGED_SYSTEMS /></item><item><SCENARIO_ID>PRM</SCENARIO_ID><SCENARIO_NAME>Process Management</SCENARIO_NAME><CAPABILITY_ID>PRM_3RD</CAPABILITY_ID><CAPABILITY_NAME>3rd Party API</CAPABILITY_NAME><CAPABILITY_USED>N</CAPABILITY_USED><CHECK_STATUS>OK</CHECK_STATUS><INFO_MSG /><KPIS /><MANAGED_SYSTEMS /></item><item><SCENARIO_ID>PRM</SCENARIO_ID><SCENARIO_NAME>Process Management</SCENARIO_NAME><CAPABILITY_ID>PRM_LG</CAPABILITY_ID><CAPABILITY_NAME>Library Generation</CAPABILITY_NAME><CAPABILITY_USED>Y</CAPABILITY_USED><CHECK_STATUS>OK</CHECK_STATUS><INFO_MSG /><KPIS /><MANAGED_SYSTEMS /></item><item><SCENARIO_ID>PRM</SCENARIO_ID><SCENARIO_NAME>Process Management</SCENARIO_NAME><CAPABILITY_ID>PRM_EMB_SEARCH</CAPABILITY_ID><CAPABILITY_NAME>Embedded Search</CAPABILITY_NAME><CAPABILITY_USED>Y</CAPABILITY_USED><CHECK_STATUS>OK</CHECK_STATUS><INFO_MSG /><KPIS /><MANAGED_SYSTEMS /></item><item><SCENARIO_ID>PRM</SCENARIO_ID><SCENARIO_NAME>Process Management</SCENARIO_NAME><CAPABILITY_ID>PRM_CC</CAPABILITY_ID><CAPABILITY_NAME>Change control</CAPABILITY_NAME><CAPABILITY_USED>Y</CAPABILITY_USED><CHECK_STATUS>OK</CHECK_STATUS><INFO_MSG /><KPIS><item><KPI_ID>PRM_BRANCH_W_CC</KPI_ID><KPI_NAME>Number of Branches with Change Control</KPI_NAME><KPI_VALUE>2</KPI_VALUE></item></KPIS><MANAGED_SYSTEMS /></item><item><SCENARIO_ID>CCM</SCENARIO_ID><SCENARIO_NAME>Custom Code Management</SCENARIO_NAME><CAPABILITY_ID>CCM_CCL</CAPABILITY_ID><CAPABILITY_NAME>Custom Code Library</CAPABILITY_NAME><CAPABILITY_USED>Y</CAPABILITY_USED><CHECK_STATUS>OK</CHECK_STATUS><INFO_MSG /><KPIS><item><KPI_ID>CCM_CCLIB_OBJ_COUNT</KPI_ID><KPI_NAME>Number of registered objects in CC Library</KPI_NAME><KPI_VALUE>50470</KPI_VALUE></item></KPIS><MANAGED_SYSTEMS /></item><item><SCENARIO_ID>CCM</SCENARIO_ID><SCENARIO_NAME>Custom Code Management</SCENARIO_NAME><CAPABILITY_ID>CCM_CCR</CAPABILITY_ID><CAPABILITY_NAME>Custom Code Retirement</CAPABILITY_NAME><CAPABILITY_USED>Y</CAPABILITY_USED><CHECK_STATUS>OK</CHECK_STATUS><INFO_MSG /><KPIS><item><KPI_ID>CCM_LAST_DEC_RUN</KPI_ID><KPI_NAME>Date of last execution of Decommission Analysis</KPI_NAME><KPI_VALUE>20170718</KPI_VALUE></item></KPIS><MANAGED_SYSTEMS /></item><item><SCENARIO_ID>CCM</SCENARIO_ID><SCENARIO_NAME>Custom Code Management</SCENARIO_NAME><CAPABILITY_ID>CCM_QUALITY</CAPABILITY_ID><CAPABILITY_NAME>Custom Code Quality Cockpit</CAPABILITY_NAME><CAPABILITY_USED>N</CAPABILITY_USED><CHECK_STATUS>OK</CHECK_STATUS><INFO_MSG /><KPIS /><MANAGED_SYSTEMS /></item><item><SCENARIO_ID>CCM</SCENARIO_ID><SCENARIO_NAME>Custom Code Management</SCENARIO_NAME><CAPABILITY_ID>CCM_REP_DASHBOARD</CAPABILITY_ID><CAPABILITY_NAME>Reporting and Dashboards</CAPABILITY_NAME><CAPABILITY_USED>N</CAPABILITY_USED><CHECK_STATUS>OK</CHECK_STATUS><INFO_MSG /><KPIS /><MANAGED_SYSTEMS /></item><item><SCENARIO_ID>CHCM</SCENARIO_ID><SCENARIO_NAME>Change Control Management</SCENARIO_NAME><CAPABILITY_ID>CHCM_CC_WF</CAPABILITY_ID><CAPABILITY_NAME>Change Control Workflow</CAPABILITY_NAME><CAPABILITY_USED>Y</CAPABILITY_USED><CHECK_STATUS>OK</CHECK_STATUS><INFO_MSG /><KPIS><item><KPI_ID>CCM_SMMJ_COUNT</KPI_ID><KPI_NAME>Number of created Normal Changes</KPI_NAME><KPI_VALUE>1</KPI_VALUE></item><item><KPI_ID>CCM_SMHF_COUNT</KPI_ID><KPI_NAME>Number of created Urgent Changes</KPI_NAME><KPI_VALUE>1</KPI_VALUE></item><item><KPI_ID>CCM_SMSG_COUNT</KPI_ID><KPI_NAME>Number of created Standard Changes</KPI_NAME><KPI_VALUE>1</KPI_VALUE></item><item><KPI_ID>CCM_SMGC_COUNT</KPI_ID><KPI_NAME>Number of created IT assets or legacy systems Changes</KPI_NAME><KPI_VALUE>1</KPI_VALUE></item><item><KPI_ID>CCM_SMAD_COUNT</KPI_ID><KPI_NAME>Number of created Administrative Changes</KPI_NAME><KPI_VALUE>0</KPI_VALUE></item><item><KPI_ID>CCM_SMTM_COUNT</KPI_ID><KPI_NAME>Number of created Defect Corrections</KPI_NAME><KPI_VALUE>5</KPI_VALUE></item></KPIS><MANAGED_SYSTEMS /></item><item><SCENARIO_ID>CHCM</SCENARIO_ID><SCENARIO_NAME>Change Control Management</SCENARIO_NAME><CAPABILITY_ID>CHCM_REL_DM</CAPABILITY_ID><CAPABILITY_NAME>Release and Deployment Management</CAPABILITY_NAME><CAPABILITY_USED>N</CAPABILITY_USED><CHECK_STATUS>OK</CHECK_STATUS><INFO_MSG /><KPIS><item><KPI_ID>CCM_SMRE_COUNT</KPI_ID><KPI_NAME>Number of Release Cycles</KPI_NAME><KPI_VALUE>0</KPI_VALUE></item></KPIS><MANAGED_SYSTEMS /></item><item><SCENARIO_ID>CHCM</SCENARIO_ID><SCENARIO_NAME>Change Control Management</SCENARIO_NAME><CAPABILITY_ID>CHCM_CHG_LANDSCAPE</CAPABILITY_ID><CAPABILITY_NAME>Change Landscape</CAPABILITY_NAME><CAPABILITY_USED>Y</CAPABILITY_USED><CHECK_STATUS>OK</CHECK_STATUS><INFO_MSG /><KPIS><item><KPI_ID>CCM_SMIM_COUNT</KPI_ID><KPI_NAME>Number of processed Phase Cycles</KPI_NAME><KPI_VALUE>2</KPI_VALUE></item><item><KPI_ID>CCM_SMAI_COUNT</KPI_ID><KPI_NAME>Number of processed Continual Cycles</KPI_NAME><KPI_VALUE>0</KPI_VALUE></item></KPIS><MANAGED_SYSTEMS /></item><item><SCENARIO_ID>CHCM</SCENARIO_ID><SCENARIO_NAME>Change Control Management</SCENARIO_NAME><CAPABILITY_ID>CHCM_CTS</CAPABILITY_ID><CAPABILITY_NAME>Change and Transport System (CTS)</CAPABILITY_NAME><CAPABILITY_USED>Y</CAPABILITY_USED><CHECK_STATUS>OK</CHECK_STATUS><INFO_MSG /><KPIS><item><KPI_ID>CCM_TR_CTS_COUNT</KPI_ID><KPI_NAME>Number of created Transport Requests</KPI_NAME><KPI_VALUE>5</KPI_VALUE></item></KPIS><MANAGED_SYSTEMS /></item><item><SCENARIO_ID>CHCM</SCENARIO_ID><SCENARIO_NAME>Change Control Management</SCENARIO_NAME><CAPABILITY_ID>CHCM_CTS_PLUS</CAPABILITY_ID><CAPABILITY_NAME>Enhanced Change and Transport System (CTS+)</CAPABILITY_NAME><CAPABILITY_USED>N</CAPABILITY_USED><CHECK_STATUS>OK</CHECK_STATUS><INFO_MSG /><KPIS><item><KPI_ID>CCM_TR_CTS_PLUS_COUNT</KPI_ID><KPI_NAME>Number of created Non-ABAP Transport Requests</KPI_NAME><KPI_VALUE>0</KPI_VALUE></item></KPIS><MANAGED_SYSTEMS /></item><item><SCENARIO_ID>CHCM</SCENARIO_ID><SCENARIO_NAME>Change Control Management</SCENARIO_NAME><CAPABILITY_ID>CHCM_CCTS</CAPABILITY_ID><CAPABILITY_NAME>Central Change and Transport System (cCTS)</CAPABILITY_NAME><CAPABILITY_USED>N</CAPABILITY_USED><CHECK_STATUS>OK</CHECK_STATUS><INFO_MSG /><KPIS><item><KPI_ID>CCM_TR_CCTS_COUNT</KPI_ID><KPI_NAME>Number of created cCTS Transport Requests</KPI_NAME><KPI_VALUE>0</KPI_VALUE></item></KPIS><MANAGED_SYSTEMS /></item><item><SCENARIO_ID>CHCM</SCENARIO_ID><SCENARIO_NAME>Change Control Management</SCENARIO_NAME><CAPABILITY_ID>CHCM_GCTS</CAPABILITY_ID><CAPABILITY_NAME>Git-enabled Change and Transport System (gCTS)</CAPABILITY_NAME><CAPABILITY_USED>N</CAPABILITY_USED><CHECK_STATUS>OK</CHECK_STATUS><INFO_MSG /><KPIS><item><KPI_ID>CCM_SMGH_COUNT</KPI_ID><KPI_NAME>Number of created Git-enabled Changes</KPI_NAME><KPI_VALUE>0</KPI_VALUE></item></KPIS><MANAGED_SYSTEMS /></item><item><SCENARIO_ID>CHCM</SCENARIO_ID><SCENARIO_NAME>Change Control Management</SCENARIO_NAME><CAPABILITY_ID>CHCM_CLOUD_CTS</CAPABILITY_ID><CAPABILITY_NAME>Cloud Change and Transport System</CAPABILITY_NAME><CAPABILITY_USED>N</CAPABILITY_USED><CHECK_STATUS>OK</CHECK_STATUS><INFO_MSG /><KPIS><item><KPI_ID>CCM_TMS_CLOUD_COUNT</KPI_ID><KPI_NAME>Number of enabled Cloud TMS Systems</KPI_NAME><KPI_VALUE>0</KPI_VALUE></item></KPIS><MANAGED_SYSTEMS /></item><item><SCENARIO_ID>CHCM</SCENARIO_ID><SCENARIO_NAME>Change Control Management</SCENARIO_NAME><CAPABILITY_ID>CHCM_INT_DEVOPS</CAPABILITY_ID><CAPABILITY_NAME>CI/CD Integration / DevOps API</CAPABILITY_NAME><CAPABILITY_USED>N</CAPABILITY_USED><CHECK_STATUS>OK</CHECK_STATUS><INFO_MSG /><KPIS><item><KPI_ID>CCM_API_CALL_COUNT</KPI_ID><KPI_NAME>Number of DevOps API calls</KPI_NAME><KPI_VALUE>0</KPI_VALUE></item></KPIS><MANAGED_SYSTEMS /></item><item><SCENARIO_ID>CHCM</SCENARIO_ID><SCENARIO_NAME>Change Control Management</SCENARIO_NAME><CAPABILITY_ID>CHCM_DASHBOARD</CAPABILITY_ID><CAPABILITY_NAME>Dashboards</CAPABILITY_NAME><CAPABILITY_USED>N</CAPABILITY_USED><CHECK_STATUS>OK</CHECK_STATUS><INFO_MSG /><KPIS /><MANAGED_SYSTEMS /></item><item><SCENARIO_ID>CHCM</SCENARIO_ID><SCENARIO_NAME>Change Control Management</SCENARIO_NAME><CAPABILITY_ID>CHCM_QGM</CAPABILITY_ID><CAPABILITY_NAME>Quality Gate Management</CAPABILITY_NAME><CAPABILITY_USED>Y</CAPABILITY_USED><CHECK_STATUS>OK</CHECK_STATUS><INFO_MSG /><KPIS><item><KPI_ID>CCM_QGM_COUNT</KPI_ID><KPI_NAME>Number of enabled Quality Gate Management Tasklists</KPI_NAME><KPI_VALUE>1</KPI_VALUE></item></KPIS><MANAGED_SYSTEMS /></item><item><SCENARIO_ID>CHCM</SCENARIO_ID><SCENARIO_NAME>Change Control Management</SCENARIO_NAME><CAPABILITY_ID>CHCM_CSOL</CAPABILITY_ID><CAPABILITY_NAME>Cross-System Object Lock (CSOL)</CAPABILITY_NAME><CAPABILITY_USED>Y</CAPABILITY_USED><CHECK_STATUS>OK</CHECK_STATUS><INFO_MSG /><KPIS /><MANAGED_SYSTEMS /></item><item><SCENARIO_ID>CHCM</SCENARIO_ID><SCENARIO_NAME>Change Control Management</SCENARIO_NAME><CAPABILITY_ID>CHCM_DWNG_PROT</CAPABILITY_ID><CAPABILITY_NAME>Downgrade Protection</CAPABILITY_NAME><CAPABILITY_USED>Y</CAPABILITY_USED><CHECK_STATUS>OK</CHECK_STATUS><INFO_MSG /><KPIS /><MANAGED_SYSTEMS /></item><item><SCENARIO_ID>CHCM</SCENARIO_ID><SCENARIO_NAME>Change Control Management</SCENARIO_NAME><CAPABILITY_ID>CHCM_RETROFIT</CAPABILITY_ID><CAPABILITY_NAME>Retrofit</CAPABILITY_NAME><CAPABILITY_USED>N</CAPABILITY_USED><CHECK_STATUS>OK</CHECK_STATUS><INFO_MSG /><KPIS><item><KPI_ID>CCM_RFIT_COUNT</KPI_ID><KPI_NAME>Number of retrofitted Transport Requests</KPI_NAME><KPI_VALUE>0</KPI_VALUE></item></KPIS><MANAGED_SYSTEMS /></item><item><SCENARIO_ID>CHCM</SCENARIO_ID><SCENARIO_NAME>Change Control Management</SCENARIO_NAME><CAPABILITY_ID>CHCM_REL_BI</CAPABILITY_ID><CAPABILITY_NAME>Release Batch Import</CAPABILITY_NAME><CAPABILITY_USED>Y</CAPABILITY_USED><CHECK_STATUS>OK</CHECK_STATUS><INFO_MSG /><KPIS><item><KPI_ID>CCM_LAST_BI_EXEC_DATE</KPI_ID><KPI_NAME>Last Batch Import Job execution date</KPI_NAME><KPI_VALUE>20250912</KPI_VALUE></item></KPIS><MANAGED_SYSTEMS /></item><item><SCENARIO_ID>CHCM</SCENARIO_ID><SCENARIO_NAME>Change Control Management</SCENARIO_NAME><CAPABILITY_ID>CHCM_TEMP_PROT</CAPABILITY_ID><CAPABILITY_NAME>Template Protection</CAPABILITY_NAME><CAPABILITY_USED>N</CAPABILITY_USED><CHECK_STATUS>OK</CHECK_STATUS><INFO_MSG /><KPIS><item><KPI_ID>CCM_TP_COUNT</KPI_ID><KPI_NAME>Number of registered Template Protection objects</KPI_NAME><KPI_VALUE>0</KPI_VALUE></item></KPIS><MANAGED_SYSTEMS /></item><item><SCENARIO_ID>CHCM</SCENARIO_ID><SCENARIO_NAME>Change Control Management</SCENARIO_NAME><CAPABILITY_ID>CHCM_CUTOVER</CAPABILITY_ID><CAPABILITY_NAME>Cutover</CAPABILITY_NAME><CAPABILITY_USED>N</CAPABILITY_USED><CHECK_STATUS>OK</CHECK_STATUS><INFO_MSG /><KPIS><item><KPI_ID>CCM_CUTOVER_COUNT</KPI_ID><KPI_NAME>Number of Cutover executions</KPI_NAME><KPI_VALUE>0</KPI_VALUE></item></KPIS><MANAGED_SYSTEMS /></item><item><SCENARIO_ID>CHCM</SCENARIO_ID><SCENARIO_NAME>Change Control Management</SCENARIO_NAME><CAPABILITY_ID>CHCM_REPACK</CAPABILITY_ID><CAPABILITY_NAME>Repack</CAPABILITY_NAME><CAPABILITY_USED>N</CAPABILITY_USED><CHECK_STATUS>OK</CHECK_STATUS><INFO_MSG /><KPIS><item><KPI_ID>CCM_REPACK_TR_COUNT</KPI_ID><KPI_NAME>Number of repacked Transport Requests</KPI_NAME><KPI_VALUE>0</KPI_VALUE></item></KPIS><MANAGED_SYSTEMS /></item><item><SCENARIO_ID>CHCM</SCENARIO_ID><SCENARIO_NAME>Change Control Management</SCENARIO_NAME><CAPABILITY_ID>CHCM_CROSS_LD</CAPABILITY_ID><CAPABILITY_NAME>Cross Landscape Distribution</CAPABILITY_NAME><CAPABILITY_USED>N</CAPABILITY_USED><CHECK_STATUS>OK</CHECK_STATUS><INFO_MSG /><KPIS><item><KPI_ID>CCM_CLD_COUNT</KPI_ID><KPI_NAME>Number of Cross Landscape distributed Transport Requests</KPI_NAME><KPI_VALUE>0</KPI_VALUE></item></KPIS><MANAGED_SYSTEMS /></item><item><SCENARIO_ID>CHCM</SCENARIO_ID><SCENARIO_NAME>Change Control Management</SCENARIO_NAME><CAPABILITY_ID>CHCM_ITSM_MULTI_T</CAPABILITY_ID><CAPABILITY_NAME>IT Service Management and ChaRM Multitenancy</CAPABILITY_NAME><CAPABILITY_USED>N</CAPABILITY_USED><CHECK_STATUS>OK</CHECK_STATUS><INFO_MSG /><KPIS /><MANAGED_SYSTEMS /></item><item><SCENARIO_ID>CHCM</SCENARIO_ID><SCENARIO_NAME>Change Control Management</SCENARIO_NAME><CAPABILITY_ID>CHCM_DIG_SIG</CAPABILITY_ID><CAPABILITY_NAME>Digital Signature</CAPABILITY_NAME><CAPABILITY_USED>N</CAPABILITY_USED><CHECK_STATUS>OK</CHECK_STATUS><INFO_MSG /><KPIS><item><KPI_ID>CCM_DS_COUNT</KPI_ID><KPI_NAME>Number of digitally signed Change Requests</KPI_NAME><KPI_VALUE>0</KPI_VALUE></item></KPIS><MANAGED_SYSTEMS /></item><item><SCENARIO_ID>CHCM</SCENARIO_ID><SCENARIO_NAME>Change Control Management</SCENARIO_NAME><CAPABILITY_ID>CHCM_REF_TEST_SYS</CAPABILITY_ID><CAPABILITY_NAME>Refresh Test System</CAPABILITY_NAME><CAPABILITY_USED>N</CAPABILITY_USED><CHECK_STATUS>OK</CHECK_STATUS><INFO_MSG /><KPIS><item><KPI_ID>CCM_RTS_TR_COUNT</KPI_ID><KPI_NAME>Number of Transport Requests refreshed to Test Systems</KPI_NAME><KPI_VALUE>0</KPI_VALUE></item></KPIS><MANAGED_SYSTEMS /></item><item><SCENARIO_ID>CHCM</SCENARIO_ID><SCENARIO_NAME>Change Control Management</SCENARIO_NAME><CAPABILITY_ID>CHCM_CC_WF_SMMJ</CAPABILITY_ID><CAPABILITY_NAME>Change Control Workflow – Normal Change</CAPABILITY_NAME><CAPABILITY_USED>Y</CAPABILITY_USED><CHECK_STATUS>OK</CHECK_STATUS><INFO_MSG /><KPIS><item><KPI_ID>CCM_SMMJ_COUNT</KPI_ID><KPI_NAME>Number of created Normal Changes</KPI_NAME><KPI_VALUE>1</KPI_VALUE></item></KPIS><MANAGED_SYSTEMS /></item><item><SCENARIO_ID>CHCM</SCENARIO_ID><SCENARIO_NAME>Change Control Management</SCENARIO_NAME><CAPABILITY_ID>CHCM_CC_WF_SMHF</CAPABILITY_ID><CAPABILITY_NAME>Change Control Workflow – Urgent Change</CAPABILITY_NAME><CAPABILITY_USED>Y</CAPABILITY_USED><CHECK_STATUS>OK</CHECK_STATUS><INFO_MSG /><KPIS><item><KPI_ID>CCM_SMHF_COUNT</KPI_ID><KPI_NAME>Number of created Urgent Changes</KPI_NAME><KPI_VALUE>1</KPI_VALUE></item></KPIS><MANAGED_SYSTEMS /></item><item><SCENARIO_ID>CHCM</SCENARIO_ID><SCENARIO_NAME>Change Control Management</SCENARIO_NAME><CAPABILITY_ID>CHCM_CC_WF_SMTM</CAPABILITY_ID><CAPABILITY_NAME>Change Control Workflow – Defect Correction</CAPABILITY_NAME><CAPABILITY_USED>Y</CAPABILITY_USED><CHECK_STATUS>OK</CHECK_STATUS><INFO_MSG /><KPIS><item><KPI_ID>CCM_SMTM_COUNT</KPI_ID><KPI_NAME>Number of created Defect Corrections</KPI_NAME><KPI_VALUE>5</KPI_VALUE></item></KPIS><MANAGED_SYSTEMS /></item><item><SCENARIO_ID>CHCM</SCENARIO_ID><SCENARIO_NAME>Change Control Management</SCENARIO_NAME><CAPABILITY_ID>CHCM_CC_WF_SMSG</CAPABILITY_ID><CAPABILITY_NAME>Change Control Workflow – Standard Change</CAPABILITY_NAME><CAPABILITY_USED>Y</CAPABILITY_USED><CHECK_STATUS>OK</CHECK_STATUS><INFO_MSG /><KPIS><item><KPI_ID>CCM_SMSG_COUNT</KPI_ID><KPI_NAME>Number of created Standard Changes</KPI_NAME><KPI_VALUE>1</KPI_VALUE></item></KPIS><MANAGED_SYSTEMS /></item><item><SCENARIO_ID>CHCM</SCENARIO_ID><SCENARIO_NAME>Change Control Management</SCENARIO_NAME><CAPABILITY_ID>CHCM_CC_WF_ADM_GC</CAPABILITY_ID><CAPABILITY_NAME>Change Control Workflow – Admin and General Change</CAPABILITY_NAME><CAPABILITY_USED>Y</CAPABILITY_USED><CHECK_STATUS>OK</CHECK_STATUS><INFO_MSG /><KPIS><item><KPI_ID>CCM_SMGC_COUNT</KPI_ID><KPI_NAME>Number of created IT assets or legacy systems Changes</KPI_NAME><KPI_VALUE>1</KPI_VALUE></item><item><KPI_ID>CCM_SMAD_COUNT</KPI_ID><KPI_NAME>Number of created Administrative Changes</KPI_NAME><KPI_VALUE>0</KPI_VALUE></item></KPIS><MANAGED_SYSTEMS /></item><item><SCENARIO_ID>CHCM</SCENARIO_ID><SCENARIO_NAME>Change Control Management</SCENARIO_NAME><CAPABILITY_ID>CHCM_CC_WF_SMCR</CAPABILITY_ID><CAPABILITY_NAME>Change Control Workflow – Request for Change</CAPABILITY_NAME><CAPABILITY_USED>Y</CAPABILITY_USED><CHECK_STATUS>OK</CHECK_STATUS><INFO_MSG /><KPIS><item><KPI_ID>CCM_SMCR_COUNT</KPI_ID><KPI_NAME>Number of created Change Requests</KPI_NAME><KPI_VALUE>5</KPI_VALUE></item></KPIS><MANAGED_SYSTEMS /></item><item><SCENARIO_ID>CHCM</SCENARIO_ID><SCENARIO_NAME>Change Control Management</SCENARIO_NAME><CAPABILITY_ID>CHCM_CHG_LANDSCAPE_SMAI</CAPABILITY_ID><CAPABILITY_NAME>Change Control Landscape – Continual Cycle</CAPABILITY_NAME><CAPABILITY_USED>Y</CAPABILITY_USED><CHECK_STATUS>OK</CHECK_STATUS><INFO_MSG /><KPIS><item><KPI_ID>CCM_SMAI_COUNT</KPI_ID><KPI_NAME>Number of active Continual Cycles</KPI_NAME><KPI_VALUE>3</KPI_VALUE></item></KPIS><MANAGED_SYSTEMS /></item><item><SCENARIO_ID>CHCM</SCENARIO_ID><SCENARIO_NAME>Change Control Management</SCENARIO_NAME><CAPABILITY_ID>CHCM_CHG_LANDSCAPE_SMIM</CAPABILITY_ID><CAPABILITY_NAME>Change Control Landscape – Phase Cycle</CAPABILITY_NAME><CAPABILITY_USED>Y</CAPABILITY_USED><CHECK_STATUS>OK</CHECK_STATUS><INFO_MSG /><KPIS><item><KPI_ID>CCM_SMIM_COUNT</KPI_ID><KPI_NAME>Number of active Phase Cycles</KPI_NAME><KPI_VALUE>3</KPI_VALUE></item></KPIS><MANAGED_SYSTEMS /></item><item><SCENARIO_ID>CHCM</SCENARIO_ID><SCENARIO_NAME>Change Control Management</SCENARIO_NAME><CAPABILITY_ID>CHCM_CRIT_OBJ_CHECK</CAPABILITY_ID><CAPABILITY_NAME>Critical Object Check</CAPABILITY_NAME><CAPABILITY_USED>N</CAPABILITY_USED><CHECK_STATUS>OK</CHECK_STATUS><INFO_MSG /><KPIS><item><KPI_ID>CCM_CRIT_OBJECTS</KPI_ID><KPI_NAME>Number of active critical objects</KPI_NAME><KPI_VALUE>0</KPI_VALUE></item></KPIS><MANAGED_SYSTEMS /></item><item><SCENARIO_ID>CHCM</SCENARIO_ID><SCENARIO_NAME>Change Control Management</SCENARIO_NAME><CAPABILITY_ID>CHCM_ATC_INT</CAPABILITY_ID><CAPABILITY_NAME>ABAP Test Cockpit Integration</CAPABILITY_NAME><CAPABILITY_USED>N</CAPABILITY_USED><CHECK_STATUS>OK</CHECK_STATUS><INFO_MSG /><KPIS><item><KPI_ID>CCM_ATC_CHECKS</KPI_ID><KPI_NAME>Number of ABAP Test Cockpit checks</KPI_NAME><KPI_VALUE>0</KPI_VALUE></item></KPIS><MANAGED_SYSTEMS /></item><item><SCENARIO_ID>PM</SCENARIO_ID><SCENARIO_NAME>Project Management</SCENARIO_NAME><CAPABILITY_ID>PM_GPM</CAPABILITY_ID><CAPABILITY_NAME>Generic Project Management</CAPABILITY_NAME><CAPABILITY_USED>Y</CAPABILITY_USED><CHECK_STATUS>OK</CHECK_STATUS><INFO_MSG /><KPIS><item><KPI_ID>PM_PROJECTS</KPI_ID><KPI_NAME>Number of used Projects</KPI_NAME><KPI_VALUE>4</KPI_VALUE></item></KPIS><MANAGED_SYSTEMS /></item><item><SCENARIO_ID>PM</SCENARIO_ID><SCENARIO_NAME>Project Management</SCENARIO_NAME><CAPABILITY_ID>PM_INT_IT</CAPABILITY_ID><CAPABILITY_NAME>Integration Option for IT Implementation</CAPABILITY_NAME><CAPABILITY_USED>Y</CAPABILITY_USED><CHECK_STATUS>OK</CHECK_STATUS><INFO_MSG /><KPIS><item><KPI_ID>PM_PROJECTS_W_CC</KPI_ID><KPI_NAME>Number of used Projects with Change Control</KPI_NAME><KPI_VALUE>03</KPI_VALUE></item><item><KPI_ID>PM_PROJECTS_W_TP</KPI_ID><KPI_NAME>Number of used Projects with Test Plans</KPI_NAME><KPI_VALUE>01</KPI_VALUE></item></KPIS><MANAGED_SYSTEMS /></item><item><SCENARIO_ID>PM</SCENARIO_ID><SCENARIO_NAME>Project Management</SCENARIO_NAME><CAPABILITY_ID>PM_INT_PM</CAPABILITY_ID><CAPABILITY_NAME>Integration Option - Portfolio Management</CAPABILITY_NAME><CAPABILITY_USED>Y</CAPABILITY_USED><CHECK_STATUS>OK</CHECK_STATUS><INFO_MSG /><KPIS><item><KPI_ID>PM_PROJECTS_PM</KPI_ID><KPI_NAME>Number of used Projects with Portfolio integration</KPI_NAME><KPI_VALUE>01</KPI_VALUE></item></KPIS><MANAGED_SYSTEMS /></item><item><SCENARIO_ID>PM</SCENARIO_ID><SCENARIO_NAME>Project Management</SCENARIO_NAME><CAPABILITY_ID>PM_INT_TR</CAPABILITY_ID><CAPABILITY_NAME>Integration Option for external Time Recording</CAPABILITY_NAME><CAPABILITY_USED>N</CAPABILITY_USED><CHECK_STATUS>OK</CHECK_STATUS><INFO_MSG /><KPIS><item><KPI_ID>PM_PROJECTS_TR</KPI_ID><KPI_NAME>Number of used Projects with Time Recording</KPI_NAME><KPI_VALUE>00</KPI_VALUE></item></KPIS><MANAGED_SYSTEMS /></item><item><SCENARIO_ID>PM</SCENARIO_ID><SCENARIO_NAME>Project Management</SCENARIO_NAME><CAPABILITY_ID>PM_INT_CM</CAPABILITY_ID><CAPABILITY_NAME>Integration Option for Cost Management</CAPABILITY_NAME><CAPABILITY_USED>Y</CAPABILITY_USED><CHECK_STATUS>OK</CHECK_STATUS><INFO_MSG /><KPIS><item><KPI_ID>PM_PROJECTS_CM</KPI_ID><KPI_NAME>Number of used Projects with Cost Integration</KPI_NAME><KPI_VALUE>01</KPI_VALUE></item></KPIS><MANAGED_SYSTEMS /></item><item><SCENARIO_ID>RM</SCENARIO_ID><SCENARIO_NAME>Requirements Management</SCENARIO_NAME><CAPABILITY_ID>RM_REQ</CAPABILITY_ID><CAPABILITY_NAME>(Business) Requirements</CAPABILITY_NAME><CAPABILITY_USED>Y</CAPABILITY_USED><CHECK_STATUS>OK</CHECK_STATUS><INFO_MSG /><KPIS><item><KPI_ID>RM_REQUIREMENTS</KPI_ID><KPI_NAME>Number of processed Requirements</KPI_NAME><KPI_VALUE>44</KPI_VALUE></item></KPIS><MANAGED_SYSTEMS /></item><item><SCENARIO_ID>RM</SCENARIO_ID><SCENARIO_NAME>Requirements Management</SCENARIO_NAME><CAPABILITY_ID>RM_IT_REQ</CAPABILITY_ID><CAPABILITY_NAME>IT Requirements</CAPABILITY_NAME><CAPABILITY_USED>Y</CAPABILITY_USED><CHECK_STATUS>OK</CHECK_STATUS><INFO_MSG /><KPIS><item><KPI_ID>RM_REQUIREMENTS_IT</KPI_ID><KPI_NAME>Number of processed IT Requirements</KPI_NAME><KPI_VALUE>01</KPI_VALUE></item></KPIS><MANAGED_SYSTEMS /></item><item><SCENARIO_ID>TM</SCENARIO_ID><SCENARIO_NAME>Test Suite</SCENARIO_NAME><CAPABILITY_ID>TM_TS</CAPABILITY_ID><CAPABILITY_NAME>Test Steps</CAPABILITY_NAME><CAPABILITY_USED>Y</CAPABILITY_USED><CHECK_STATUS>OK</CHECK_STATUS><INFO_MSG /><KPIS><item><KPI_ID>TM_TEST_STEP_COUNT</KPI_ID><KPI_NAME>Number of created Test Steps</KPI_NAME><KPI_VALUE>111</KPI_VALUE></item></KPIS><MANAGED_SYSTEMS /></item><item><SCENARIO_ID>TM</SCENARIO_ID><SCENARIO_NAME>Test Suite</SCENARIO_NAME><CAPABILITY_ID>TM_CBTA</CAPABILITY_ID><CAPABILITY_NAME>Component-Based Test Automation (CBTA)</CAPABILITY_NAME><CAPABILITY_USED>N</CAPABILITY_USED><CHECK_STATUS>OK</CHECK_STATUS><INFO_MSG /><KPIS><item><KPI_ID>TM_CBTA_COUNT</KPI_ID><KPI_NAME>Number of processed CBTA Test Configurations</KPI_NAME><KPI_VALUE>1</KPI_VALUE></item></KPIS><MANAGED_SYSTEMS /></item><item><SCENARIO_ID>TM</SCENARIO_ID><SCENARIO_NAME>Test Suite</SCENARIO_NAME><CAPABILITY_ID>TM_BPCA</CAPABILITY_ID><CAPABILITY_NAME>Business Process Change Analyzer (BPCA)</CAPABILITY_NAME><CAPABILITY_USED>Y</CAPABILITY_USED><CHECK_STATUS>OK</CHECK_STATUS><INFO_MSG /><KPIS><item><KPI_ID>TM_BPCA_EXEC_COUNT</KPI_ID><KPI_NAME>Number of executed BPCA analyses</KPI_NAME><KPI_VALUE>3</KPI_VALUE></item></KPIS><MANAGED_SYSTEMS /></item><item><SCENARIO_ID>TM</SCENARIO_ID><SCENARIO_NAME>Test Suite</SCENARIO_NAME><CAPABILITY_ID>TM_SEA</CAPABILITY_ID><CAPABILITY_NAME>Scope and Effort Analyzer (SEA)</CAPABILITY_NAME><CAPABILITY_USED>Y</CAPABILITY_USED><CHECK_STATUS>OK</CHECK_STATUS><INFO_MSG /><KPIS><item><KPI_ID>TM_SEA_EXEC_COUNT</KPI_ID><KPI_NAME>Number of executed SEA analyses</KPI_NAME><KPI_VALUE>2</KPI_VALUE></item></KPIS><MANAGED_SYSTEMS /></item><item><SCENARIO_ID>TM</SCENARIO_ID><SCENARIO_NAME>Test Suite</SCENARIO_NAME><CAPABILITY_ID>TM_ANALYTIC</CAPABILITY_ID><CAPABILITY_NAME>Analytics</CAPABILITY_NAME><CAPABILITY_USED>N</CAPABILITY_USED><CHECK_STATUS>OK</CHECK_STATUS><INFO_MSG /><KPIS /><MANAGED_SYSTEMS /></item><item><SCENARIO_ID>TM</SCENARIO_ID><SCENARIO_NAME>Test Suite</SCENARIO_NAME><CAPABILITY_ID>TM_TP</CAPABILITY_ID><CAPABILITY_NAME>Test Planning</CAPABILITY_NAME><CAPABILITY_USED>Y</CAPABILITY_USED><CHECK_STATUS>OK</CHECK_STATUS><INFO_MSG /><KPIS><item><KPI_ID>TM_TP_COUNT</KPI_ID><KPI_NAME>Number of created Test Plans</KPI_NAME><KPI_VALUE>6</KPI_VALUE></item></KPIS><MANAGED_SYSTEMS /></item><item><SCENARIO_ID>TM</SCENARIO_ID><SCENARIO_NAME>Test Suite</SCENARIO_NAME><CAPABILITY_ID>TM_DM</CAPABILITY_ID><CAPABILITY_NAME>Defect Management</CAPABILITY_NAME><CAPABILITY_USED>N</CAPABILITY_USED><CHECK_STATUS>OK</CHECK_STATUS><INFO_MSG /><KPIS><item><KPI_ID>TM_S1TM_COUNT</KPI_ID><KPI_NAME>Quantity of Defect Corrections (S1TM) created in the last 6 months</KPI_NAME><KPI_VALUE>5</KPI_VALUE></item><item><KPI_ID>TM_S1DM_COUNT</KPI_ID><KPI_NAME>Quantity of Defect (S1DM) created in the last 6 months</KPI_NAME><KPI_VALUE>9</KPI_VALUE></item><item><KPI_ID>TM_SMTM_COUNT</KPI_ID><KPI_NAME>Quantity of Defect Corrections created in the last 6 months</KPI_NAME><KPI_VALUE>5</KPI_VALUE></item></KPIS><MANAGED_SYSTEMS /></item><item><SCENARIO_ID>TM</SCENARIO_ID><SCENARIO_NAME>Test Suite</SCENARIO_NAME><CAPABILITY_ID>TM_TDM</CAPABILITY_ID><CAPABILITY_NAME>Test Data Management</CAPABILITY_NAME><CAPABILITY_USED>N</CAPABILITY_USED><CHECK_STATUS>OK</CHECK_STATUS><INFO_MSG /><KPIS><item><KPI_ID>TM_TDM_CNT_COUNT</KPI_ID><KPI_NAME>Number of created Test Data Containers</KPI_NAME><KPI_VALUE>2</KPI_VALUE></item></KPIS><MANAGED_SYSTEMS /></item><item><SCENARIO_ID>TM</SCENARIO_ID><SCENARIO_NAME>Test Suite</SCENARIO_NAME><CAPABILITY_ID>TM_MT</CAPABILITY_ID><CAPABILITY_NAME>Manual Testing</CAPABILITY_NAME><CAPABILITY_USED>Y</CAPABILITY_USED><CHECK_STATUS>OK</CHECK_STATUS><INFO_MSG /><KPIS><item><KPI_ID>TM_TEST_DOC_COUNT</KPI_ID><KPI_NAME>Number of processed Test Documents</KPI_NAME><KPI_VALUE>22</KPI_VALUE></item></KPIS><MANAGED_SYSTEMS /></item><item><SCENARIO_ID>TM</SCENARIO_ID><SCENARIO_NAME>Test Suite</SCENARIO_NAME><CAPABILITY_ID>TM_TAF</CAPABILITY_ID><CAPABILITY_NAME>Test Automation Framework</CAPABILITY_NAME><CAPABILITY_USED>Y</CAPABILITY_USED><CHECK_STATUS>OK</CHECK_STATUS><INFO_MSG /><KPIS><item><KPI_ID>TM_TAF</KPI_ID><KPI_NAME>Test Automation Framework</KPI_NAME><KPI_VALUE>39</KPI_VALUE></item></KPIS><MANAGED_SYSTEMS /></item><item><SCENARIO_ID>TM</SCENARIO_ID><SCENARIO_NAME>Test Suite</SCENARIO_NAME><CAPABILITY_ID>TM_TE</CAPABILITY_ID><CAPABILITY_NAME>Test Execution</CAPABILITY_NAME><CAPABILITY_USED>Y</CAPABILITY_USED><CHECK_STATUS>OK</CHECK_STATUS><INFO_MSG /><KPIS /><MANAGED_SYSTEMS /></item><item><SCENARIO_ID>RCA</SCENARIO_ID><SCENARIO_NAME>Root Cause Analysis</SCENARIO_NAME><CAPABILITY_ID>RCA_CONF_VAL</CAPABILITY_ID><CAPABILITY_NAME>Configuration Validation</CAPABILITY_NAME><CAPABILITY_USED>Y</CAPABILITY_USED><CHECK_STATUS>OK</CHECK_STATUS><INFO_MSG /><KPIS><item><KPI_ID>RCA_CONF_VAL_REPS</KPI_ID><KPI_NAME>Number of Configuration Validation reports</KPI_NAME><KPI_VALUE>15</KPI_VALUE></item></KPIS><MANAGED_SYSTEMS /></item><item><SCENARIO_ID>RCA</SCENARIO_ID><SCENARIO_NAME>Root Cause Analysis</SCENARIO_NAME><CAPABILITY_ID>RCA_TRACE_ANA</CAPABILITY_ID><CAPABILITY_NAME>Trace Analysis</CAPABILITY_NAME><CAPABILITY_USED>N</CAPABILITY_USED><CHECK_STATUS>OK</CHECK_STATUS><INFO_MSG /><KPIS><item><KPI_ID>RCA_TRACE_ANALYSIS_COUNT</KPI_ID><KPI_NAME>Number of analyzed Traces</KPI_NAME><KPI_VALUE>0</KPI_VALUE></item></KPIS><MANAGED_SYSTEMS /></item><item><SCENARIO_ID>SM</SCENARIO_ID><SCENARIO_NAME>Service Management</SCENARIO_NAME><CAPABILITY_ID>SM_IT_CAL</CAPABILITY_ID><CAPABILITY_NAME>IT Calendar and Work Mode Management</CAPABILITY_NAME><CAPABILITY_USED>Y</CAPABILITY_USED><CHECK_STATUS>OK</CHECK_STATUS><INFO_MSG /><KPIS><item><KPI_ID>SM_WORK_MODES_COUNT</KPI_ID><KPI_NAME>Number of created Work Modes</KPI_NAME><KPI_VALUE>50</KPI_VALUE></item></KPIS><MANAGED_SYSTEMS /></item><item><SCENARIO_ID>SM</SCENARIO_ID><SCENARIO_NAME>Service Management</SCENARIO_NAME><CAPABILITY_ID>SM_SERV_AVAL</CAPABILITY_ID><CAPABILITY_NAME>Service Availability Management</CAPABILITY_NAME><CAPABILITY_USED>Y</CAPABILITY_USED><CHECK_STATUS>OK</CHECK_STATUS><INFO_MSG /><KPIS><item><KPI_ID>SM_SAM_DEF_COUNT</KPI_ID><KPI_NAME>Number of active Service Availability Management definitions</KPI_NAME><KPI_VALUE>2</KPI_VALUE></item></KPIS><MANAGED_SYSTEMS /></item><item><SCENARIO_ID>SM</SCENARIO_ID><SCENARIO_NAME>Service Management</SCENARIO_NAME><CAPABILITY_ID>SM_IT_TASK</CAPABILITY_ID><CAPABILITY_NAME>IT Task Management</CAPABILITY_NAME><CAPABILITY_USED>Y</CAPABILITY_USED><CHECK_STATUS>OK</CHECK_STATUS><INFO_MSG /><KPIS><item><KPI_ID>SM_IT_TASK_COUNT</KPI_ID><KPI_NAME>Number of created IT Tasks</KPI_NAME><KPI_VALUE>11</KPI_VALUE></item></KPIS><MANAGED_SYSTEMS /></item><item><SCENARIO_ID>SM</SCENARIO_ID><SCENARIO_NAME>Service Management</SCENARIO_NAME><CAPABILITY_ID>SM_NOTIF_MAN</CAPABILITY_ID><CAPABILITY_NAME>Notification Management</CAPABILITY_NAME><CAPABILITY_USED>Y</CAPABILITY_USED><CHECK_STATUS>OK</CHECK_STATUS><INFO_MSG /><KPIS><item><KPI_ID>SM_NOTIF_RCPT_COUNT</KPI_ID><KPI_NAME>Number of maintained Notification recipients</KPI_NAME><KPI_VALUE>4</KPI_VALUE></item></KPIS><MANAGED_SYSTEMS /></item><item><SCENARIO_ID>BPM</SCENARIO_ID><SCENARIO_NAME>Business Process Operations</SCENARIO_NAME><CAPABILITY_ID>BPM_BPI</CAPABILITY_ID><CAPABILITY_NAME>Business Process Improvement</CAPABILITY_NAME><CAPABILITY_USED>Y</CAPABILITY_USED><CHECK_STATUS>OK</CHECK_STATUS><INFO_MSG /><KPIS><item><KPI_ID>BPM_BPI</KPI_ID><KPI_NAME>Business Process Improvement</KPI_NAME><KPI_VALUE>46018</KPI_VALUE></item></KPIS><MANAGED_SYSTEMS /></item><item><SCENARIO_ID>BPM</SCENARIO_ID><SCENARIO_NAME>Business Process Operations</SCENARIO_NAME><CAPABILITY_ID>BPM_BPM</CAPABILITY_ID><CAPABILITY_NAME>Business Process Monitoring</CAPABILITY_NAME><CAPABILITY_USED>Y</CAPABILITY_USED><CHECK_STATUS>OK</CHECK_STATUS><INFO_MSG /><KPIS><item><KPI_ID>BPO_PROC_COUNT</KPI_ID><KPI_NAME>Number of monitored Business Processes</KPI_NAME><KPI_VALUE>1</KPI_VALUE></item></KPIS><MANAGED_SYSTEMS><item><MSYS_SID>A4H</MSYS_SID><MSYS_TYPE>SAP NETWEAVER</MSYS_TYPE></item><item><MSYS_SID>A4H</MSYS_SID><MSYS_TYPE>SAP SOLUTION MANAGER</MSYS_TYPE></item><item><MSYS_SID>S4H</MSYS_SID><MSYS_TYPE>NW FOR S/4HANA</MSYS_TYPE></item><item><MSYS_SID>S4H</MSYS_SID><MSYS_TYPE>SAP S/4HANA</MSYS_TYPE></item></MANAGED_SYSTEMS></item><item><SCENARIO_ID>BPM</SCENARIO_ID><SCENARIO_NAME>Business Process Operations</SCENARIO_NAME><CAPABILITY_ID>BPM_DCM</CAPABILITY_ID><CAPABILITY_NAME>Data Readiness Monitoring</CAPABILITY_NAME><CAPABILITY_USED>Y</CAPABILITY_USED><CHECK_STATUS>OK</CHECK_STATUS><INFO_MSG /><KPIS /><MANAGED_SYSTEMS /></item><item><SCENARIO_ID>BPM</SCENARIO_ID><SCENARIO_NAME>Business Process Operations</SCENARIO_NAME><CAPABILITY_ID>BPM_JM</CAPABILITY_ID><CAPABILITY_NAME>Job Management</CAPABILITY_NAME><CAPABILITY_USED>Y</CAPABILITY_USED><CHECK_STATUS>OK</CHECK_STATUS><INFO_MSG /><KPIS><item><KPI_ID>BPO_JOB_REQ_COUNT</KPI_ID><KPI_NAME>Number of created Job Requests</KPI_NAME><KPI_VALUE>6</KPI_VALUE></item></KPIS><MANAGED_SYSTEMS /></item><item><SCENARIO_ID>AO</SCENARIO_ID><SCENARIO_NAME>Application Operations</SCENARIO_NAME><CAPABILITY_ID>AO_SM</CAPABILITY_ID><CAPABILITY_NAME>System Monitoring</CAPABILITY_NAME><CAPABILITY_USED>Y</CAPABILITY_USED><CHECK_STATUS>OK</CHECK_STATUS><INFO_MSG /><KPIS><item><KPI_ID>AO_MON_SYS_COUNT</KPI_ID><KPI_NAME>Number of monitored Systems</KPI_NAME><KPI_VALUE>156</KPI_VALUE></item></KPIS><MANAGED_SYSTEMS><item><MSYS_SID>A4H</MSYS_SID><MSYS_TYPE>SAP NETWEAVER</MSYS_TYPE></item><item><MSYS_SID>A4H</MSYS_SID><MSYS_TYPE>SAP SOLUTION MANAGER</MSYS_TYPE></item><item><MSYS_SID>HDB</MSYS_SID><MSYS_TYPE>SAP HANA PLATFORM EDITION</MSYS_TYPE></item><item><MSYS_SID>J2E</MSYS_SID><MSYS_TYPE>SAP NETWEAVER</MSYS_TYPE></item><item><MSYS_SID>J2E</MSYS_SID><MSYS_TYPE>SAP SOLUTION MANAGER</MSYS_TYPE></item><item><MSYS_SID>S4H</MSYS_SID><MSYS_TYPE>NW FOR S/4HANA</MSYS_TYPE></item><item><MSYS_SID>S4H</MSYS_SID><MSYS_TYPE>SAP S/4HANA</MSYS_TYPE></item></MANAGED_SYSTEMS></item><item><SCENARIO_ID>AO</SCENARIO_ID><SCENARIO_NAME>Application Operations</SCENARIO_NAME><CAPABILITY_ID>AO_JM</CAPABILITY_ID><CAPABILITY_NAME>Job Monitoring</CAPABILITY_NAME><CAPABILITY_USED>Y</CAPABILITY_USED><CHECK_STATUS>OK</CHECK_STATUS><INFO_MSG /><KPIS><item><KPI_ID>AO_JOB_MON_COUNT</KPI_ID><KPI_NAME>Number of monitored Jobs</KPI_NAME><KPI_VALUE>64</KPI_VALUE></item></KPIS><MANAGED_SYSTEMS><item><MSYS_SID>A4H</MSYS_SID><MSYS_TYPE>SAP NETWEAVER</MSYS_TYPE></item><item><MSYS_SID>A4H</MSYS_SID><MSYS_TYPE>SAP SOLUTION MANAGER</MSYS_TYPE></item><item><MSYS_SID>S4H</MSYS_SID><MSYS_TYPE>NW FOR S/4HANA</MSYS_TYPE></item><item><MSYS_SID>S4H</MSYS_SID><MSYS_TYPE>SAP S/4HANA</MSYS_TYPE></item></MANAGED_SYSTEMS></item><item><SCENARIO_ID>AO</SCENARIO_ID><SCENARIO_NAME>Application Operations</SCENARIO_NAME><CAPABILITY_ID>AO_PI_MON</CAPABILITY_ID><CAPABILITY_NAME>PI Monitoring</CAPABILITY_NAME><CAPABILITY_USED>N</CAPABILITY_USED><CHECK_STATUS>OK</CHECK_STATUS><INFO_MSG /><KPIS><item><KPI_ID>AO_PI_DOM_COUNT</KPI_ID><KPI_NAME>Number of monitored PI Domains</KPI_NAME><KPI_VALUE>0</KPI_VALUE></item></KPIS><MANAGED_SYSTEMS /></item><item><SCENARIO_ID>AO</SCENARIO_ID><SCENARIO_NAME>Application Operations</SCENARIO_NAME><CAPABILITY_ID>AO_INT_CON</CAPABILITY_ID><CAPABILITY_NAME>Interface and Connection Monitoring</CAPABILITY_NAME><CAPABILITY_USED>Y</CAPABILITY_USED><CHECK_STATUS>OK</CHECK_STATUS><INFO_MSG /><KPIS><item><KPI_ID>AO_INT_MON_COUNT</KPI_ID><KPI_NAME>Number of monitored Interfaces</KPI_NAME><KPI_VALUE>7</KPI_VALUE></item></KPIS><MANAGED_SYSTEMS><item><MSYS_SID>A4H</MSYS_SID><MSYS_TYPE>SAP NETWEAVER</MSYS_TYPE></item><item><MSYS_SID>A4H</MSYS_SID><MSYS_TYPE>SAP SOLUTION MANAGER</MSYS_TYPE></item><item><MSYS_SID>J2E</MSYS_SID><MSYS_TYPE>SAP NETWEAVER</MSYS_TYPE></item><item><MSYS_SID>J2E</MSYS_SID><MSYS_TYPE>SAP SOLUTION MANAGER</MSYS_TYPE></item><item><MSYS_SID>S4H</MSYS_SID><MSYS_TYPE>NW FOR S/4HANA</MSYS_TYPE></item><item><MSYS_SID>S4H</MSYS_SID><MSYS_TYPE>SAP S/4HANA</MSYS_TYPE></item></MANAGED_SYSTEMS></item><item><SCENARIO_ID>AO</SCENARIO_ID><SCENARIO_NAME>Application Operations</SCENARIO_NAME><CAPABILITY_ID>AO_MESS_FLOW</CAPABILITY_ID><CAPABILITY_NAME>Message Flow Monitoring</CAPABILITY_NAME><CAPABILITY_USED>N</CAPABILITY_USED><CHECK_STATUS>OK</CHECK_STATUS><INFO_MSG /><KPIS><item><KPI_ID>AO_MSG_FLOW_COUNT</KPI_ID><KPI_NAME>Number of monitored Message Flows</KPI_NAME><KPI_VALUE>0</KPI_VALUE></item></KPIS><MANAGED_SYSTEMS /></item><item><SCENARIO_ID>AO</SCENARIO_ID><SCENARIO_NAME>Application Operations</SCENARIO_NAME><CAPABILITY_ID>AO_UEM</CAPABILITY_ID><CAPABILITY_NAME>User Experience Monitoring</CAPABILITY_NAME><CAPABILITY_USED>Y</CAPABILITY_USED><CHECK_STATUS>OK</CHECK_STATUS><INFO_MSG /><KPIS><item><KPI_ID>AO_UM_SCRIPT_COUNT</KPI_ID><KPI_NAME>Number of monitored User Monitoring scripts</KPI_NAME><KPI_VALUE>4</KPI_VALUE></item></KPIS><MANAGED_SYSTEMS /></item><item><SCENARIO_ID>AO</SCENARIO_ID><SCENARIO_NAME>Application Operations</SCENARIO_NAME><CAPABILITY_ID>AO_BI</CAPABILITY_ID><CAPABILITY_NAME>Business Intelligence Monitoring</CAPABILITY_NAME><CAPABILITY_USED>N</CAPABILITY_USED><CHECK_STATUS>OK</CHECK_STATUS><INFO_MSG /><KPIS><item><KPI_ID>AO_BI_MON_COUNT</KPI_ID><KPI_NAME>Number of monitored Business Intelligence scenarios</KPI_NAME><KPI_VALUE>0</KPI_VALUE></item></KPIS><MANAGED_SYSTEMS /></item><item><SCENARIO_ID>AO</SCENARIO_ID><SCENARIO_NAME>Application Operations</SCENARIO_NAME><CAPABILITY_ID>AO_DATA_READY</CAPABILITY_ID><CAPABILITY_NAME>Data Readiness Monitoring</CAPABILITY_NAME><CAPABILITY_USED>Y</CAPABILITY_USED><CHECK_STATUS>OK</CHECK_STATUS><INFO_MSG /><KPIS /><MANAGED_SYSTEMS /></item><item><SCENARIO_ID>AO</SCENARIO_ID><SCENARIO_NAME>Application Operations</SCENARIO_NAME><CAPABILITY_ID>AO_EM</CAPABILITY_ID><CAPABILITY_NAME>Exception Management</CAPABILITY_NAME><CAPABILITY_USED>Y</CAPABILITY_USED><CHECK_STATUS>OK</CHECK_STATUS><INFO_MSG /><KPIS><item><KPI_ID>AO_EM_ALERTS_COUNT</KPI_ID><KPI_NAME>Number of collected alerts in Exception Monitoring</KPI_NAME><KPI_VALUE>3</KPI_VALUE></item></KPIS><MANAGED_SYSTEMS><item><MSYS_SID>A4H</MSYS_SID><MSYS_TYPE>SAP NETWEAVER</MSYS_TYPE></item><item><MSYS_SID>A4H</MSYS_SID><MSYS_TYPE>SAP SOLUTION MANAGER</MSYS_TYPE></item><item><MSYS_SID>J2E</MSYS_SID><MSYS_TYPE>SAP NETWEAVER</MSYS_TYPE></item><item><MSYS_SID>J2E</MSYS_SID><MSYS_TYPE>SAP SOLUTION MANAGER</MSYS_TYPE></item><item><MSYS_SID>S4H</MSYS_SID><MSYS_TYPE>NW FOR S/4HANA</MSYS_TYPE></item><item><MSYS_SID>S4H</MSYS_SID><MSYS_TYPE>SAP S/4HANA</MSYS_TYPE></item></MANAGED_SYSTEMS></item><item><SCENARIO_ID>AO</SCENARIO_ID><SCENARIO_NAME>Application Operations</SCENARIO_NAME><CAPABILITY_ID>AO_ADV</CAPABILITY_ID><CAPABILITY_NAME>Advanced Monitoring</CAPABILITY_NAME><CAPABILITY_USED>N</CAPABILITY_USED><CHECK_STATUS>OK</CHECK_STATUS><INFO_MSG /><KPIS /><MANAGED_SYSTEMS /></item><item><SCENARIO_ID>AO</SCENARIO_ID><SCENARIO_NAME>Application Operations</SCENARIO_NAME><CAPABILITY_ID>AO_SELF</CAPABILITY_ID><CAPABILITY_NAME>Self Monitoring</CAPABILITY_NAME><CAPABILITY_USED>Y</CAPABILITY_USED><CHECK_STATUS>OK</CHECK_STATUS><INFO_MSG /><KPIS /><MANAGED_SYSTEMS><item><MSYS_SID>A4H</MSYS_SID><MSYS_TYPE>SAP NETWEAVER</MSYS_TYPE></item><item><MSYS_SID>A4H</MSYS_SID><MSYS_TYPE>SAP SOLUTION MANAGER</MSYS_TYPE></item><item><MSYS_SID>HDB</MSYS_SID><MSYS_TYPE>SAP HANA PLATFORM EDITION</MSYS_TYPE></item><item><MSYS_SID>J2E</MSYS_SID><MSYS_TYPE>SAP NETWEAVER</MSYS_TYPE></item><item><MSYS_SID>J2E</MSYS_SID><MSYS_TYPE>SAP SOLUTION MANAGER</MSYS_TYPE></item><item><MSYS_SID>S4H</MSYS_SID><MSYS_TYPE>NW FOR S/4HANA</MSYS_TYPE></item><item><MSYS_SID>S4H</MSYS_SID><MSYS_TYPE>SAP S/4HANA</MSYS_TYPE></item></MANAGED_SYSTEMS></item><item><SCENARIO_ID>SRVENG</SCENARIO_ID><SCENARIO_NAME>SAP Engagement and Service Delivery</SCENARIO_NAME><CAPABILITY_ID>SRVENG_ENG</CAPABILITY_ID><CAPABILITY_NAME>Engagements</CAPABILITY_NAME><CAPABILITY_USED>Y</CAPABILITY_USED><CHECK_STATUS>OK</CHECK_STATUS><INFO_MSG /><KPIS><item><KPI_ID>SRVENG_CYCLE_COUNT</KPI_ID><KPI_NAME>Number of active Engagement Cycles</KPI_NAME><KPI_VALUE>1</KPI_VALUE></item></KPIS><MANAGED_SYSTEMS /></item><item><SCENARIO_ID>SRVENG</SCENARIO_ID><SCENARIO_NAME>SAP Engagement and Service Delivery</SCENARIO_NAME><CAPABILITY_ID>SRVENG_SRV_SESSIONS</CAPABILITY_ID><CAPABILITY_NAME>Service Sessions</CAPABILITY_NAME><CAPABILITY_USED>N</CAPABILITY_USED><CHECK_STATUS>OK</CHECK_STATUS><INFO_MSG /><KPIS><item><KPI_ID>SRVENG_SESSION_COUNT</KPI_ID><KPI_NAME>Number of Executed or Planned Service Sessions</KPI_NAME><KPI_VALUE>0</KPI_VALUE></item></KPIS><MANAGED_SYSTEMS /></item><item><SCENARIO_ID>SRVENG</SCENARIO_ID><SCENARIO_NAME>SAP Engagement and Service Delivery</SCENARIO_NAME><CAPABILITY_ID>SRVENG_TOP_ISSUES</CAPABILITY_ID><CAPABILITY_NAME>Top Issues</CAPABILITY_NAME><CAPABILITY_USED>N</CAPABILITY_USED><CHECK_STATUS>OK</CHECK_STATUS><INFO_MSG /><KPIS><item><KPI_ID>SRVENG_TISSUES_COUNT</KPI_ID><KPI_NAME>Number of created Top Issues</KPI_NAME><KPI_VALUE>0</KPI_VALUE></item></KPIS><MANAGED_SYSTEMS /></item><item><SCENARIO_ID>SRVENG</SCENARIO_ID><SCENARIO_NAME>SAP Engagement and Service Delivery</SCENARIO_NAME><CAPABILITY_ID>SRVENG_ISSUES</CAPABILITY_ID><CAPABILITY_NAME>Issues</CAPABILITY_NAME><CAPABILITY_USED>N</CAPABILITY_USED><CHECK_STATUS>OK</CHECK_STATUS><INFO_MSG /><KPIS><item><KPI_ID>SRVENG_ISSUES_COUNT</KPI_ID><KPI_NAME>Number of created Issues</KPI_NAME><KPI_VALUE>0</KPI_VALUE></item></KPIS><MANAGED_SYSTEMS /></item><item><SCENARIO_ID>SRVENG</SCENARIO_ID><SCENARIO_NAME>SAP Engagement and Service Delivery</SCENARIO_NAME><CAPABILITY_ID>SRVENG_TASKS</CAPABILITY_ID><CAPABILITY_NAME>Tasks</CAPABILITY_NAME><CAPABILITY_USED>N</CAPABILITY_USED><CHECK_STATUS>OK</CHECK_STATUS><INFO_MSG /><KPIS><item><KPI_ID>SRVENG_TASK_COUNT</KPI_ID><KPI_NAME>Number of created Tasks</KPI_NAME><KPI_VALUE>0</KPI_VALUE></item></KPIS><MANAGED_SYSTEMS /></item><item><SCENARIO_ID>SRVAUT</SCENARIO_ID><SCENARIO_NAME>Automated and Self Services</SCENARIO_NAME><CAPABILITY_ID>SRVAUT_EWA</CAPABILITY_ID><CAPABILITY_NAME>SAP EarlyWatch Alert</CAPABILITY_NAME><CAPABILITY_USED>Y</CAPABILITY_USED><CHECK_STATUS>OK</CHECK_STATUS><INFO_MSG /><KPIS><item><KPI_ID>SRVAUT_EWA_SYS</KPI_ID><KPI_NAME>Number of technical systems with EarlyWatch Alert</KPI_NAME><KPI_VALUE>8</KPI_VALUE></item></KPIS><MANAGED_SYSTEMS /></item><item><SCENARIO_ID>SRVAUT</SCENARIO_ID><SCENARIO_NAME>Automated and Self Services</SCENARIO_NAME><CAPABILITY_ID>SRVAUT_DVM</CAPABILITY_ID><CAPABILITY_NAME>Data Volume Management</CAPABILITY_NAME><CAPABILITY_USED>Y</CAPABILITY_USED><CHECK_STATUS>OK</CHECK_STATUS><INFO_MSG /><KPIS /><MANAGED_SYSTEMS /></item><item><SCENARIO_ID>SRVAUT</SCENARIO_ID><SCENARIO_NAME>Automated and Self Services</SCENARIO_NAME><CAPABILITY_ID>SRVAUT_SELF</CAPABILITY_ID><CAPABILITY_NAME>Self-Services</CAPABILITY_NAME><CAPABILITY_USED>Y</CAPABILITY_USED><CHECK_STATUS>OK</CHECK_STATUS><INFO_MSG /><KPIS><item><KPI_ID>SRVAUT_SELF_COUNT</KPI_ID><KPI_NAME>Number of Executed or Planned Self-Service Sessions</KPI_NAME><KPI_VALUE>3</KPI_VALUE></item></KPIS><MANAGED_SYSTEMS /></item><item><SCENARIO_ID>SRVSUP</SCENARIO_ID><SCENARIO_NAME>Remote Service Delivery for SAP Support</SCENARIO_NAME><CAPABILITY_ID>SRVSUP_SLR</CAPABILITY_ID><CAPABILITY_NAME>Service Level Report</CAPABILITY_NAME><CAPABILITY_USED>N</CAPABILITY_USED><CHECK_STATUS>OK</CHECK_STATUS><INFO_MSG /><KPIS><item><KPI_ID>SRVSUP_SLR_COUNT</KPI_ID><KPI_NAME>Number of created or planned Service Level Reports</KPI_NAME><KPI_VALUE>0</KPI_VALUE></item></KPIS><MANAGED_SYSTEMS /></item><item><SCENARIO_ID>SRVSUP</SCENARIO_ID><SCENARIO_NAME>Remote Service Delivery for SAP Support</SCENARIO_NAME><CAPABILITY_ID>SRVSUP_SAP_INT</CAPABILITY_ID><CAPABILITY_NAME>SAP Service Delivery integration</CAPABILITY_NAME><CAPABILITY_USED>Y</CAPABILITY_USED><CHECK_STATUS>OK</CHECK_STATUS><INFO_MSG /><KPIS><item><KPI_ID>SRVSUP_SRVINT</KPI_ID><KPI_NAME>Number of technical systems sending data to SAP</KPI_NAME><KPI_VALUE>1</KPI_VALUE></item></KPIS><MANAGED_SYSTEMS /></item><item><SCENARIO_ID>ADMLMG</SCENARIO_ID><SCENARIO_NAME>Landscape Management</SCENARIO_NAME><CAPABILITY_ID>ADMLMG_LMDB</CAPABILITY_ID><CAPABILITY_NAME>Landscape Management</CAPABILITY_NAME><CAPABILITY_USED>Y</CAPABILITY_USED><CHECK_STATUS>OK</CHECK_STATUS><INFO_MSG /><KPIS><item><KPI_ID>ADMLMG_SYSTEMS</KPI_ID><KPI_NAME>Number of maintained Technical Systems</KPI_NAME><KPI_VALUE>21</KPI_VALUE></item></KPIS><MANAGED_SYSTEMS /></item><item><SCENARIO_ID>ADMLMG</SCENARIO_ID><SCENARIO_NAME>Landscape Management</SCENARIO_NAME><CAPABILITY_ID>ADMLMG_LIC_DIS</CAPABILITY_ID><CAPABILITY_NAME>License Data Distribution</CAPABILITY_NAME><CAPABILITY_USED>Y</CAPABILITY_USED><CHECK_STATUS>OK</CHECK_STATUS><INFO_MSG /><KPIS><item><KPI_ID>ADMLMG_SYS_COUNT</KPI_ID><KPI_NAME>Number of active systems with license distribution</KPI_NAME><KPI_VALUE>1</KPI_VALUE></item></KPIS><MANAGED_SYSTEMS /></item><item><SCENARIO_ID>ADMLMG</SCENARIO_ID><SCENARIO_NAME>Landscape Management</SCENARIO_NAME><CAPABILITY_ID>ADMLMG_CUSTD</CAPABILITY_ID><CAPABILITY_NAME>Customizing Synchronization</CAPABILITY_NAME><CAPABILITY_USED>N</CAPABILITY_USED><CHECK_STATUS>OK</CHECK_STATUS><INFO_MSG /><KPIS><item><KPI_ID>ADMLMG_CUSTD_SCEN</KPI_ID><KPI_NAME>Number of active Customizing Distribution scenarios</KPI_NAME><KPI_VALUE>0</KPI_VALUE></item></KPIS><MANAGED_SYSTEMS /></item><item><SCENARIO_ID>ADMLMG</SCENARIO_ID><SCENARIO_NAME>Landscape Management</SCENARIO_NAME><CAPABILITY_ID>ADMLMG_SLD</CAPABILITY_ID><CAPABILITY_NAME>System Landscape Directory</CAPABILITY_NAME><CAPABILITY_USED>Y</CAPABILITY_USED><CHECK_STATUS>OK</CHECK_STATUS><INFO_MSG /><KPIS /><MANAGED_SYSTEMS /></item><item><SCENARIO_ID>ADMNON</SCENARIO_ID><SCENARIO_NAME>Non-SAP Solution Manager</SCENARIO_NAME><CAPABILITY_ID>ADMNON_LAW</CAPABILITY_ID><CAPABILITY_NAME>License Administration Workbench</CAPABILITY_NAME><CAPABILITY_USED>Y</CAPABILITY_USED><CHECK_STATUS>OK</CHECK_STATUS><INFO_MSG /><KPIS><item><KPI_ID>ADMNON_LAW_COUNT</KPI_ID><KPI_NAME>Number of Reports sent to SAP</KPI_NAME><KPI_VALUE>3</KPI_VALUE></item></KPIS><MANAGED_SYSTEMS /></item><item><SCENARIO_ID>ADMNON</SCENARIO_ID><SCENARIO_NAME>Non-SAP Solution Manager</SCENARIO_NAME><CAPABILITY_ID>ADMNON_CUA</CAPABILITY_ID><CAPABILITY_NAME>Central User Administration</CAPABILITY_NAME><CAPABILITY_USED>N</CAPABILITY_USED><CHECK_STATUS>OK</CHECK_STATUS><INFO_MSG /><KPIS><item><KPI_ID>ADMNON_CUA_CHILDS</KPI_ID><KPI_NAME>Number of child system in Central User Administration</KPI_NAME><KPI_VALUE>0</KPI_VALUE></item></KPIS><MANAGED_SYSTEMS /></item><item><SCENARIO_ID>ITSM</SCENARIO_ID><SCENARIO_NAME>IT Service Management</SCENARIO_NAME><CAPABILITY_ID>ITSM_CUST_ITSM</CAPABILITY_ID><CAPABILITY_NAME>Customer ITSM Solution</CAPABILITY_NAME><CAPABILITY_USED>Y</CAPABILITY_USED><CHECK_STATUS>OK</CHECK_STATUS><INFO_MSG /><KPIS><item><KPI_ID>ITSM_INC_COUNT</KPI_ID><KPI_NAME>Number of created Incidents</KPI_NAME><KPI_VALUE>11</KPI_VALUE></item><item><KPI_ID>ITSM_PROB_COUNT</KPI_ID><KPI_NAME>Number of created Problems</KPI_NAME><KPI_VALUE>0</KPI_VALUE></item><item><KPI_ID>ITSM_KBA_COUNT</KPI_ID><KPI_NAME>Number of created Knowledge Base Articles</KPI_NAME><KPI_VALUE>0</KPI_VALUE></item><item><KPI_ID>ITSM_SRV_REQ_COUNT</KPI_ID><KPI_NAME>Number of created Service Requests</KPI_NAME><KPI_VALUE>0</KPI_VALUE></item><item><KPI_ID>ITSM_SRV_ORD_COUNT</KPI_ID><KPI_NAME>Number of created Service Orders</KPI_NAME><KPI_VALUE>0</KPI_VALUE></item><item><KPI_ID>ITSM_3RD_COUNT</KPI_ID><KPI_NAME>Number of created 3rd Party Incidents</KPI_NAME><KPI_VALUE>0</KPI_VALUE></item></KPIS><MANAGED_SYSTEMS /></item><item><SCENARIO_ID>ITSM</SCENARIO_ID><SCENARIO_NAME>IT Service Management</SCENARIO_NAME><CAPABILITY_ID>ITSM_INT_SAP</CAPABILITY_ID><CAPABILITY_NAME>Integration into Support Backbone</CAPABILITY_NAME><CAPABILITY_USED>N</CAPABILITY_USED><CHECK_STATUS>OK</CHECK_STATUS><INFO_MSG /><KPIS /><MANAGED_SYSTEMS /></item><item><SCENARIO_ID>LANDMAINT</SCENARIO_ID><SCENARIO_NAME>Landscape Maintenance</SCENARIO_NAME><CAPABILITY_ID>LANDMAINT_SYSREC</CAPABILITY_ID><CAPABILITY_NAME>System Recomendations</CAPABILITY_NAME><CAPABILITY_USED>N</CAPABILITY_USED><CHECK_STATUS>OK</CHECK_STATUS><INFO_MSG /><KPIS /><MANAGED_SYSTEMS /></item></COLLECTORS><MESSAGES><item><TYPE>E</TYPE><TEXT>Could not get Instance for System V4H~ABAP</TEXT></item><item><TYPE>E</TYPE><TEXT>Could not get Instance for System V4H~ABAP</TEXT></item></MESSAGES></asx:values></asx:abap>