<?xml version="1.0" encoding="utf-8"?><?xml-stylesheet type="text/xsl" href="solman_charm.xsl"?><asx:abap version="1.0" xmlns:asx="http://www.sap.com/abapxml"><asx:values><CHECK_INFO><DESCRIPTION>Solution Manager Change Request Management extended Profile</DESCRIPTION><SYSTEM>A4H</SYSTEM><CLIENT>001</CLIENT><START_DATE>20250912183731</START_DATE><END_DATE>20250912183735</END_DATE></CHECK_INFO><COLLECTORS><item><CYCLE_ATC /><CYCLE_COUNT_CHANGES>4</CYCLE_COUNT_CHANGES><CYCLE_COUNT_RFC>5</CYCLE_COUNT_RFC><CYCLE_COUNT_TR>0</CYCLE_COUNT_TR><CYCLE_COUNT_TRACKS>1</CYCLE_COUNT_TRACKS><CYCLE_COUNT_TR_OWNERS>0</CYCLE_COUNT_TR_OWNERS><CYCLE_CUTOVER /><CYCLE_DESCRIPTION>S/4HANA landscape Re</CYCLE_DESCRIPTION><CYCLE_IS_FOCUSED_BUILD>X</CYCLE_IS_FOCUSED_BUILD><CYCLE_LAST_ATC /><CYCLE_LAST_CUTOVER /><CYCLE_LAST_REPACK /><CYCLE_LAST_RETROFIT /><CYCLE_LAST_XLD /><CYCLE_NO>8000011181</CYCLE_NO><CYCLE_REPACK /><CYCLE_RETROFIT /><CYCLE_SOLDOC_INT>X</CYCLE_SOLDOC_INT><CYCLE_TYPE>S1MR</CYCLE_TYPE><CYCLE_TYPE_DESCRIPTION>Release</CYCLE_TYPE_DESCRIPTION><CYCLE_XLD /><USAGE_CSOL>20241218</USAGE_CSOL><USAGE_DIGITAL_SIGN /><USAGE_DOWNGRADE_PROT /><USAGE_REFRESH_TEST_SYS /><USAGE_TEMPLATE_PROT /><SYSTEMS><item><SYSTEM_CLIENT>820</SYSTEM_CLIENT><SYSTEM_NAME>S4H</SYSTEM_NAME><SYSTEM_ORDER>0</SYSTEM_ORDER><SYSTEM_PRODUCT>ABAP PLATFORM 1909</SYSTEM_PRODUCT><SYSTEM_ROLE>Development System</SYSTEM_ROLE><SYSTEM_TYPE>ABAP</SYSTEM_TYPE><TRACK_ID>TR000018</TRACK_ID></item><item><SYSTEM_CLIENT>830</SYSTEM_CLIENT><SYSTEM_NAME>S4H</SYSTEM_NAME><SYSTEM_ORDER>1</SYSTEM_ORDER><SYSTEM_PRODUCT>ABAP PLATFORM 1909</SYSTEM_PRODUCT><SYSTEM_ROLE>Quality Assurance System</SYSTEM_ROLE><SYSTEM_TYPE>ABAP</SYSTEM_TYPE><TRACK_ID>TR000018</TRACK_ID></item><item><SYSTEM_CLIENT>803</SYSTEM_CLIENT><SYSTEM_NAME>S4H</SYSTEM_NAME><SYSTEM_ORDER>2</SYSTEM_ORDER><SYSTEM_PRODUCT>ABAP PLATFORM 1909</SYSTEM_PRODUCT><SYSTEM_ROLE>Pre-Production System</SYSTEM_ROLE><SYSTEM_TYPE>ABAP</SYSTEM_TYPE><TRACK_ID>TR000018</TRACK_ID></item><item><SYSTEM_CLIENT>804</SYSTEM_CLIENT><SYSTEM_NAME>S4H</SYSTEM_NAME><SYSTEM_ORDER>3</SYSTEM_ORDER><SYSTEM_PRODUCT>ABAP PLATFORM 1909</SYSTEM_PRODUCT><SYSTEM_ROLE>Production System</SYSTEM_ROLE><SYSTEM_TYPE>ABAP</SYSTEM_TYPE><TRACK_ID>TR000018</TRACK_ID></item></SYSTEMS><CHANGE_TRANSACTIONS><item><PROCESS_TYPE>S1CG</PROCESS_TYPE><PROCESS_TYPE_COUNT>3</PROCESS_TYPE_COUNT><PROCESS_TYPE_DESC>Work Item (GC)</PROCESS_TYPE_DESC></item><item><PROCESS_TYPE>S1TM</PROCESS_TYPE><PROCESS_TYPE_COUNT>1</PROCESS_TYPE_COUNT><PROCESS_TYPE_DESC>Focused Build Defect Correction</PROCESS_TYPE_DESC></item></CHANGE_TRANSACTIONS><CHREQ_TRANSACTIONS><item><PROCESS_TYPE>S1IT</PROCESS_TYPE><PROCESS_TYPE_COUNT>5</PROCESS_TYPE_COUNT><PROCESS_TYPE_DESC>Work Package</PROCESS_TYPE_DESC></item></CHREQ_TRANSACTIONS></item><item><CYCLE_ATC /><CYCLE_COUNT_CHANGES>10</CYCLE_COUNT_CHANGES><CYCLE_COUNT_RFC>4</CYCLE_COUNT_RFC><CYCLE_COUNT_TR>11</CYCLE_COUNT_TR><CYCLE_COUNT_TRACKS>1</CYCLE_COUNT_TRACKS><CYCLE_COUNT_TR_OWNERS>3</CYCLE_COUNT_TR_OWNERS><CYCLE_CUTOVER /><CYCLE_DESCRIPTION>S/4HANA landscape Re</CYCLE_DESCRIPTION><CYCLE_IS_FOCUSED_BUILD>X</CYCLE_IS_FOCUSED_BUILD><CYCLE_LAST_ATC /><CYCLE_LAST_CUTOVER /><CYCLE_LAST_REPACK /><CYCLE_LAST_RETROFIT /><CYCLE_LAST_XLD /><CYCLE_NO>8000011220</CYCLE_NO><CYCLE_REPACK /><CYCLE_RETROFIT /><CYCLE_SOLDOC_INT>X</CYCLE_SOLDOC_INT><CYCLE_TYPE>S1MR</CYCLE_TYPE><CYCLE_TYPE_DESCRIPTION>Release</CYCLE_TYPE_DESCRIPTION><CYCLE_XLD /><USAGE_CSOL>20241218</USAGE_CSOL><USAGE_DIGITAL_SIGN /><USAGE_DOWNGRADE_PROT /><USAGE_REFRESH_TEST_SYS /><USAGE_TEMPLATE_PROT /><SYSTEMS><item><SYSTEM_CLIENT>820</SYSTEM_CLIENT><SYSTEM_NAME>S4H</SYSTEM_NAME><SYSTEM_ORDER>0</SYSTEM_ORDER><SYSTEM_PRODUCT>ABAP PLATFORM 1909</SYSTEM_PRODUCT><SYSTEM_ROLE>Development System</SYSTEM_ROLE><SYSTEM_TYPE>ABAP</SYSTEM_TYPE><TRACK_ID>TR000018</TRACK_ID></item><item><SYSTEM_CLIENT>830</SYSTEM_CLIENT><SYSTEM_NAME>S4H</SYSTEM_NAME><SYSTEM_ORDER>1</SYSTEM_ORDER><SYSTEM_PRODUCT>ABAP PLATFORM 1909</SYSTEM_PRODUCT><SYSTEM_ROLE>Quality Assurance System</SYSTEM_ROLE><SYSTEM_TYPE>ABAP</SYSTEM_TYPE><TRACK_ID>TR000018</TRACK_ID></item><item><SYSTEM_CLIENT>803</SYSTEM_CLIENT><SYSTEM_NAME>S4H</SYSTEM_NAME><SYSTEM_ORDER>2</SYSTEM_ORDER><SYSTEM_PRODUCT>ABAP PLATFORM 1909</SYSTEM_PRODUCT><SYSTEM_ROLE>Pre-Production System</SYSTEM_ROLE><SYSTEM_TYPE>ABAP</SYSTEM_TYPE><TRACK_ID>TR000018</TRACK_ID></item><item><SYSTEM_CLIENT>804</SYSTEM_CLIENT><SYSTEM_NAME>S4H</SYSTEM_NAME><SYSTEM_ORDER>3</SYSTEM_ORDER><SYSTEM_PRODUCT>ABAP PLATFORM 1909</SYSTEM_PRODUCT><SYSTEM_ROLE>Production System</SYSTEM_ROLE><SYSTEM_TYPE>ABAP</SYSTEM_TYPE><TRACK_ID>TR000018</TRACK_ID></item></SYSTEMS><CHANGE_TRANSACTIONS><item><PROCESS_TYPE>S1MJ</PROCESS_TYPE><PROCESS_TYPE_COUNT>4</PROCESS_TYPE_COUNT><PROCESS_TYPE_DESC>Work Item (NC)</PROCESS_TYPE_DESC></item><item><PROCESS_TYPE>S1TM</PROCESS_TYPE><PROCESS_TYPE_COUNT>4</PROCESS_TYPE_COUNT><PROCESS_TYPE_DESC>Focused Build Defect Correction</PROCESS_TYPE_DESC></item><item><PROCESS_TYPE>SMAD</PROCESS_TYPE><PROCESS_TYPE_COUNT>2</PROCESS_TYPE_COUNT><PROCESS_TYPE_DESC>Administrative Change without TMS</PROCESS_TYPE_DESC></item></CHANGE_TRANSACTIONS><CHREQ_TRANSACTIONS><item><PROCESS_TYPE>S1IT</PROCESS_TYPE><PROCESS_TYPE_COUNT>4</PROCESS_TYPE_COUNT><PROCESS_TYPE_DESC>Work Package</PROCESS_TYPE_DESC></item></CHREQ_TRANSACTIONS></item><item><CYCLE_ATC /><CYCLE_COUNT_CHANGES>1</CYCLE_COUNT_CHANGES><CYCLE_COUNT_RFC>1</CYCLE_COUNT_RFC><CYCLE_COUNT_TR>0</CYCLE_COUNT_TR><CYCLE_COUNT_TRACKS>1</CYCLE_COUNT_TRACKS><CYCLE_COUNT_TR_OWNERS>0</CYCLE_COUNT_TR_OWNERS><CYCLE_CUTOVER /><CYCLE_DESCRIPTION>S/4HANA landscape Re</CYCLE_DESCRIPTION><CYCLE_IS_FOCUSED_BUILD>X</CYCLE_IS_FOCUSED_BUILD><CYCLE_LAST_ATC /><CYCLE_LAST_CUTOVER /><CYCLE_LAST_REPACK /><CYCLE_LAST_RETROFIT /><CYCLE_LAST_XLD /><CYCLE_NO>8000011180</CYCLE_NO><CYCLE_REPACK /><CYCLE_RETROFIT /><CYCLE_SOLDOC_INT /><CYCLE_TYPE>S1MR</CYCLE_TYPE><CYCLE_TYPE_DESCRIPTION>Release</CYCLE_TYPE_DESCRIPTION><CYCLE_XLD /><USAGE_CSOL>20241218</USAGE_CSOL><USAGE_DIGITAL_SIGN /><USAGE_DOWNGRADE_PROT /><USAGE_REFRESH_TEST_SYS /><USAGE_TEMPLATE_PROT /><SYSTEMS><item><SYSTEM_CLIENT>820</SYSTEM_CLIENT><SYSTEM_NAME>S4H</SYSTEM_NAME><SYSTEM_ORDER>0</SYSTEM_ORDER><SYSTEM_PRODUCT>ABAP PLATFORM 1909</SYSTEM_PRODUCT><SYSTEM_ROLE>Development System</SYSTEM_ROLE><SYSTEM_TYPE>ABAP</SYSTEM_TYPE><TRACK_ID>TR000018</TRACK_ID></item><item><SYSTEM_CLIENT>830</SYSTEM_CLIENT><SYSTEM_NAME>S4H</SYSTEM_NAME><SYSTEM_ORDER>1</SYSTEM_ORDER><SYSTEM_PRODUCT>ABAP PLATFORM 1909</SYSTEM_PRODUCT><SYSTEM_ROLE>Quality Assurance System</SYSTEM_ROLE><SYSTEM_TYPE>ABAP</SYSTEM_TYPE><TRACK_ID>TR000018</TRACK_ID></item><item><SYSTEM_CLIENT>803</SYSTEM_CLIENT><SYSTEM_NAME>S4H</SYSTEM_NAME><SYSTEM_ORDER>2</SYSTEM_ORDER><SYSTEM_PRODUCT>ABAP PLATFORM 1909</SYSTEM_PRODUCT><SYSTEM_ROLE>Pre-Production System</SYSTEM_ROLE><SYSTEM_TYPE>ABAP</SYSTEM_TYPE><TRACK_ID>TR000018</TRACK_ID></item><item><SYSTEM_CLIENT>804</SYSTEM_CLIENT><SYSTEM_NAME>S4H</SYSTEM_NAME><SYSTEM_ORDER>3</SYSTEM_ORDER><SYSTEM_PRODUCT>ABAP PLATFORM 1909</SYSTEM_PRODUCT><SYSTEM_ROLE>Production System</SYSTEM_ROLE><SYSTEM_TYPE>ABAP</SYSTEM_TYPE><TRACK_ID>TR000018</TRACK_ID></item></SYSTEMS><CHANGE_TRANSACTIONS><item><PROCESS_TYPE>S1HF</PROCESS_TYPE><PROCESS_TYPE_COUNT>1</PROCESS_TYPE_COUNT><PROCESS_TYPE_DESC>Focused Build Urgent Change</PROCESS_TYPE_DESC></item></CHANGE_TRANSACTIONS><CHREQ_TRANSACTIONS><item><PROCESS_TYPE>S1CR</PROCESS_TYPE><PROCESS_TYPE_COUNT>1</PROCESS_TYPE_COUNT><PROCESS_TYPE_DESC>Focused Build Request for Change</PROCESS_TYPE_DESC></item></CHREQ_TRANSACTIONS></item><item><CYCLE_ATC /><CYCLE_COUNT_CHANGES>1</CYCLE_COUNT_CHANGES><CYCLE_COUNT_RFC>1</CYCLE_COUNT_RFC><CYCLE_COUNT_TR>1</CYCLE_COUNT_TR><CYCLE_COUNT_TRACKS>1</CYCLE_COUNT_TRACKS><CYCLE_COUNT_TR_OWNERS>1</CYCLE_COUNT_TR_OWNERS><CYCLE_CUTOVER /><CYCLE_DESCRIPTION>Maintenance Release</CYCLE_DESCRIPTION><CYCLE_IS_FOCUSED_BUILD /><CYCLE_LAST_ATC /><CYCLE_LAST_CUTOVER /><CYCLE_LAST_REPACK /><CYCLE_LAST_RETROFIT /><CYCLE_LAST_XLD /><CYCLE_NO>8000011255</CYCLE_NO><CYCLE_REPACK /><CYCLE_RETROFIT /><CYCLE_SOLDOC_INT /><CYCLE_TYPE>SMAI</CYCLE_TYPE><CYCLE_TYPE_DESCRIPTION>Continual Cycle</CYCLE_TYPE_DESCRIPTION><CYCLE_XLD /><USAGE_CSOL>20241218</USAGE_CSOL><USAGE_DIGITAL_SIGN /><USAGE_DOWNGRADE_PROT /><USAGE_REFRESH_TEST_SYS /><USAGE_TEMPLATE_PROT /><SYSTEMS><item><SYSTEM_CLIENT>801</SYSTEM_CLIENT><SYSTEM_NAME>S4H</SYSTEM_NAME><SYSTEM_ORDER>0</SYSTEM_ORDER><SYSTEM_PRODUCT>ABAP PLATFORM 1909</SYSTEM_PRODUCT><SYSTEM_ROLE>Development System</SYSTEM_ROLE><SYSTEM_TYPE>ABAP</SYSTEM_TYPE><TRACK_ID>TR000019</TRACK_ID></item><item><SYSTEM_CLIENT>802</SYSTEM_CLIENT><SYSTEM_NAME>S4H</SYSTEM_NAME><SYSTEM_ORDER>1</SYSTEM_ORDER><SYSTEM_PRODUCT>ABAP PLATFORM 1909</SYSTEM_PRODUCT><SYSTEM_ROLE>Quality Assurance System</SYSTEM_ROLE><SYSTEM_TYPE>ABAP</SYSTEM_TYPE><TRACK_ID>TR000019</TRACK_ID></item><item><SYSTEM_CLIENT>803</SYSTEM_CLIENT><SYSTEM_NAME>S4H</SYSTEM_NAME><SYSTEM_ORDER>2</SYSTEM_ORDER><SYSTEM_PRODUCT>ABAP PLATFORM 1909</SYSTEM_PRODUCT><SYSTEM_ROLE>Pre-Production System</SYSTEM_ROLE><SYSTEM_TYPE>ABAP</SYSTEM_TYPE><TRACK_ID>TR000019</TRACK_ID></item><item><SYSTEM_CLIENT>804</SYSTEM_CLIENT><SYSTEM_NAME>S4H</SYSTEM_NAME><SYSTEM_ORDER>3</SYSTEM_ORDER><SYSTEM_PRODUCT>ABAP PLATFORM 1909</SYSTEM_PRODUCT><SYSTEM_ROLE>Production System</SYSTEM_ROLE><SYSTEM_TYPE>ABAP</SYSTEM_TYPE><TRACK_ID>TR000019</TRACK_ID></item></SYSTEMS><CHANGE_TRANSACTIONS><item><PROCESS_TYPE>SMHF</PROCESS_TYPE><PROCESS_TYPE_COUNT>1</PROCESS_TYPE_COUNT><PROCESS_TYPE_DESC>Urgent Change with TMS</PROCESS_TYPE_DESC></item></CHANGE_TRANSACTIONS><CHREQ_TRANSACTIONS><item><PROCESS_TYPE>SMCR</PROCESS_TYPE><PROCESS_TYPE_COUNT>1</PROCESS_TYPE_COUNT><PROCESS_TYPE_DESC>Request for Change</PROCESS_TYPE_DESC></item></CHREQ_TRANSACTIONS></item><item><CYCLE_ATC /><CYCLE_COUNT_CHANGES>5</CYCLE_COUNT_CHANGES><CYCLE_COUNT_RFC>4</CYCLE_COUNT_RFC><CYCLE_COUNT_TR>3</CYCLE_COUNT_TR><CYCLE_COUNT_TRACKS>1</CYCLE_COUNT_TRACKS><CYCLE_COUNT_TR_OWNERS>1</CYCLE_COUNT_TR_OWNERS><CYCLE_CUTOVER /><CYCLE_DESCRIPTION>Maintenance HANA Rel</CYCLE_DESCRIPTION><CYCLE_IS_FOCUSED_BUILD /><CYCLE_LAST_ATC /><CYCLE_LAST_CUTOVER /><CYCLE_LAST_REPACK /><CYCLE_LAST_RETROFIT /><CYCLE_LAST_XLD /><CYCLE_NO>8000011258</CYCLE_NO><CYCLE_REPACK /><CYCLE_RETROFIT /><CYCLE_SOLDOC_INT /><CYCLE_TYPE>SMIM</CYCLE_TYPE><CYCLE_TYPE_DESCRIPTION>Phase Cycle</CYCLE_TYPE_DESCRIPTION><CYCLE_XLD /><USAGE_CSOL>20241218</USAGE_CSOL><USAGE_DIGITAL_SIGN /><USAGE_DOWNGRADE_PROT /><USAGE_REFRESH_TEST_SYS /><USAGE_TEMPLATE_PROT /><SYSTEMS><item><SYSTEM_CLIENT>801</SYSTEM_CLIENT><SYSTEM_NAME>S4H</SYSTEM_NAME><SYSTEM_ORDER>0</SYSTEM_ORDER><SYSTEM_PRODUCT>ABAP PLATFORM 1909</SYSTEM_PRODUCT><SYSTEM_ROLE>Development System</SYSTEM_ROLE><SYSTEM_TYPE>ABAP</SYSTEM_TYPE><TRACK_ID>TR000020</TRACK_ID></item><item><SYSTEM_CLIENT>802</SYSTEM_CLIENT><SYSTEM_NAME>S4H</SYSTEM_NAME><SYSTEM_ORDER>1</SYSTEM_ORDER><SYSTEM_PRODUCT>ABAP PLATFORM 1909</SYSTEM_PRODUCT><SYSTEM_ROLE>Quality Assurance System</SYSTEM_ROLE><SYSTEM_TYPE>ABAP</SYSTEM_TYPE><TRACK_ID>TR000020</TRACK_ID></item><item><SYSTEM_CLIENT>803</SYSTEM_CLIENT><SYSTEM_NAME>S4H</SYSTEM_NAME><SYSTEM_ORDER>2</SYSTEM_ORDER><SYSTEM_PRODUCT>ABAP PLATFORM 1909</SYSTEM_PRODUCT><SYSTEM_ROLE>Pre-Production System</SYSTEM_ROLE><SYSTEM_TYPE>ABAP</SYSTEM_TYPE><TRACK_ID>TR000020</TRACK_ID></item><item><SYSTEM_CLIENT>804</SYSTEM_CLIENT><SYSTEM_NAME>S4H</SYSTEM_NAME><SYSTEM_ORDER>3</SYSTEM_ORDER><SYSTEM_PRODUCT>ABAP PLATFORM 1909</SYSTEM_PRODUCT><SYSTEM_ROLE>Production System</SYSTEM_ROLE><SYSTEM_TYPE>ABAP</SYSTEM_TYPE><TRACK_ID>TR000020</TRACK_ID></item></SYSTEMS><CHANGE_TRANSACTIONS><item><PROCESS_TYPE>SMHF</PROCESS_TYPE><PROCESS_TYPE_COUNT>3</PROCESS_TYPE_COUNT><PROCESS_TYPE_DESC>Urgent Change with TMS</PROCESS_TYPE_DESC></item><item><PROCESS_TYPE>SMMJ</PROCESS_TYPE><PROCESS_TYPE_COUNT>2</PROCESS_TYPE_COUNT><PROCESS_TYPE_DESC>Normal Change with TMS</PROCESS_TYPE_DESC></item></CHANGE_TRANSACTIONS><CHREQ_TRANSACTIONS><item><PROCESS_TYPE>SMCR</PROCESS_TYPE><PROCESS_TYPE_COUNT>4</PROCESS_TYPE_COUNT><PROCESS_TYPE_DESC>Request for Change</PROCESS_TYPE_DESC></item></CHREQ_TRANSACTIONS></item><item><CYCLE_ATC /><CYCLE_COUNT_CHANGES>0</CYCLE_COUNT_CHANGES><CYCLE_COUNT_RFC>0</CYCLE_COUNT_RFC><CYCLE_COUNT_TR>0</CYCLE_COUNT_TR><CYCLE_COUNT_TRACKS>1</CYCLE_COUNT_TRACKS><CYCLE_COUNT_TR_OWNERS>0</CYCLE_COUNT_TR_OWNERS><CYCLE_CUTOVER /><CYCLE_DESCRIPTION>HANA Landscape Maint</CYCLE_DESCRIPTION><CYCLE_IS_FOCUSED_BUILD /><CYCLE_LAST_ATC /><CYCLE_LAST_CUTOVER /><CYCLE_LAST_REPACK /><CYCLE_LAST_RETROFIT /><CYCLE_LAST_XLD /><CYCLE_NO>8000001251</CYCLE_NO><CYCLE_REPACK /><CYCLE_RETROFIT /><CYCLE_SOLDOC_INT /><CYCLE_TYPE>SMAI</CYCLE_TYPE><CYCLE_TYPE_DESCRIPTION>Continual Cycle</CYCLE_TYPE_DESCRIPTION><CYCLE_XLD /><USAGE_CSOL>20241218</USAGE_CSOL><USAGE_DIGITAL_SIGN /><USAGE_DOWNGRADE_PROT /><USAGE_REFRESH_TEST_SYS /><USAGE_TEMPLATE_PROT /><SYSTEMS><item><SYSTEM_CLIENT>801</SYSTEM_CLIENT><SYSTEM_NAME>S4H</SYSTEM_NAME><SYSTEM_ORDER>0</SYSTEM_ORDER><SYSTEM_PRODUCT>ABAP PLATFORM 1909</SYSTEM_PRODUCT><SYSTEM_ROLE>Development System</SYSTEM_ROLE><SYSTEM_TYPE>ABAP</SYSTEM_TYPE><TRACK_ID>TR000020</TRACK_ID></item><item><SYSTEM_CLIENT>802</SYSTEM_CLIENT><SYSTEM_NAME>S4H</SYSTEM_NAME><SYSTEM_ORDER>1</SYSTEM_ORDER><SYSTEM_PRODUCT>ABAP PLATFORM 1909</SYSTEM_PRODUCT><SYSTEM_ROLE>Quality Assurance System</SYSTEM_ROLE><SYSTEM_TYPE>ABAP</SYSTEM_TYPE><TRACK_ID>TR000020</TRACK_ID></item><item><SYSTEM_CLIENT>803</SYSTEM_CLIENT><SYSTEM_NAME>S4H</SYSTEM_NAME><SYSTEM_ORDER>2</SYSTEM_ORDER><SYSTEM_PRODUCT>ABAP PLATFORM 1909</SYSTEM_PRODUCT><SYSTEM_ROLE>Pre-Production System</SYSTEM_ROLE><SYSTEM_TYPE>ABAP</SYSTEM_TYPE><TRACK_ID>TR000020</TRACK_ID></item><item><SYSTEM_CLIENT>804</SYSTEM_CLIENT><SYSTEM_NAME>S4H</SYSTEM_NAME><SYSTEM_ORDER>3</SYSTEM_ORDER><SYSTEM_PRODUCT>ABAP PLATFORM 1909</SYSTEM_PRODUCT><SYSTEM_ROLE>Production System</SYSTEM_ROLE><SYSTEM_TYPE>ABAP</SYSTEM_TYPE><TRACK_ID>TR000020</TRACK_ID></item></SYSTEMS><CHANGE_TRANSACTIONS /><CHREQ_TRANSACTIONS /></item><item><CYCLE_ATC /><CYCLE_COUNT_CHANGES>0</CYCLE_COUNT_CHANGES><CYCLE_COUNT_RFC>0</CYCLE_COUNT_RFC><CYCLE_COUNT_TR>0</CYCLE_COUNT_TR><CYCLE_COUNT_TRACKS>0</CYCLE_COUNT_TRACKS><CYCLE_COUNT_TR_OWNERS>0</CYCLE_COUNT_TR_OWNERS><CYCLE_CUTOVER /><CYCLE_DESCRIPTION>sample Doc</CYCLE_DESCRIPTION><CYCLE_IS_FOCUSED_BUILD /><CYCLE_LAST_ATC /><CYCLE_LAST_CUTOVER /><CYCLE_LAST_REPACK /><CYCLE_LAST_RETROFIT /><CYCLE_LAST_XLD /><CYCLE_NO>8000024842</CYCLE_NO><CYCLE_REPACK /><CYCLE_RETROFIT /><CYCLE_SOLDOC_INT /><CYCLE_TYPE>SMIM</CYCLE_TYPE><CYCLE_TYPE_DESCRIPTION>Phase Cycle</CYCLE_TYPE_DESCRIPTION><CYCLE_XLD /><USAGE_CSOL>20241218</USAGE_CSOL><USAGE_DIGITAL_SIGN /><USAGE_DOWNGRADE_PROT /><USAGE_REFRESH_TEST_SYS /><USAGE_TEMPLATE_PROT /><SYSTEMS /><CHANGE_TRANSACTIONS /><CHREQ_TRANSACTIONS /></item><item><CYCLE_ATC /><CYCLE_COUNT_CHANGES>0</CYCLE_COUNT_CHANGES><CYCLE_COUNT_RFC>0</CYCLE_COUNT_RFC><CYCLE_COUNT_TR>0</CYCLE_COUNT_TR><CYCLE_COUNT_TRACKS>1</CYCLE_COUNT_TRACKS><CYCLE_COUNT_TR_OWNERS>0</CYCLE_COUNT_TR_OWNERS><CYCLE_CUTOVER /><CYCLE_DESCRIPTION>S/4HANA landscape UP</CYCLE_DESCRIPTION><CYCLE_IS_FOCUSED_BUILD>X</CYCLE_IS_FOCUSED_BUILD><CYCLE_LAST_ATC /><CYCLE_LAST_CUTOVER /><CYCLE_LAST_REPACK /><CYCLE_LAST_RETROFIT /><CYCLE_LAST_XLD /><CYCLE_NO>8000017004</CYCLE_NO><CYCLE_REPACK /><CYCLE_RETROFIT /><CYCLE_SOLDOC_INT /><CYCLE_TYPE>S1MR</CYCLE_TYPE><CYCLE_TYPE_DESCRIPTION>Release</CYCLE_TYPE_DESCRIPTION><CYCLE_XLD /><USAGE_CSOL>20241218</USAGE_CSOL><USAGE_DIGITAL_SIGN /><USAGE_DOWNGRADE_PROT /><USAGE_REFRESH_TEST_SYS /><USAGE_TEMPLATE_PROT /><SYSTEMS><item><SYSTEM_CLIENT>820</SYSTEM_CLIENT><SYSTEM_NAME>S4H</SYSTEM_NAME><SYSTEM_ORDER>0</SYSTEM_ORDER><SYSTEM_PRODUCT>ABAP PLATFORM 1909</SYSTEM_PRODUCT><SYSTEM_ROLE>Development System</SYSTEM_ROLE><SYSTEM_TYPE>ABAP</SYSTEM_TYPE><TRACK_ID>TR000022</TRACK_ID></item><item><SYSTEM_CLIENT>830</SYSTEM_CLIENT><SYSTEM_NAME>S4H</SYSTEM_NAME><SYSTEM_ORDER>1</SYSTEM_ORDER><SYSTEM_PRODUCT>ABAP PLATFORM 1909</SYSTEM_PRODUCT><SYSTEM_ROLE>Quality Assurance System</SYSTEM_ROLE><SYSTEM_TYPE>ABAP</SYSTEM_TYPE><TRACK_ID>TR000022</TRACK_ID></item><item><SYSTEM_CLIENT>803</SYSTEM_CLIENT><SYSTEM_NAME>S4H</SYSTEM_NAME><SYSTEM_ORDER>2</SYSTEM_ORDER><SYSTEM_PRODUCT>ABAP PLATFORM 1909</SYSTEM_PRODUCT><SYSTEM_ROLE>Pre-Production System</SYSTEM_ROLE><SYSTEM_TYPE>ABAP</SYSTEM_TYPE><TRACK_ID>TR000022</TRACK_ID></item><item><SYSTEM_CLIENT>804</SYSTEM_CLIENT><SYSTEM_NAME>S4H</SYSTEM_NAME><SYSTEM_ORDER>3</SYSTEM_ORDER><SYSTEM_PRODUCT>ABAP PLATFORM 1909</SYSTEM_PRODUCT><SYSTEM_ROLE>Production System</SYSTEM_ROLE><SYSTEM_TYPE>ABAP</SYSTEM_TYPE><TRACK_ID>TR000022</TRACK_ID></item></SYSTEMS><CHANGE_TRANSACTIONS /><CHREQ_TRANSACTIONS /></item><item><CYCLE_ATC /><CYCLE_COUNT_CHANGES>0</CYCLE_COUNT_CHANGES><CYCLE_COUNT_RFC>0</CYCLE_COUNT_RFC><CYCLE_COUNT_TR>0</CYCLE_COUNT_TR><CYCLE_COUNT_TRACKS>1</CYCLE_COUNT_TRACKS><CYCLE_COUNT_TR_OWNERS>0</CYCLE_COUNT_TR_OWNERS><CYCLE_CUTOVER /><CYCLE_DESCRIPTION>S/4HANA landscape UP</CYCLE_DESCRIPTION><CYCLE_IS_FOCUSED_BUILD>X</CYCLE_IS_FOCUSED_BUILD><CYCLE_LAST_ATC /><CYCLE_LAST_CUTOVER /><CYCLE_LAST_REPACK /><CYCLE_LAST_RETROFIT /><CYCLE_LAST_XLD /><CYCLE_NO>8000017006</CYCLE_NO><CYCLE_REPACK /><CYCLE_RETROFIT /><CYCLE_SOLDOC_INT /><CYCLE_TYPE>S1MR</CYCLE_TYPE><CYCLE_TYPE_DESCRIPTION>Release</CYCLE_TYPE_DESCRIPTION><CYCLE_XLD /><USAGE_CSOL>20241218</USAGE_CSOL><USAGE_DIGITAL_SIGN /><USAGE_DOWNGRADE_PROT /><USAGE_REFRESH_TEST_SYS /><USAGE_TEMPLATE_PROT /><SYSTEMS><item><SYSTEM_CLIENT>820</SYSTEM_CLIENT><SYSTEM_NAME>S4H</SYSTEM_NAME><SYSTEM_ORDER>0</SYSTEM_ORDER><SYSTEM_PRODUCT>ABAP PLATFORM 1909</SYSTEM_PRODUCT><SYSTEM_ROLE>Development System</SYSTEM_ROLE><SYSTEM_TYPE>ABAP</SYSTEM_TYPE><TRACK_ID>TR000022</TRACK_ID></item><item><SYSTEM_CLIENT>830</SYSTEM_CLIENT><SYSTEM_NAME>S4H</SYSTEM_NAME><SYSTEM_ORDER>1</SYSTEM_ORDER><SYSTEM_PRODUCT>ABAP PLATFORM 1909</SYSTEM_PRODUCT><SYSTEM_ROLE>Quality Assurance System</SYSTEM_ROLE><SYSTEM_TYPE>ABAP</SYSTEM_TYPE><TRACK_ID>TR000022</TRACK_ID></item><item><SYSTEM_CLIENT>803</SYSTEM_CLIENT><SYSTEM_NAME>S4H</SYSTEM_NAME><SYSTEM_ORDER>2</SYSTEM_ORDER><SYSTEM_PRODUCT>ABAP PLATFORM 1909</SYSTEM_PRODUCT><SYSTEM_ROLE>Pre-Production System</SYSTEM_ROLE><SYSTEM_TYPE>ABAP</SYSTEM_TYPE><TRACK_ID>TR000022</TRACK_ID></item><item><SYSTEM_CLIENT>804</SYSTEM_CLIENT><SYSTEM_NAME>S4H</SYSTEM_NAME><SYSTEM_ORDER>3</SYSTEM_ORDER><SYSTEM_PRODUCT>ABAP PLATFORM 1909</SYSTEM_PRODUCT><SYSTEM_ROLE>Production System</SYSTEM_ROLE><SYSTEM_TYPE>ABAP</SYSTEM_TYPE><TRACK_ID>TR000022</TRACK_ID></item></SYSTEMS><CHANGE_TRANSACTIONS /><CHREQ_TRANSACTIONS /></item><item><CYCLE_ATC /><CYCLE_COUNT_CHANGES>0</CYCLE_COUNT_CHANGES><CYCLE_COUNT_RFC>0</CYCLE_COUNT_RFC><CYCLE_COUNT_TR>0</CYCLE_COUNT_TR><CYCLE_COUNT_TRACKS>1</CYCLE_COUNT_TRACKS><CYCLE_COUNT_TR_OWNERS>0</CYCLE_COUNT_TR_OWNERS><CYCLE_CUTOVER /><CYCLE_DESCRIPTION>S/4HANA landscape UP</CYCLE_DESCRIPTION><CYCLE_IS_FOCUSED_BUILD>X</CYCLE_IS_FOCUSED_BUILD><CYCLE_LAST_ATC /><CYCLE_LAST_CUTOVER /><CYCLE_LAST_REPACK /><CYCLE_LAST_RETROFIT /><CYCLE_LAST_XLD /><CYCLE_NO>8000017005</CYCLE_NO><CYCLE_REPACK /><CYCLE_RETROFIT /><CYCLE_SOLDOC_INT /><CYCLE_TYPE>S1MR</CYCLE_TYPE><CYCLE_TYPE_DESCRIPTION>Release</CYCLE_TYPE_DESCRIPTION><CYCLE_XLD /><USAGE_CSOL>20241218</USAGE_CSOL><USAGE_DIGITAL_SIGN /><USAGE_DOWNGRADE_PROT /><USAGE_REFRESH_TEST_SYS /><USAGE_TEMPLATE_PROT /><SYSTEMS><item><SYSTEM_CLIENT>820</SYSTEM_CLIENT><SYSTEM_NAME>S4H</SYSTEM_NAME><SYSTEM_ORDER>0</SYSTEM_ORDER><SYSTEM_PRODUCT>ABAP PLATFORM 1909</SYSTEM_PRODUCT><SYSTEM_ROLE>Development System</SYSTEM_ROLE><SYSTEM_TYPE>ABAP</SYSTEM_TYPE><TRACK_ID>TR000022</TRACK_ID></item><item><SYSTEM_CLIENT>830</SYSTEM_CLIENT><SYSTEM_NAME>S4H</SYSTEM_NAME><SYSTEM_ORDER>1</SYSTEM_ORDER><SYSTEM_PRODUCT>ABAP PLATFORM 1909</SYSTEM_PRODUCT><SYSTEM_ROLE>Quality Assurance System</SYSTEM_ROLE><SYSTEM_TYPE>ABAP</SYSTEM_TYPE><TRACK_ID>TR000022</TRACK_ID></item><item><SYSTEM_CLIENT>803</SYSTEM_CLIENT><SYSTEM_NAME>S4H</SYSTEM_NAME><SYSTEM_ORDER>2</SYSTEM_ORDER><SYSTEM_PRODUCT>ABAP PLATFORM 1909</SYSTEM_PRODUCT><SYSTEM_ROLE>Pre-Production System</SYSTEM_ROLE><SYSTEM_TYPE>ABAP</SYSTEM_TYPE><TRACK_ID>TR000022</TRACK_ID></item><item><SYSTEM_CLIENT>804</SYSTEM_CLIENT><SYSTEM_NAME>S4H</SYSTEM_NAME><SYSTEM_ORDER>3</SYSTEM_ORDER><SYSTEM_PRODUCT>ABAP PLATFORM 1909</SYSTEM_PRODUCT><SYSTEM_ROLE>Production System</SYSTEM_ROLE><SYSTEM_TYPE>ABAP</SYSTEM_TYPE><TRACK_ID>TR000022</TRACK_ID></item></SYSTEMS><CHANGE_TRANSACTIONS /><CHREQ_TRANSACTIONS /></item><item><CYCLE_ATC /><CYCLE_COUNT_CHANGES>1</CYCLE_COUNT_CHANGES><CYCLE_COUNT_RFC>1</CYCLE_COUNT_RFC><CYCLE_COUNT_TR>0</CYCLE_COUNT_TR><CYCLE_COUNT_TRACKS>1</CYCLE_COUNT_TRACKS><CYCLE_COUNT_TR_OWNERS>0</CYCLE_COUNT_TR_OWNERS><CYCLE_CUTOVER /><CYCLE_DESCRIPTION>Continual Cycle for</CYCLE_DESCRIPTION><CYCLE_IS_FOCUSED_BUILD>X</CYCLE_IS_FOCUSED_BUILD><CYCLE_LAST_ATC /><CYCLE_LAST_CUTOVER /><CYCLE_LAST_REPACK /><CYCLE_LAST_RETROFIT /><CYCLE_LAST_XLD /><CYCLE_NO>8000020141</CYCLE_NO><CYCLE_REPACK /><CYCLE_RETROFIT /><CYCLE_SOLDOC_INT /><CYCLE_TYPE>S1AI</CYCLE_TYPE><CYCLE_TYPE_DESCRIPTION>FB Continual Cycle</CYCLE_TYPE_DESCRIPTION><CYCLE_XLD /><USAGE_CSOL>20241218</USAGE_CSOL><USAGE_DIGITAL_SIGN /><USAGE_DOWNGRADE_PROT /><USAGE_REFRESH_TEST_SYS /><USAGE_TEMPLATE_PROT /><SYSTEMS><item><SYSTEM_CLIENT>801</SYSTEM_CLIENT><SYSTEM_NAME>S4H</SYSTEM_NAME><SYSTEM_ORDER>0</SYSTEM_ORDER><SYSTEM_PRODUCT>ABAP PLATFORM 1909</SYSTEM_PRODUCT><SYSTEM_ROLE>Development System</SYSTEM_ROLE><SYSTEM_TYPE>ABAP</SYSTEM_TYPE><TRACK_ID>TR000023</TRACK_ID></item><item><SYSTEM_CLIENT>802</SYSTEM_CLIENT><SYSTEM_NAME>S4H</SYSTEM_NAME><SYSTEM_ORDER>1</SYSTEM_ORDER><SYSTEM_PRODUCT>ABAP PLATFORM 1909</SYSTEM_PRODUCT><SYSTEM_ROLE>Quality Assurance System</SYSTEM_ROLE><SYSTEM_TYPE>ABAP</SYSTEM_TYPE><TRACK_ID>TR000023</TRACK_ID></item><item><SYSTEM_CLIENT>803</SYSTEM_CLIENT><SYSTEM_NAME>S4H</SYSTEM_NAME><SYSTEM_ORDER>2</SYSTEM_ORDER><SYSTEM_PRODUCT>ABAP PLATFORM 1909</SYSTEM_PRODUCT><SYSTEM_ROLE>Pre-Production System</SYSTEM_ROLE><SYSTEM_TYPE>ABAP</SYSTEM_TYPE><TRACK_ID>TR000023</TRACK_ID></item><item><SYSTEM_CLIENT>804</SYSTEM_CLIENT><SYSTEM_NAME>S4H</SYSTEM_NAME><SYSTEM_ORDER>3</SYSTEM_ORDER><SYSTEM_PRODUCT>ABAP PLATFORM 1909</SYSTEM_PRODUCT><SYSTEM_ROLE>Production System</SYSTEM_ROLE><SYSTEM_TYPE>ABAP</SYSTEM_TYPE><TRACK_ID>TR000023</TRACK_ID></item></SYSTEMS><CHANGE_TRANSACTIONS><item><PROCESS_TYPE>S1SG</PROCESS_TYPE><PROCESS_TYPE_COUNT>1</PROCESS_TYPE_COUNT><PROCESS_TYPE_DESC>Focused Build Standard Change</PROCESS_TYPE_DESC></item></CHANGE_TRANSACTIONS><CHREQ_TRANSACTIONS><item><PROCESS_TYPE>S1CR</PROCESS_TYPE><PROCESS_TYPE_COUNT>1</PROCESS_TYPE_COUNT><PROCESS_TYPE_DESC>Focused Build Request for Change</PROCESS_TYPE_DESC></item></CHREQ_TRANSACTIONS></item><item><CYCLE_ATC /><CYCLE_COUNT_CHANGES>6</CYCLE_COUNT_CHANGES><CYCLE_COUNT_RFC>27</CYCLE_COUNT_RFC><CYCLE_COUNT_TR>0</CYCLE_COUNT_TR><CYCLE_COUNT_TRACKS>1</CYCLE_COUNT_TRACKS><CYCLE_COUNT_TR_OWNERS>0</CYCLE_COUNT_TR_OWNERS><CYCLE_CUTOVER /><CYCLE_DESCRIPTION>S/4HANA landscape Re</CYCLE_DESCRIPTION><CYCLE_IS_FOCUSED_BUILD>X</CYCLE_IS_FOCUSED_BUILD><CYCLE_LAST_ATC /><CYCLE_LAST_CUTOVER /><CYCLE_LAST_REPACK /><CYCLE_LAST_RETROFIT /><CYCLE_LAST_XLD /><CYCLE_NO>8000016950</CYCLE_NO><CYCLE_REPACK /><CYCLE_RETROFIT /><CYCLE_SOLDOC_INT>X</CYCLE_SOLDOC_INT><CYCLE_TYPE>S1MR</CYCLE_TYPE><CYCLE_TYPE_DESCRIPTION>Release</CYCLE_TYPE_DESCRIPTION><CYCLE_XLD /><USAGE_CSOL>20241218</USAGE_CSOL><USAGE_DIGITAL_SIGN /><USAGE_DOWNGRADE_PROT /><USAGE_REFRESH_TEST_SYS /><USAGE_TEMPLATE_PROT /><SYSTEMS><item><SYSTEM_CLIENT>820</SYSTEM_CLIENT><SYSTEM_NAME>S4H</SYSTEM_NAME><SYSTEM_ORDER>0</SYSTEM_ORDER><SYSTEM_PRODUCT>ABAP PLATFORM 1909</SYSTEM_PRODUCT><SYSTEM_ROLE>Development System</SYSTEM_ROLE><SYSTEM_TYPE>ABAP</SYSTEM_TYPE><TRACK_ID>TR000018</TRACK_ID></item><item><SYSTEM_CLIENT>830</SYSTEM_CLIENT><SYSTEM_NAME>S4H</SYSTEM_NAME><SYSTEM_ORDER>1</SYSTEM_ORDER><SYSTEM_PRODUCT>ABAP PLATFORM 1909</SYSTEM_PRODUCT><SYSTEM_ROLE>Quality Assurance System</SYSTEM_ROLE><SYSTEM_TYPE>ABAP</SYSTEM_TYPE><TRACK_ID>TR000018</TRACK_ID></item><item><SYSTEM_CLIENT>803</SYSTEM_CLIENT><SYSTEM_NAME>S4H</SYSTEM_NAME><SYSTEM_ORDER>2</SYSTEM_ORDER><SYSTEM_PRODUCT>ABAP PLATFORM 1909</SYSTEM_PRODUCT><SYSTEM_ROLE>Pre-Production System</SYSTEM_ROLE><SYSTEM_TYPE>ABAP</SYSTEM_TYPE><TRACK_ID>TR000018</TRACK_ID></item><item><SYSTEM_CLIENT>804</SYSTEM_CLIENT><SYSTEM_NAME>S4H</SYSTEM_NAME><SYSTEM_ORDER>3</SYSTEM_ORDER><SYSTEM_PRODUCT>ABAP PLATFORM 1909</SYSTEM_PRODUCT><SYSTEM_ROLE>Production System</SYSTEM_ROLE><SYSTEM_TYPE>ABAP</SYSTEM_TYPE><TRACK_ID>TR000018</TRACK_ID></item></SYSTEMS><CHANGE_TRANSACTIONS><item><PROCESS_TYPE>S1MJ</PROCESS_TYPE><PROCESS_TYPE_COUNT>6</PROCESS_TYPE_COUNT><PROCESS_TYPE_DESC>Work Item (NC)</PROCESS_TYPE_DESC></item></CHANGE_TRANSACTIONS><CHREQ_TRANSACTIONS><item><PROCESS_TYPE>S1IT</PROCESS_TYPE><PROCESS_TYPE_COUNT>27</PROCESS_TYPE_COUNT><PROCESS_TYPE_DESC>Work Package</PROCESS_TYPE_DESC></item></CHREQ_TRANSACTIONS></item><item><CYCLE_ATC /><CYCLE_COUNT_CHANGES>3</CYCLE_COUNT_CHANGES><CYCLE_COUNT_RFC>0</CYCLE_COUNT_RFC><CYCLE_COUNT_TR>2</CYCLE_COUNT_TR><CYCLE_COUNT_TRACKS>1</CYCLE_COUNT_TRACKS><CYCLE_COUNT_TR_OWNERS>1</CYCLE_COUNT_TR_OWNERS><CYCLE_CUTOVER /><CYCLE_DESCRIPTION>Improvement HANA Rel</CYCLE_DESCRIPTION><CYCLE_IS_FOCUSED_BUILD /><CYCLE_LAST_ATC /><CYCLE_LAST_CUTOVER /><CYCLE_LAST_REPACK /><CYCLE_LAST_RETROFIT /><CYCLE_LAST_XLD /><CYCLE_NO>8000011259</CYCLE_NO><CYCLE_REPACK /><CYCLE_RETROFIT /><CYCLE_SOLDOC_INT /><CYCLE_TYPE>SMIM</CYCLE_TYPE><CYCLE_TYPE_DESCRIPTION>Phase Cycle</CYCLE_TYPE_DESCRIPTION><CYCLE_XLD /><USAGE_CSOL>20241218</USAGE_CSOL><USAGE_DIGITAL_SIGN /><USAGE_DOWNGRADE_PROT /><USAGE_REFRESH_TEST_SYS /><USAGE_TEMPLATE_PROT /><SYSTEMS><item><SYSTEM_CLIENT>820</SYSTEM_CLIENT><SYSTEM_NAME>S4H</SYSTEM_NAME><SYSTEM_ORDER>0</SYSTEM_ORDER><SYSTEM_PRODUCT>ABAP PLATFORM 1909</SYSTEM_PRODUCT><SYSTEM_ROLE>Development System</SYSTEM_ROLE><SYSTEM_TYPE>ABAP</SYSTEM_TYPE><TRACK_ID>TR000021</TRACK_ID></item><item><SYSTEM_CLIENT>830</SYSTEM_CLIENT><SYSTEM_NAME>S4H</SYSTEM_NAME><SYSTEM_ORDER>1</SYSTEM_ORDER><SYSTEM_PRODUCT>ABAP PLATFORM 1909</SYSTEM_PRODUCT><SYSTEM_ROLE>Quality Assurance System</SYSTEM_ROLE><SYSTEM_TYPE>ABAP</SYSTEM_TYPE><TRACK_ID>TR000021</TRACK_ID></item><item><SYSTEM_CLIENT>803</SYSTEM_CLIENT><SYSTEM_NAME>S4H</SYSTEM_NAME><SYSTEM_ORDER>2</SYSTEM_ORDER><SYSTEM_PRODUCT>ABAP PLATFORM 1909</SYSTEM_PRODUCT><SYSTEM_ROLE>Pre-Production System</SYSTEM_ROLE><SYSTEM_TYPE>ABAP</SYSTEM_TYPE><TRACK_ID>TR000021</TRACK_ID></item><item><SYSTEM_CLIENT>804</SYSTEM_CLIENT><SYSTEM_NAME>S4H</SYSTEM_NAME><SYSTEM_ORDER>3</SYSTEM_ORDER><SYSTEM_PRODUCT>ABAP PLATFORM 1909</SYSTEM_PRODUCT><SYSTEM_ROLE>Production System</SYSTEM_ROLE><SYSTEM_TYPE>ABAP</SYSTEM_TYPE><TRACK_ID>TR000021</TRACK_ID></item></SYSTEMS><CHANGE_TRANSACTIONS><item><PROCESS_TYPE>SMAD</PROCESS_TYPE><PROCESS_TYPE_COUNT>1</PROCESS_TYPE_COUNT><PROCESS_TYPE_DESC>Administrative Change without TMS</PROCESS_TYPE_DESC></item><item><PROCESS_TYPE>ZMAD</PROCESS_TYPE><PROCESS_TYPE_COUNT>1</PROCESS_TYPE_COUNT><PROCESS_TYPE_DESC>Z Admin Change</PROCESS_TYPE_DESC></item><item><PROCESS_TYPE>ZMHF</PROCESS_TYPE><PROCESS_TYPE_COUNT>1</PROCESS_TYPE_COUNT><PROCESS_TYPE_DESC>Z Urgent Change</PROCESS_TYPE_DESC></item></CHANGE_TRANSACTIONS><CHREQ_TRANSACTIONS /></item></COLLECTORS><MESSAGES /></asx:values></asx:abap>